scrape_timestamp,source_url,cruise_url,cruise_id,cruise_name,nights,ship_name,ship_code,departure,destination_code,visiting_ports,sailing_id,sailing_date,room_type,price
2025-11-22T22:09:05.857590,"https://www.royalcaribbean.com/gbr/en/cruises?search=departurePort:BCN,BYE,FLL,LAX,MIA,ROM,SIN,YOK|nights:6~8,9~11,gte12|ship:AL,AN,HM,IC,LE,OA,OV,OY,QN,ST,SY,UT,WN&country=IRL&market=gbr&language=en",https://www.royalcaribbean.com/gbr/en/cruises/itinerary/7-night-eastern-caribbean-perfect-day-from-miami-on-icon/IC07MIA-2623281014?sail-date=2026-09-19&currency=EUR&country=IRL,IC07MIA-2623281014,Eastern Caribbean & Perfect Day,7,Icon of the Seas,IC,"Miami, Florida",MIA,"Miami, Florida - Philipsburg, St Maarten - Charlotte Amalie, St Thomas - Perfect Day at CocoCay, Bahamas - Miami, Florida",IC07MIA-2623281014-2026-09-19,2026-09-19,Interior,1219
2025-11-22T22:09:05.857590,"https://www.royalcaribbean.com/gbr/en/cruises?search=departurePort:BCN,BYE,FLL,LAX,MIA,ROM,SIN,YOK|nights:6~8,9~11,gte12|ship:AL,AN,HM,IC,LE,OA,OV,OY,QN,ST,SY,UT,WN&country=IRL&market=gbr&language=en",https://www.royalcaribbean.com/gbr/en/cruises/itinerary/7-night-eastern-caribbean-perfect-day-from-miami-on-icon/IC07MIA-2623281014?sail-date=2026-09-19&currency=EUR&country=IRL,IC07MIA-2623281014,Eastern Caribbean & Perfect Day,7,Icon of the Seas,IC,"Miami, Florida",MIA,"Miami, Florida - Philipsburg, St Maarten - Charlotte Amalie, St Thomas - Perfect Day at CocoCay, Bahamas - Miami, Florida",IC07MIA-2623281014-2026-09-19,2026-09-19,Ocean View,1314
2025-11-22T22:09:05.857590,"https://www.royalcaribbean.com/gbr/en/cruises?search=departurePort:BCN,BYE,FLL,LAX,MIA,ROM,SIN,YOK|nights:6~8,9~11,gte12|ship:AL,AN,HM,IC,LE,OA,OV,OY,QN,ST,SY,UT,WN&country=IRL&market=gbr&language=en",https://www.royalcaribbean.com/gbr/en/cruises/itinerary/7-night-eastern-caribbean-perfect-day-from-miami-on-icon/IC07MIA-2623281014?sail-date=2026-09-19&currency=EUR&country=IRL,IC07MIA-2623281014,Eastern Caribbean & Perfect Day,7,Icon of the Seas,IC,"Miami, Florida",MIA,"Miami, Florida - Philipsburg, St Maarten - Charlotte Amalie, St Thomas - Perfect Day at CocoCay, Bahamas - Miami, Florida",IC07MIA-2623281014-2026-09-19,2026-09-19,Balcony,1539
2025-11-22T22:09:05.857590,"https://www.royalcaribbean.com/gbr/en/cruises?search=departurePort:BCN,BYE,FLL,LAX,MIA,ROM,SIN,YOK|nights:6~8,9~11,gte12|ship:AL,AN,HM,IC,LE,OA,OV,OY,QN,ST,SY,UT,WN&country=IRL&market=gbr&language=en",https://www.royalcaribbean.com/gbr/en/cruises/itinerary/7-night-eastern-caribbean-perfect-day-from-miami-on-icon/IC07MIA-2623281014?sail-date=2026-09-19&currency=EUR&country=IRL,IC07MIA-2623281014,Eastern Caribbean & Perfect Day,7,Icon of the Seas,IC,"Miami, Florida",MIA,"Miami, Florida - Philipsburg, St Maarten - Charlotte Amalie, St Thomas - Perfect Day at CocoCay, Bahamas - Miami, Florida",IC07MIA-2623281014-2026-09-19,2026-09-19,Suite Guarantee,2482
2025-11-22T22:09:05.857590,"https://www.royalcaribbean.com/gbr/en/cruises?search=departurePort:BCN,BYE,FLL,LAX,MIA,ROM,SIN,YOK|nights:6~8,9~11,gte12|ship:AL,AN,HM,IC,LE,OA,OV,OY,QN,ST,SY,UT,WN&country=IRL&market=gbr&language=en",https://www.royalcaribbean.com/gbr/en/cruises/itinerary/7-night-eastern-caribbean-perfect-day-from-miami-on-icon/IC07MIA-2623281014?sail-date=2026-09-19&currency=EUR&country=IRL,IC07MIA-2623281014,Eastern Caribbean & Perfect Day,7,Icon of the Seas,IC,"Miami, Florida",MIA,"Miami, Florida - Philipsburg, St Maarten - Charlotte Amalie, St Thomas - Perfect Day at CocoCay, Bahamas - Miami, Florida",IC07MIA-2623281014-2026-09-19,2026-09-19,Surfside Family Suite,2482
2025-11-22T22:09:05.857590,"https://www.royalcaribbean.com/gbr/en/cruises?search=departurePort:BCN,BYE,FLL,LAX,MIA,ROM,SIN,YOK|nights:6~8,9~11,gte12|ship:AL,AN,HM,IC,LE,OA,OV,OY,QN,ST,SY,UT,WN&country=IRL&market=gbr&language=en",https://www.royalcaribbean.com/gbr/en/cruises/itinerary/7-night-eastern-caribbean-perfect-day-from-miami-on-icon/IC07MIA-2623281014?sail-date=2026-09-19&currency=EUR&country=IRL,IC07MIA-2623281014,Eastern Caribbean & Perfect Day,7,Icon of the Seas,IC,"Miami, Florida",MIA,"Miami, Florida - Philipsburg, St Maarten - Charlotte Amalie, St Thomas - Perfect Day at CocoCay, Bahamas - Miami, Florida",IC07MIA-2623281014-2026-09-19,2026-09-19,Sky Junior Suite,2994
2025-11-22T22:09:05.857590,"https://www.royalcaribbean.com/gbr/en/cruises?search=departurePort:BCN,BYE,FLL,LAX,MIA,ROM,SIN,YOK|nights:6~8,9~11,gte12|ship:AL,AN,HM,IC,LE,OA,OV,OY,QN,ST,SY,UT,WN&country=IRL&market=gbr&language=en",https://www.royalcaribbean.com/gbr/en/cruises/itinerary/7-night-eastern-caribbean-perfect-day-from-miami-on-icon/IC07MIA-2623281014?sail-date=2026-09-19&currency=EUR&country=IRL,IC07MIA-2623281014,Eastern Caribbean & Perfect Day,7,Icon of the Seas,IC,"Miami, Florida",MIA,"Miami, Florida - Philipsburg, St Maarten - Charlotte Amalie, St Thomas - Perfect Day at CocoCay, Bahamas - Miami, Florida",IC07MIA-2623281014-2026-09-19,2026-09-19,Sunset Junior Suite,3335
2025-11-22T22:09:05.857590,"https://www.royalcaribbean.com/gbr/en/cruises?search=departurePort:BCN,BYE,FLL,LAX,MIA,ROM,SIN,YOK|nights:6~8,9~11,gte12|ship:AL,AN,HM,IC,LE,OA,OV,OY,QN,ST,SY,UT,WN&country=IRL&market=gbr&language=en",https://www.royalcaribbean.com/gbr/en/cruises/itinerary/7-night-eastern-caribbean-perfect-day-from-miami-on-icon/IC07MIA-2623281014?sail-date=2026-09-19&currency=EUR&country=IRL,IC07MIA-2623281014,Eastern Caribbean & Perfect Day,7,Icon of the Seas,IC,"Miami, Florida",MIA,"Miami, Florida - Philipsburg, St Maarten - Charlotte Amalie, St Thomas - Perfect Day at CocoCay, Bahamas - Miami, Florida",IC07MIA-2623281014-2026-09-19,2026-09-19,Grand Suite,4127
2025-11-22T22:09:05.857590,"https://www.royalcaribbean.com/gbr/en/cruises?search=departurePort:BCN,BYE,FLL,LAX,MIA,ROM,SIN,YOK|nights:6~8,9~11,gte12|ship:AL,AN,HM,IC,LE,OA,OV,OY,QN,ST,SY,UT,WN&country=IRL&market=gbr&language=en",https://www.royalcaribbean.com/gbr/en/cruises/itinerary/7-night-eastern-caribbean-perfect-day-from-miami-on-icon/IC07MIA-2623281014?sail-date=2026-09-19&currency=EUR&country=IRL,IC07MIA-2623281014,Eastern Caribbean & Perfect Day,7,Icon of the Seas,IC,"Miami, Florida",MIA,"Miami, Florida - Philipsburg, St Maarten - Charlotte Amalie, St Thomas - Perfect Day at CocoCay, Bahamas - Miami, Florida",IC07MIA-2623281014-2026-09-19,2026-09-19,Infinite Grand Suite,4141
2025-11-22T22:09:05.857590,"https://www.royalcaribbean.com/gbr/en/cruises?search=departurePort:BCN,BYE,FLL,LAX,MIA,ROM,SIN,YOK|nights:6~8,9~11,gte12|ship:AL,AN,HM,IC,LE,OA,OV,OY,QN,ST,SY,UT,WN&country=IRL&market=gbr&language=en",https://www.royalcaribbean.com/gbr/en/cruises/itinerary/7-night-eastern-caribbean-perfect-day-from-miami-on-icon/IC07MIA-2623281014?sail-date=2026-09-19&currency=EUR&country=IRL,IC07MIA-2623281014,Eastern Caribbean & Perfect Day,7,Icon of the Seas,IC,"Miami, Florida",MIA,"Miami, Florida - Philipsburg, St Maarten - Charlotte Amalie, St Thomas - Perfect Day at CocoCay, Bahamas - Miami, Florida",IC07MIA-2623281014-2026-09-19,2026-09-19,Sunset Suite,4385
2025-11-22T22:09:05.857590,"https://www.royalcaribbean.com/gbr/en/cruises?search=departurePort:BCN,BYE,FLL,LAX,MIA,ROM,SIN,YOK|nights:6~8,9~11,gte12|ship:AL,AN,HM,IC,LE,OA,OV,OY,QN,ST,SY,UT,WN&country=IRL&market=gbr&language=en",https://www.royalcaribbean.com/gbr/en/cruises/itinerary/7-night-eastern-caribbean-perfect-day-from-miami-on-icon/IC07MIA-2623281014?sail-date=2026-09-19&currency=EUR&country=IRL,IC07MIA-2623281014,Eastern Caribbean & Perfect Day,7,Icon of the Seas,IC,"Miami, Florida",MIA,"Miami, Florida - Philipsburg, St Maarten - Charlotte Amalie, St Thomas - Perfect Day at CocoCay, Bahamas - Miami, Florida",IC07MIA-2623281014-2026-09-19,2026-09-19,Sunset Corner Suite,5129
2025-11-22T22:09:05.857590,"https://www.royalcaribbean.com/gbr/en/cruises?search=departurePort:BCN,BYE,FLL,LAX,MIA,ROM,SIN,YOK|nights:6~8,9~11,gte12|ship:AL,AN,HM,IC,LE,OA,OV,OY,QN,ST,SY,UT,WN&country=IRL&market=gbr&language=en",https://www.royalcaribbean.com/gbr/en/cruises/itinerary/7-night-eastern-caribbean-perfect-day-from-miami-on-icon/IC07MIA-2623281014?sail-date=2026-09-19&currency=EUR&country=IRL,IC07MIA-2623281014,Eastern Caribbean & Perfect Day,7,Icon of the Seas,IC,"Miami, Florida",MIA,"Miami, Florida - Philipsburg, St Maarten - Charlotte Amalie, St Thomas - Perfect Day at CocoCay, Bahamas - Miami, Florida",IC07MIA-2623281014-2026-09-19,2026-09-19,Owners Suite,5846
2025-11-22T22:09:05.857590,"https://www.royalcaribbean.com/gbr/en/cruises?search=departurePort:BCN,BYE,FLL,LAX,MIA,ROM,SIN,YOK|nights:6~8,9~11,gte12|ship:AL,AN,HM,IC,LE,OA,OV,OY,QN,ST,SY,UT,WN&country=IRL&market=gbr&language=en",https://www.royalcaribbean.com/gbr/en/cruises/itinerary/7-night-eastern-caribbean-perfect-day-from-miami-on-icon/IC07MIA-2623281014?sail-date=2026-09-19&currency=EUR&country=IRL,IC07MIA-2623281014,Eastern Caribbean & Perfect Day,7,Icon of the Seas,IC,"Miami, Florida",MIA,"Miami, Florida - Philipsburg, St Maarten - Charlotte Amalie, St Thomas - Perfect Day at CocoCay, Bahamas - Miami, Florida",IC07MIA-2623281014-2026-09-19,2026-09-19,Icon Loft Suite,8235
2025-11-22T22:09:05.857590,"https://www.royalcaribbean.com/gbr/en/cruises?search=departurePort:BCN,BYE,FLL,LAX,MIA,ROM,SIN,YOK|nights:6~8,9~11,gte12|ship:AL,AN,HM,IC,LE,OA,OV,OY,QN,ST,SY,UT,WN&country=IRL&market=gbr&language=en",https://www.royalcaribbean.com/gbr/en/cruises/itinerary/7-night-eastern-caribbean-perfect-day-from-miami-on-icon/IC07MIA-2623281014?sail-date=2026-09-19&currency=EUR&country=IRL,IC07MIA-2623281014,Eastern Caribbean & Perfect Day,7,Icon of the Seas,IC,"Miami, Florida",MIA,"Miami, Florida - Philipsburg, St Maarten - Charlotte Amalie, St Thomas - Perfect Day at CocoCay, Bahamas - Miami, Florida",IC07MIA-2623281014-2026-09-19,2026-09-19,Royal Loft Suite,21430
2025-11-22T22:09:05.857590,"https://www.royalcaribbean.com/gbr/en/cruises?search=departurePort:BCN,BYE,FLL,LAX,MIA,ROM,SIN,YOK|nights:6~8,9~11,gte12|ship:AL,AN,HM,IC,LE,OA,OV,OY,QN,ST,SY,UT,WN&country=IRL&market=gbr&language=en",https://www.royalcaribbean.com/gbr/en/cruises/itinerary/7-night-eastern-caribbean-perfect-day-from-miami-on-icon/IC07MIA-2623281014?sail-date=2026-09-19&currency=EUR&country=IRL,IC07MIA-2623281014,Eastern Caribbean & Perfect Day,7,Icon of the Seas,IC,"Miami, Florida",MIA,"Miami, Florida - Philipsburg, St Maarten - Charlotte Amalie, St Thomas - Perfect Day at CocoCay, Bahamas - Miami, Florida",IC07MIA-2623281014-2026-09-19,2026-09-19,Ultimate Family Townhouse,22335
2025-11-22T22:09:05.857590,"https://www.royalcaribbean.com/gbr/en/cruises?search=departurePort:BCN,BYE,FLL,LAX,MIA,ROM,SIN,YOK|nights:6~8,9~11,gte12|ship:AL,AN,HM,IC,LE,OA,OV,OY,QN,ST,SY,UT,WN&country=IRL&market=gbr&language=en",https://www.royalcaribbean.com/gbr/en/cruises/itinerary/7-night-eastern-caribbean-perfect-day-from-miami-on-icon/IC07MIA-2623281014?sail-date=2026-09-19&currency=EUR&country=IRL,IC07MIA-2623281014,Eastern Caribbean & Perfect Day,7,Icon of the Seas,IC,"Miami, Florida",MIA,"Miami, Florida - Philipsburg, St Maarten - Charlotte Amalie, St Thomas - Perfect Day at CocoCay, Bahamas - Miami, Florida",IC07MIA-2623281014-2026-09-19,2026-09-19,We Choose Your Junior Suite,2856
2025-11-22T22:09:05.857590,"https://www.royalcaribbean.com/gbr/en/cruises?search=departurePort:BCN,BYE,FLL,LAX,MIA,ROM,SIN,YOK|nights:6~8,9~11,gte12|ship:AL,AN,HM,IC,LE,OA,OV,OY,QN,ST,SY,UT,WN&country=IRL&market=gbr&language=en",https://www.royalcaribbean.com/gbr/en/cruises/itinerary/7-night-eastern-caribbean-perfect-day-from-miami-on-icon/IC07MIA-2623281014?sail-date=2026-09-19&currency=EUR&country=IRL,IC07MIA-2623281014,Eastern Caribbean & Perfect Day,7,Icon of the Seas,IC,"Miami, Florida",MIA,"Miami, Florida - Philipsburg, St Maarten - Charlotte Amalie, St Thomas - Perfect Day at CocoCay, Bahamas - Miami, Florida",IC07MIA-2623281014-2025-12-06,2025-12-06,Interior,1650
2025-11-22T22:09:05.857590,"https://www.royalcaribbean.com/gbr/en/cruises?search=departurePort:BCN,BYE,FLL,LAX,MIA,ROM,SIN,YOK|nights:6~8,9~11,gte12|ship:AL,AN,HM,IC,LE,OA,OV,OY,QN,ST,SY,UT,WN&country=IRL&market=gbr&language=en",https://www.royalcaribbean.com/gbr/en/cruises/itinerary/7-night-eastern-caribbean-perfect-day-from-miami-on-icon/IC07MIA-2623281014?sail-date=2026-09-19&currency=EUR&country=IRL,IC07MIA-2623281014,Eastern Caribbean & Perfect Day,7,Icon of the Seas,IC,"Miami, Florida",MIA,"Miami, Florida - Philipsburg, St Maarten - Charlotte Amalie, St Thomas - Perfect Day at CocoCay, Bahamas - Miami, Florida",IC07MIA-2623281014-2025-12-06,2025-12-06,Ocean View,2023
2025-11-22T22:09:05.857590,"https://www.royalcaribbean.com/gbr/en/cruises?search=departurePort:BCN,BYE,FLL,LAX,MIA,ROM,SIN,YOK|nights:6~8,9~11,gte12|ship:AL,AN,HM,IC,LE,OA,OV,OY,QN,ST,SY,UT,WN&country=IRL&market=gbr&language=en",https://www.royalcaribbean.com/gbr/en/cruises/itinerary/7-night-eastern-caribbean-perfect-day-from-miami-on-icon/IC07MIA-2623281014?sail-date=2026-09-19&currency=EUR&country=IRL,IC07MIA-2623281014,Eastern Caribbean & Perfect Day,7,Icon of the Seas,IC,"Miami, Florida",MIA,"Miami, Florida - Philipsburg, St Maarten - Charlotte Amalie, St Thomas - Perfect Day at CocoCay, Bahamas - Miami, Florida",IC07MIA-2623281014-2025-12-06,2025-12-06,Balcony,2258
2025-11-22T22:09:05.857590,"https://www.royalcaribbean.com/gbr/en/cruises?search=departurePort:BCN,BYE,FLL,LAX,MIA,ROM,SIN,YOK|nights:6~8,9~11,gte12|ship:AL,AN,HM,IC,LE,OA,OV,OY,QN,ST,SY,UT,WN&country=IRL&market=gbr&language=en",https://www.royalcaribbean.com/gbr/en/cruises/itinerary/7-night-eastern-caribbean-perfect-day-from-miami-on-icon/IC07MIA-2623281014?sail-date=2026-09-19&currency=EUR&country=IRL,IC07MIA-2623281014,Eastern Caribbean & Perfect Day,7,Icon of the Seas,IC,"Miami, Florida",MIA,"Miami, Florida - Philipsburg, St Maarten - Charlotte Amalie, St Thomas - Perfect Day at CocoCay, Bahamas - Miami, Florida",IC07MIA-2623281014-2025-12-20,2025-12-20,Interior,2503
2025-11-22T22:09:05.857590,"https://www.royalcaribbean.com/gbr/en/cruises?search=departurePort:BCN,BYE,FLL,LAX,MIA,ROM,SIN,YOK|nights:6~8,9~11,gte12|ship:AL,AN,HM,IC,LE,OA,OV,OY,QN,ST,SY,UT,WN&country=IRL&market=gbr&language=en",https://www.royalcaribbean.com/gbr/en/cruises/itinerary/7-night-eastern-caribbean-perfect-day-from-miami-on-icon/IC07MIA-2623281014?sail-date=2026-09-19&currency=EUR&country=IRL,IC07MIA-2623281014,Eastern Caribbean & Perfect Day,7,Icon of the Seas,IC,"Miami, Florida",MIA,"Miami, Florida - Philipsburg, St Maarten - Charlotte Amalie, St Thomas - Perfect Day at CocoCay, Bahamas - Miami, Florida",IC07MIA-2623281014-2025-12-20,2025-12-20,Ocean View,2543
2025-11-22T22:09:05.857590,"https://www.royalcaribbean.com/gbr/en/cruises?search=departurePort:BCN,BYE,FLL,LAX,MIA,ROM,SIN,YOK|nights:6~8,9~11,gte12|ship:AL,AN,HM,IC,LE,OA,OV,OY,QN,ST,SY,UT,WN&country=IRL&market=gbr&language=en",https://www.royalcaribbean.com/gbr/en/cruises/itinerary/7-night-eastern-caribbean-perfect-day-from-miami-on-icon/IC07MIA-2623281014?sail-date=2026-09-19&currency=EUR&country=IRL,IC07MIA-2623281014,Eastern Caribbean & Perfect Day,7,Icon of the Seas,IC,"Miami, Florida",MIA,"Miami, Florida - Philipsburg, St Maarten - Charlotte Amalie, St Thomas - Perfect Day at CocoCay, Bahamas - Miami, Florida",IC07MIA-2623281014-2025-12-20,2025-12-20,Balcony,2580
2025-11-22T22:09:05.857590,"https://www.royalcaribbean.com/gbr/en/cruises?search=departurePort:BCN,BYE,FLL,LAX,MIA,ROM,SIN,YOK|nights:6~8,9~11,gte12|ship:AL,AN,HM,IC,LE,OA,OV,OY,QN,ST,SY,UT,WN&country=IRL&market=gbr&language=en",https://www.royalcaribbean.com/gbr/en/cruises/itinerary/7-night-eastern-caribbean-perfect-day-from-miami-on-icon/IC07MIA-2623281014?sail-date=2026-09-19&currency=EUR&country=IRL,IC07MIA-2623281014,Eastern Caribbean & Perfect Day,7,Icon of the Seas,IC,"Miami, Florida",MIA,"Miami, Florida - Philipsburg, St Maarten - Charlotte Amalie, St Thomas - Perfect Day at CocoCay, Bahamas - Miami, Florida",IC07MIA-2623281014-2026-01-03,2026-01-03,Interior,1381
2025-11-22T22:09:05.857590,"https://www.royalcaribbean.com/gbr/en/cruises?search=departurePort:BCN,BYE,FLL,LAX,MIA,ROM,SIN,YOK|nights:6~8,9~11,gte12|ship:AL,AN,HM,IC,LE,OA,OV,OY,QN,ST,SY,UT,WN&country=IRL&market=gbr&language=en",https://www.royalcaribbean.com/gbr/en/cruises/itinerary/7-night-eastern-caribbean-perfect-day-from-miami-on-icon/IC07MIA-2623281014?sail-date=2026-09-19&currency=EUR&country=IRL,IC07MIA-2623281014,Eastern Caribbean & Perfect Day,7,Icon of the Seas,IC,"Miami, Florida",MIA,"Miami, Florida - Philipsburg, St Maarten - Charlotte Amalie, St Thomas - Perfect Day at CocoCay, Bahamas - Miami, Florida",IC07MIA-2623281014-2026-01-17,2026-01-17,Interior,1409
2025-11-22T22:09:05.857590,"https://www.royalcaribbean.com/gbr/en/cruises?search=departurePort:BCN,BYE,FLL,LAX,MIA,ROM,SIN,YOK|nights:6~8,9~11,gte12|ship:AL,AN,HM,IC,LE,OA,OV,OY,QN,ST,SY,UT,WN&country=IRL&market=gbr&language=en",https://www.royalcaribbean.com/gbr/en/cruises/itinerary/7-night-eastern-caribbean-perfect-day-from-miami-on-icon/IC07MIA-2623281014?sail-date=2026-09-19&currency=EUR&country=IRL,IC07MIA-2623281014,Eastern Caribbean & Perfect Day,7,Icon of the Seas,IC,"Miami, Florida",MIA,"Miami, Florida - Philipsburg, St Maarten - Charlotte Amalie, St Thomas - Perfect Day at CocoCay, Bahamas - Miami, Florida",IC07MIA-2623281014-2026-01-17,2026-01-17,Ocean View,1675
2025-11-22T22:09:05.857590,"https://www.royalcaribbean.com/gbr/en/cruises?search=departurePort:BCN,BYE,FLL,LAX,MIA,ROM,SIN,YOK|nights:6~8,9~11,gte12|ship:AL,AN,HM,IC,LE,OA,OV,OY,QN,ST,SY,UT,WN&country=IRL&market=gbr&language=en",https://www.royalcaribbean.com/gbr/en/cruises/itinerary/7-night-eastern-caribbean-perfect-day-from-miami-on-icon/IC07MIA-2623281014?sail-date=2026-09-19&currency=EUR&country=IRL,IC07MIA-2623281014,Eastern Caribbean & Perfect Day,7,Icon of the Seas,IC,"Miami, Florida",MIA,"Miami, Florida - Philipsburg, St Maarten - Charlotte Amalie, St Thomas - Perfect Day at CocoCay, Bahamas - Miami, Florida",IC07MIA-2623281014-2026-01-17,2026-01-17,Balcony,1511
2025-11-22T22:09:05.857590,"https://www.royalcaribbean.com/gbr/en/cruises?search=departurePort:BCN,BYE,FLL,LAX,MIA,ROM,SIN,YOK|nights:6~8,9~11,gte12|ship:AL,AN,HM,IC,LE,OA,OV,OY,QN,ST,SY,UT,WN&country=IRL&market=gbr&language=en",https://www.royalcaribbean.com/gbr/en/cruises/itinerary/7-night-eastern-caribbean-perfect-day-from-miami-on-icon/IC07MIA-2623281014?sail-date=2026-09-19&currency=EUR&country=IRL,IC07MIA-2623281014,Eastern Caribbean & Perfect Day,7,Icon of the Seas,IC,"Miami, Florida",MIA,"Miami, Florida - Philipsburg, St Maarten - Charlotte Amalie, St Thomas - Perfect Day at CocoCay, Bahamas - Miami, Florida",IC07MIA-2623281014-2026-01-17,2026-01-17,Suite Guarantee,3680
2025-11-22T22:09:05.857590,"https://www.royalcaribbean.com/gbr/en/cruises?search=departurePort:BCN,BYE,FLL,LAX,MIA,ROM,SIN,YOK|nights:6~8,9~11,gte12|ship:AL,AN,HM,IC,LE,OA,OV,OY,QN,ST,SY,UT,WN&country=IRL&market=gbr&language=en",https://www.royalcaribbean.com/gbr/en/cruises/itinerary/7-night-eastern-caribbean-perfect-day-from-miami-on-icon/IC07MIA-2623281014?sail-date=2026-09-19&currency=EUR&country=IRL,IC07MIA-2623281014,Eastern Caribbean & Perfect Day,7,Icon of the Seas,IC,"Miami, Florida",MIA,"Miami, Florida - Philipsburg, St Maarten - Charlotte Amalie, St Thomas - Perfect Day at CocoCay, Bahamas - Miami, Florida",IC07MIA-2623281014-2026-01-17,2026-01-17,Surfside Family Suite,2482
2025-11-22T22:09:05.857590,"https://www.royalcaribbean.com/gbr/en/cruises?search=departurePort:BCN,BYE,FLL,LAX,MIA,ROM,SIN,YOK|nights:6~8,9~11,gte12|ship:AL,AN,HM,IC,LE,OA,OV,OY,QN,ST,SY,UT,WN&country=IRL&market=gbr&language=en",https://www.royalcaribbean.com/gbr/en/cruises/itinerary/7-night-eastern-caribbean-perfect-day-from-miami-on-icon/IC07MIA-2623281014?sail-date=2026-09-19&currency=EUR&country=IRL,IC07MIA-2623281014,Eastern Caribbean & Perfect Day,7,Icon of the Seas,IC,"Miami, Florida",MIA,"Miami, Florida - Philipsburg, St Maarten - Charlotte Amalie, St Thomas - Perfect Day at CocoCay, Bahamas - Miami, Florida",IC07MIA-2623281014-2026-01-17,2026-01-17,Sky Junior Suite,2994
2025-11-22T22:09:05.857590,"https://www.royalcaribbean.com/gbr/en/cruises?search=departurePort:BCN,BYE,FLL,LAX,MIA,ROM,SIN,YOK|nights:6~8,9~11,gte12|ship:AL,AN,HM,IC,LE,OA,OV,OY,QN,ST,SY,UT,WN&country=IRL&market=gbr&language=en",https://www.royalcaribbean.com/gbr/en/cruises/itinerary/7-night-eastern-caribbean-perfect-day-from-miami-on-icon/IC07MIA-2623281014?sail-date=2026-09-19&currency=EUR&country=IRL,IC07MIA-2623281014,Eastern Caribbean & Perfect Day,7,Icon of the Seas,IC,"Miami, Florida",MIA,"Miami, Florida - Philipsburg, St Maarten - Charlotte Amalie, St Thomas - Perfect Day at CocoCay, Bahamas - Miami, Florida",IC07MIA-2623281014-2026-01-17,2026-01-17,Sunset Junior Suite,3335
2025-11-22T22:09:05.857590,"https://www.royalcaribbean.com/gbr/en/cruises?search=departurePort:BCN,BYE,FLL,LAX,MIA,ROM,SIN,YOK|nights:6~8,9~11,gte12|ship:AL,AN,HM,IC,LE,OA,OV,OY,QN,ST,SY,UT,WN&country=IRL&market=gbr&language=en",https://www.royalcaribbean.com/gbr/en/cruises/itinerary/7-night-eastern-caribbean-perfect-day-from-miami-on-icon/IC07MIA-2623281014?sail-date=2026-09-19&currency=EUR&country=IRL,IC07MIA-2623281014,Eastern Caribbean & Perfect Day,7,Icon of the Seas,IC,"Miami, Florida",MIA,"Miami, Florida - Philipsburg, St Maarten - Charlotte Amalie, St Thomas - Perfect Day at CocoCay, Bahamas - Miami, Florida",IC07MIA-2623281014-2026-01-17,2026-01-17,Grand Suite,4127
2025-11-22T22:09:05.857590,"https://www.royalcaribbean.com/gbr/en/cruises?search=departurePort:BCN,BYE,FLL,LAX,MIA,ROM,SIN,YOK|nights:6~8,9~11,gte12|ship:AL,AN,HM,IC,LE,OA,OV,OY,QN,ST,SY,UT,WN&country=IRL&market=gbr&language=en",https://www.royalcaribbean.com/gbr/en/cruises/itinerary/7-night-eastern-caribbean-perfect-day-from-miami-on-icon/IC07MIA-2623281014?sail-date=2026-09-19&currency=EUR&country=IRL,IC07MIA-2623281014,Eastern Caribbean & Perfect Day,7,Icon of the Seas,IC,"Miami, Florida",MIA,"Miami, Florida - Philipsburg, St Maarten - Charlotte Amalie, St Thomas - Perfect Day at CocoCay, Bahamas - Miami, Florida",IC07MIA-2623281014-2026-01-17,2026-01-17,Infinite Grand Suite,4141
2025-11-22T22:09:05.857590,"https://www.royalcaribbean.com/gbr/en/cruises?search=departurePort:BCN,BYE,FLL,LAX,MIA,ROM,SIN,YOK|nights:6~8,9~11,gte12|ship:AL,AN,HM,IC,LE,OA,OV,OY,QN,ST,SY,UT,WN&country=IRL&market=gbr&language=en",https://www.royalcaribbean.com/gbr/en/cruises/itinerary/7-night-eastern-caribbean-perfect-day-from-miami-on-icon/IC07MIA-2623281014?sail-date=2026-09-19&currency=EUR&country=IRL,IC07MIA-2623281014,Eastern Caribbean & Perfect Day,7,Icon of the Seas,IC,"Miami, Florida",MIA,"Miami, Florida - Philipsburg, St Maarten - Charlotte Amalie, St Thomas - Perfect Day at CocoCay, Bahamas - Miami, Florida",IC07MIA-2623281014-2026-01-17,2026-01-17,Sunset Suite,4385
2025-11-22T22:09:05.857590,"https://www.royalcaribbean.com/gbr/en/cruises?search=departurePort:BCN,BYE,FLL,LAX,MIA,ROM,SIN,YOK|nights:6~8,9~11,gte12|ship:AL,AN,HM,IC,LE,OA,OV,OY,QN,ST,SY,UT,WN&country=IRL&market=gbr&language=en",https://www.royalcaribbean.com/gbr/en/cruises/itinerary/7-night-eastern-caribbean-perfect-day-from-miami-on-icon/IC07MIA-2623281014?sail-date=2026-09-19&currency=EUR&country=IRL,IC07MIA-2623281014,Eastern Caribbean & Perfect Day,7,Icon of the Seas,IC,"Miami, Florida",MIA,"Miami, Florida - Philipsburg, St Maarten - Charlotte Amalie, St Thomas - Perfect Day at CocoCay, Bahamas - Miami, Florida",IC07MIA-2623281014-2026-01-17,2026-01-17,Sunset Corner Suite,5129
2025-11-22T22:09:05.857590,"https://www.royalcaribbean.com/gbr/en/cruises?search=departurePort:BCN,BYE,FLL,LAX,MIA,ROM,SIN,YOK|nights:6~8,9~11,gte12|ship:AL,AN,HM,IC,LE,OA,OV,OY,QN,ST,SY,UT,WN&country=IRL&market=gbr&language=en",https://www.royalcaribbean.com/gbr/en/cruises/itinerary/7-night-eastern-caribbean-perfect-day-from-miami-on-icon/IC07MIA-2623281014?sail-date=2026-09-19&currency=EUR&country=IRL,IC07MIA-2623281014,Eastern Caribbean & Perfect Day,7,Icon of the Seas,IC,"Miami, Florida",MIA,"Miami, Florida - Philipsburg, St Maarten - Charlotte Amalie, St Thomas - Perfect Day at CocoCay, Bahamas - Miami, Florida",IC07MIA-2623281014-2026-01-17,2026-01-17,Owners Suite,5846
2025-11-22T22:09:05.857590,"https://www.royalcaribbean.com/gbr/en/cruises?search=departurePort:BCN,BYE,FLL,LAX,MIA,ROM,SIN,YOK|nights:6~8,9~11,gte12|ship:AL,AN,HM,IC,LE,OA,OV,OY,QN,ST,SY,UT,WN&country=IRL&market=gbr&language=en",https://www.royalcaribbean.com/gbr/en/cruises/itinerary/7-night-eastern-caribbean-perfect-day-from-miami-on-icon/IC07MIA-2623281014?sail-date=2026-09-19&currency=EUR&country=IRL,IC07MIA-2623281014,Eastern Caribbean & Perfect Day,7,Icon of the Seas,IC,"Miami, Florida",MIA,"Miami, Florida - Philipsburg, St Maarten - Charlotte Amalie, St Thomas - Perfect Day at CocoCay, Bahamas - Miami, Florida",IC07MIA-2623281014-2026-01-17,2026-01-17,Icon Loft Suite,8235
2025-11-22T22:09:05.857590,"https://www.royalcaribbean.com/gbr/en/cruises?search=departurePort:BCN,BYE,FLL,LAX,MIA,ROM,SIN,YOK|nights:6~8,9~11,gte12|ship:AL,AN,HM,IC,LE,OA,OV,OY,QN,ST,SY,UT,WN&country=IRL&market=gbr&language=en",https://www.royalcaribbean.com/gbr/en/cruises/itinerary/7-night-eastern-caribbean-perfect-day-from-miami-on-icon/IC07MIA-2623281014?sail-date=2026-09-19&currency=EUR&country=IRL,IC07MIA-2623281014,Eastern Caribbean & Perfect Day,7,Icon of the Seas,IC,"Miami, Florida",MIA,"Miami, Florida - Philipsburg, St Maarten - Charlotte Amalie, St Thomas - Perfect Day at CocoCay, Bahamas - Miami, Florida",IC07MIA-2623281014-2026-01-17,2026-01-17,Royal Loft Suite,21430
2025-11-22T22:09:05.857590,"https://www.royalcaribbean.com/gbr/en/cruises?search=departurePort:BCN,BYE,FLL,LAX,MIA,ROM,SIN,YOK|nights:6~8,9~11,gte12|ship:AL,AN,HM,IC,LE,OA,OV,OY,QN,ST,SY,UT,WN&country=IRL&market=gbr&language=en",https://www.royalcaribbean.com/gbr/en/cruises/itinerary/7-night-eastern-caribbean-perfect-day-from-miami-on-icon/IC07MIA-2623281014?sail-date=2026-09-19&currency=EUR&country=IRL,IC07MIA-2623281014,Eastern Caribbean & Perfect Day,7,Icon of the Seas,IC,"Miami, Florida",MIA,"Miami, Florida - Philipsburg, St Maarten - Charlotte Amalie, St Thomas - Perfect Day at CocoCay, Bahamas - Miami, Florida",IC07MIA-2623281014-2026-01-17,2026-01-17,Ultimate Family Townhouse,22335
2025-11-22T22:09:05.857590,"https://www.royalcaribbean.com/gbr/en/cruises?search=departurePort:BCN,BYE,FLL,LAX,MIA,ROM,SIN,YOK|nights:6~8,9~11,gte12|ship:AL,AN,HM,IC,LE,OA,OV,OY,QN,ST,SY,UT,WN&country=IRL&market=gbr&language=en",https://www.royalcaribbean.com/gbr/en/cruises/itinerary/7-night-eastern-caribbean-perfect-day-from-miami-on-icon/IC07MIA-2623281014?sail-date=2026-09-19&currency=EUR&country=IRL,IC07MIA-2623281014,Eastern Caribbean & Perfect Day,7,Icon of the Seas,IC,"Miami, Florida",MIA,"Miami, Florida - Philipsburg, St Maarten - Charlotte Amalie, St Thomas - Perfect Day at CocoCay, Bahamas - Miami, Florida",IC07MIA-2623281014-2026-01-17,2026-01-17,We Choose Your Junior Suite,2856
2025-11-22T22:09:05.857590,"https://www.royalcaribbean.com/gbr/en/cruises?search=departurePort:BCN,BYE,FLL,LAX,MIA,ROM,SIN,YOK|nights:6~8,9~11,gte12|ship:AL,AN,HM,IC,LE,OA,OV,OY,QN,ST,SY,UT,WN&country=IRL&market=gbr&language=en",https://www.royalcaribbean.com/gbr/en/cruises/itinerary/7-night-western-caribbean-perfect-day-from-miami-on-allure/AL07MIA-2746579308?sail-date=2026-11-15&currency=EUR&country=IRL,AL07MIA-2746579308,Western Caribbean & Perfect Day,7,Allure of the Seas,AL,"Miami, Florida",MIA,"Miami, Florida - Nassau, Bahamas - Perfect Day at CocoCay, Bahamas - Labadee, Haiti - Falmouth, Jamaica - Miami, Florida",AL07MIA-2746579308-2026-11-15,2026-11-15,Interior,766
2025-11-22T22:09:05.857590,"https://www.royalcaribbean.com/gbr/en/cruises?search=departurePort:BCN,BYE,FLL,LAX,MIA,ROM,SIN,YOK|nights:6~8,9~11,gte12|ship:AL,AN,HM,IC,LE,OA,OV,OY,QN,ST,SY,UT,WN&country=IRL&market=gbr&language=en",https://www.royalcaribbean.com/gbr/en/cruises/itinerary/7-night-western-caribbean-perfect-day-from-miami-on-allure/AL07MIA-2746579308?sail-date=2026-11-15&currency=EUR&country=IRL,AL07MIA-2746579308,Western Caribbean & Perfect Day,7,Allure of the Seas,AL,"Miami, Florida",MIA,"Miami, Florida - Nassau, Bahamas - Perfect Day at CocoCay, Bahamas - Labadee, Haiti - Falmouth, Jamaica - Miami, Florida",AL07MIA-2746579308-2026-11-15,2026-11-15,Ocean View,890
2025-11-22T22:09:05.857590,"https://www.royalcaribbean.com/gbr/en/cruises?search=departurePort:BCN,BYE,FLL,LAX,MIA,ROM,SIN,YOK|nights:6~8,9~11,gte12|ship:AL,AN,HM,IC,LE,OA,OV,OY,QN,ST,SY,UT,WN&country=IRL&market=gbr&language=en",https://www.royalcaribbean.com/gbr/en/cruises/itinerary/7-night-western-caribbean-perfect-day-from-miami-on-allure/AL07MIA-2746579308?sail-date=2026-11-15&currency=EUR&country=IRL,AL07MIA-2746579308,Western Caribbean & Perfect Day,7,Allure of the Seas,AL,"Miami, Florida",MIA,"Miami, Florida - Nassau, Bahamas - Perfect Day at CocoCay, Bahamas - Labadee, Haiti - Falmouth, Jamaica - Miami, Florida",AL07MIA-2746579308-2026-11-15,2026-11-15,Balcony,960
2025-11-22T22:09:05.857590,"https://www.royalcaribbean.com/gbr/en/cruises?search=departurePort:BCN,BYE,FLL,LAX,MIA,ROM,SIN,YOK|nights:6~8,9~11,gte12|ship:AL,AN,HM,IC,LE,OA,OV,OY,QN,ST,SY,UT,WN&country=IRL&market=gbr&language=en",https://www.royalcaribbean.com/gbr/en/cruises/itinerary/7-night-western-caribbean-perfect-day-from-miami-on-allure/AL07MIA-2746579308?sail-date=2026-11-15&currency=EUR&country=IRL,AL07MIA-2746579308,Western Caribbean & Perfect Day,7,Allure of the Seas,AL,"Miami, Florida",MIA,"Miami, Florida - Nassau, Bahamas - Perfect Day at CocoCay, Bahamas - Labadee, Haiti - Falmouth, Jamaica - Miami, Florida",AL07MIA-2746579308-2026-11-15,2026-11-15,Suite Guarantee,1689
2025-11-22T22:09:05.857590,"https://www.royalcaribbean.com/gbr/en/cruises?search=departurePort:BCN,BYE,FLL,LAX,MIA,ROM,SIN,YOK|nights:6~8,9~11,gte12|ship:AL,AN,HM,IC,LE,OA,OV,OY,QN,ST,SY,UT,WN&country=IRL&market=gbr&language=en",https://www.royalcaribbean.com/gbr/en/cruises/itinerary/7-night-western-caribbean-perfect-day-from-miami-on-allure/AL07MIA-2746579308?sail-date=2026-11-15&currency=EUR&country=IRL,AL07MIA-2746579308,Western Caribbean & Perfect Day,7,Allure of the Seas,AL,"Miami, Florida",MIA,"Miami, Florida - Nassau, Bahamas - Perfect Day at CocoCay, Bahamas - Labadee, Haiti - Falmouth, Jamaica - Miami, Florida",AL07MIA-2746579308-2026-11-15,2026-11-15,We Choose Your Suite,1689
2025-11-22T22:09:05.857590,"https://www.royalcaribbean.com/gbr/en/cruises?search=departurePort:BCN,BYE,FLL,LAX,MIA,ROM,SIN,YOK|nights:6~8,9~11,gte12|ship:AL,AN,HM,IC,LE,OA,OV,OY,QN,ST,SY,UT,WN&country=IRL&market=gbr&language=en",https://www.royalcaribbean.com/gbr/en/cruises/itinerary/7-night-western-caribbean-perfect-day-from-miami-on-allure/AL07MIA-2746579308?sail-date=2026-11-15&currency=EUR&country=IRL,AL07MIA-2746579308,Western Caribbean & Perfect Day,7,Allure of the Seas,AL,"Miami, Florida",MIA,"Miami, Florida - Nassau, Bahamas - Perfect Day at CocoCay, Bahamas - Labadee, Haiti - Falmouth, Jamaica - Miami, Florida",AL07MIA-2746579308-2026-11-15,2026-11-15,Junior Suite,1787
2025-11-22T22:09:05.857590,"https://www.royalcaribbean.com/gbr/en/cruises?search=departurePort:BCN,BYE,FLL,LAX,MIA,ROM,SIN,YOK|nights:6~8,9~11,gte12|ship:AL,AN,HM,IC,LE,OA,OV,OY,QN,ST,SY,UT,WN&country=IRL&market=gbr&language=en",https://www.royalcaribbean.com/gbr/en/cruises/itinerary/7-night-western-caribbean-perfect-day-from-miami-on-allure/AL07MIA-2746579308?sail-date=2026-11-15&currency=EUR&country=IRL,AL07MIA-2746579308,Western Caribbean & Perfect Day,7,Allure of the Seas,AL,"Miami, Florida",MIA,"Miami, Florida - Nassau, Bahamas - Perfect Day at CocoCay, Bahamas - Labadee, Haiti - Falmouth, Jamaica - Miami, Florida",AL07MIA-2746579308-2026-11-15,2026-11-15,Sky Junior Suite,2494
2025-11-22T22:09:05.857590,"https://www.royalcaribbean.com/gbr/en/cruises?search=departurePort:BCN,BYE,FLL,LAX,MIA,ROM,SIN,YOK|nights:6~8,9~11,gte12|ship:AL,AN,HM,IC,LE,OA,OV,OY,QN,ST,SY,UT,WN&country=IRL&market=gbr&language=en",https://www.royalcaribbean.com/gbr/en/cruises/itinerary/7-night-western-caribbean-perfect-day-from-miami-on-allure/AL07MIA-2746579308?sail-date=2026-11-15&currency=EUR&country=IRL,AL07MIA-2746579308,Western Caribbean & Perfect Day,7,Allure of the Seas,AL,"Miami, Florida",MIA,"Miami, Florida - Nassau, Bahamas - Perfect Day at CocoCay, Bahamas - Labadee, Haiti - Falmouth, Jamaica - Miami, Florida",AL07MIA-2746579308-2026-11-15,2026-11-15,Grand Suite 1 Bedroom,3099
2025-11-22T22:09:05.857590,"https://www.royalcaribbean.com/gbr/en/cruises?search=departurePort:BCN,BYE,FLL,LAX,MIA,ROM,SIN,YOK|nights:6~8,9~11,gte12|ship:AL,AN,HM,IC,LE,OA,OV,OY,QN,ST,SY,UT,WN&country=IRL&market=gbr&language=en",https://www.royalcaribbean.com/gbr/en/cruises/itinerary/7-night-western-caribbean-perfect-day-from-miami-on-allure/AL07MIA-2746579308?sail-date=2026-11-15&currency=EUR&country=IRL,AL07MIA-2746579308,Western Caribbean & Perfect Day,7,Allure of the Seas,AL,"Miami, Florida",MIA,"Miami, Florida - Nassau, Bahamas - Perfect Day at CocoCay, Bahamas - Labadee, Haiti - Falmouth, Jamaica - Miami, Florida",AL07MIA-2746579308-2026-11-15,2026-11-15,Crown Loft Suite,3791
2025-11-22T22:09:05.857590,"https://www.royalcaribbean.com/gbr/en/cruises?search=departurePort:BCN,BYE,FLL,LAX,MIA,ROM,SIN,YOK|nights:6~8,9~11,gte12|ship:AL,AN,HM,IC,LE,OA,OV,OY,QN,ST,SY,UT,WN&country=IRL&market=gbr&language=en",https://www.royalcaribbean.com/gbr/en/cruises/itinerary/7-night-western-caribbean-perfect-day-from-miami-on-allure/AL07MIA-2746579308?sail-date=2026-11-15&currency=EUR&country=IRL,AL07MIA-2746579308,Western Caribbean & Perfect Day,7,Allure of the Seas,AL,"Miami, Florida",MIA,"Miami, Florida - Nassau, Bahamas - Perfect Day at CocoCay, Bahamas - Labadee, Haiti - Falmouth, Jamaica - Miami, Florida",AL07MIA-2746579308-2026-11-15,2026-11-15,Owners Suite 1 Bedroom,3804
2025-11-22T22:09:05.857590,"https://www.royalcaribbean.com/gbr/en/cruises?search=departurePort:BCN,BYE,FLL,LAX,MIA,ROM,SIN,YOK|nights:6~8,9~11,gte12|ship:AL,AN,HM,IC,LE,OA,OV,OY,QN,ST,SY,UT,WN&country=IRL&market=gbr&language=en",https://www.royalcaribbean.com/gbr/en/cruises/itinerary/7-night-western-caribbean-perfect-day-from-miami-on-allure/AL07MIA-2746579308?sail-date=2026-11-15&currency=EUR&country=IRL,AL07MIA-2746579308,Western Caribbean & Perfect Day,7,Allure of the Seas,AL,"Miami, Florida",MIA,"Miami, Florida - Nassau, Bahamas - Perfect Day at CocoCay, Bahamas - Labadee, Haiti - Falmouth, Jamaica - Miami, Florida",AL07MIA-2746579308-2026-11-15,2026-11-15,Aquatheater Suite 1 Bedroom,4171
2025-11-22T22:09:05.857590,"https://www.royalcaribbean.com/gbr/en/cruises?search=departurePort:BCN,BYE,FLL,LAX,MIA,ROM,SIN,YOK|nights:6~8,9~11,gte12|ship:AL,AN,HM,IC,LE,OA,OV,OY,QN,ST,SY,UT,WN&country=IRL&market=gbr&language=en",https://www.royalcaribbean.com/gbr/en/cruises/itinerary/7-night-western-caribbean-perfect-day-from-miami-on-allure/AL07MIA-2746579308?sail-date=2026-11-15&currency=EUR&country=IRL,AL07MIA-2746579308,Western Caribbean & Perfect Day,7,Allure of the Seas,AL,"Miami, Florida",MIA,"Miami, Florida - Nassau, Bahamas - Perfect Day at CocoCay, Bahamas - Labadee, Haiti - Falmouth, Jamaica - Miami, Florida",AL07MIA-2746579308-2026-11-15,2026-11-15,Spacious Aquatheater Suite 1 Bedroom,4282
2025-11-22T22:09:05.857590,"https://www.royalcaribbean.com/gbr/en/cruises?search=departurePort:BCN,BYE,FLL,LAX,MIA,ROM,SIN,YOK|nights:6~8,9~11,gte12|ship:AL,AN,HM,IC,LE,OA,OV,OY,QN,ST,SY,UT,WN&country=IRL&market=gbr&language=en",https://www.royalcaribbean.com/gbr/en/cruises/itinerary/7-night-western-caribbean-perfect-day-from-miami-on-allure/AL07MIA-2746579308?sail-date=2026-11-15&currency=EUR&country=IRL,AL07MIA-2746579308,Western Caribbean & Perfect Day,7,Allure of the Seas,AL,"Miami, Florida",MIA,"Miami, Florida - Nassau, Bahamas - Perfect Day at CocoCay, Bahamas - Labadee, Haiti - Falmouth, Jamaica - Miami, Florida",AL07MIA-2746579308-2026-11-15,2026-11-15,Ultimate Panoramic Suite,6920
2025-11-22T22:09:05.857590,"https://www.royalcaribbean.com/gbr/en/cruises?search=departurePort:BCN,BYE,FLL,LAX,MIA,ROM,SIN,YOK|nights:6~8,9~11,gte12|ship:AL,AN,HM,IC,LE,OA,OV,OY,QN,ST,SY,UT,WN&country=IRL&market=gbr&language=en",https://www.royalcaribbean.com/gbr/en/cruises/itinerary/7-night-western-caribbean-perfect-day-from-miami-on-allure/AL07MIA-2746579308?sail-date=2026-11-15&currency=EUR&country=IRL,AL07MIA-2746579308,Western Caribbean & Perfect Day,7,Allure of the Seas,AL,"Miami, Florida",MIA,"Miami, Florida - Nassau, Bahamas - Perfect Day at CocoCay, Bahamas - Labadee, Haiti - Falmouth, Jamaica - Miami, Florida",AL07MIA-2746579308-2026-11-15,2026-11-15,Aquatheater Suite With Large Balcony 2 Bedroom,7211
2025-11-22T22:09:05.857590,"https://www.royalcaribbean.com/gbr/en/cruises?search=departurePort:BCN,BYE,FLL,LAX,MIA,ROM,SIN,YOK|nights:6~8,9~11,gte12|ship:AL,AN,HM,IC,LE,OA,OV,OY,QN,ST,SY,UT,WN&country=IRL&market=gbr&language=en",https://www.royalcaribbean.com/gbr/en/cruises/itinerary/7-night-western-caribbean-perfect-day-from-miami-on-allure/AL07MIA-2746579308?sail-date=2026-11-15&currency=EUR&country=IRL,AL07MIA-2746579308,Western Caribbean & Perfect Day,7,Allure of the Seas,AL,"Miami, Florida",MIA,"Miami, Florida - Nassau, Bahamas - Perfect Day at CocoCay, Bahamas - Labadee, Haiti - Falmouth, Jamaica - Miami, Florida",AL07MIA-2746579308-2026-11-15,2026-11-15,Spacious Aquatheater Suite Lg Balcony 2 Bedrooms,7498
2025-11-22T22:09:05.857590,"https://www.royalcaribbean.com/gbr/en/cruises?search=departurePort:BCN,BYE,FLL,LAX,MIA,ROM,SIN,YOK|nights:6~8,9~11,gte12|ship:AL,AN,HM,IC,LE,OA,OV,OY,QN,ST,SY,UT,WN&country=IRL&market=gbr&language=en",https://www.royalcaribbean.com/gbr/en/cruises/itinerary/7-night-western-caribbean-perfect-day-from-miami-on-allure/AL07MIA-2746579308?sail-date=2026-11-15&currency=EUR&country=IRL,AL07MIA-2746579308,Western Caribbean & Perfect Day,7,Allure of the Seas,AL,"Miami, Florida",MIA,"Miami, Florida - Nassau, Bahamas - Perfect Day at CocoCay, Bahamas - Labadee, Haiti - Falmouth, Jamaica - Miami, Florida",AL07MIA-2746579308-2026-11-15,2026-11-15,Star Loft Suite,7685
2025-11-22T22:09:05.857590,"https://www.royalcaribbean.com/gbr/en/cruises?search=departurePort:BCN,BYE,FLL,LAX,MIA,ROM,SIN,YOK|nights:6~8,9~11,gte12|ship:AL,AN,HM,IC,LE,OA,OV,OY,QN,ST,SY,UT,WN&country=IRL&market=gbr&language=en",https://www.royalcaribbean.com/gbr/en/cruises/itinerary/7-night-western-caribbean-perfect-day-from-miami-on-allure/AL07MIA-2746579308?sail-date=2026-11-15&currency=EUR&country=IRL,AL07MIA-2746579308,Western Caribbean & Perfect Day,7,Allure of the Seas,AL,"Miami, Florida",MIA,"Miami, Florida - Nassau, Bahamas - Perfect Day at CocoCay, Bahamas - Labadee, Haiti - Falmouth, Jamaica - Miami, Florida",AL07MIA-2746579308-2026-10-25,2026-10-25,Interior,823
2025-11-22T22:09:05.857590,"https://www.royalcaribbean.com/gbr/en/cruises?search=departurePort:BCN,BYE,FLL,LAX,MIA,ROM,SIN,YOK|nights:6~8,9~11,gte12|ship:AL,AN,HM,IC,LE,OA,OV,OY,QN,ST,SY,UT,WN&country=IRL&market=gbr&language=en",https://www.royalcaribbean.com/gbr/en/cruises/itinerary/7-night-western-caribbean-perfect-day-from-miami-on-allure/AL07MIA-2746579308?sail-date=2026-11-15&currency=EUR&country=IRL,AL07MIA-2746579308,Western Caribbean & Perfect Day,7,Allure of the Seas,AL,"Miami, Florida",MIA,"Miami, Florida - Nassau, Bahamas - Perfect Day at CocoCay, Bahamas - Labadee, Haiti - Falmouth, Jamaica - Miami, Florida",AL07MIA-2746579308-2026-10-25,2026-10-25,Ocean View,855
2025-11-22T22:09:05.857590,"https://www.royalcaribbean.com/gbr/en/cruises?search=departurePort:BCN,BYE,FLL,LAX,MIA,ROM,SIN,YOK|nights:6~8,9~11,gte12|ship:AL,AN,HM,IC,LE,OA,OV,OY,QN,ST,SY,UT,WN&country=IRL&market=gbr&language=en",https://www.royalcaribbean.com/gbr/en/cruises/itinerary/7-night-western-caribbean-perfect-day-from-miami-on-allure/AL07MIA-2746579308?sail-date=2026-11-15&currency=EUR&country=IRL,AL07MIA-2746579308,Western Caribbean & Perfect Day,7,Allure of the Seas,AL,"Miami, Florida",MIA,"Miami, Florida - Nassau, Bahamas - Perfect Day at CocoCay, Bahamas - Labadee, Haiti - Falmouth, Jamaica - Miami, Florida",AL07MIA-2746579308-2026-10-25,2026-10-25,Balcony,855
2025-11-22T22:09:05.857590,"https://www.royalcaribbean.com/gbr/en/cruises?search=departurePort:BCN,BYE,FLL,LAX,MIA,ROM,SIN,YOK|nights:6~8,9~11,gte12|ship:AL,AN,HM,IC,LE,OA,OV,OY,QN,ST,SY,UT,WN&country=IRL&market=gbr&language=en",https://www.royalcaribbean.com/gbr/en/cruises/itinerary/7-night-western-caribbean-perfect-day-from-miami-on-allure/AL07MIA-2746579308?sail-date=2026-11-15&currency=EUR&country=IRL,AL07MIA-2746579308,Western Caribbean & Perfect Day,7,Allure of the Seas,AL,"Miami, Florida",MIA,"Miami, Florida - Nassau, Bahamas - Perfect Day at CocoCay, Bahamas - Labadee, Haiti - Falmouth, Jamaica - Miami, Florida",AL07MIA-2746579308-2026-10-25,2026-10-25,Suite Guarantee,1853
2025-11-22T22:09:05.857590,"https://www.royalcaribbean.com/gbr/en/cruises?search=departurePort:BCN,BYE,FLL,LAX,MIA,ROM,SIN,YOK|nights:6~8,9~11,gte12|ship:AL,AN,HM,IC,LE,OA,OV,OY,QN,ST,SY,UT,WN&country=IRL&market=gbr&language=en",https://www.royalcaribbean.com/gbr/en/cruises/itinerary/7-night-western-caribbean-perfect-day-from-miami-on-allure/AL07MIA-2746579308?sail-date=2026-11-15&currency=EUR&country=IRL,AL07MIA-2746579308,Western Caribbean & Perfect Day,7,Allure of the Seas,AL,"Miami, Florida",MIA,"Miami, Florida - Nassau, Bahamas - Perfect Day at CocoCay, Bahamas - Labadee, Haiti - Falmouth, Jamaica - Miami, Florida",AL07MIA-2746579308-2026-10-25,2026-10-25,We Choose Your Suite,1689
2025-11-22T22:09:05.857590,"https://www.royalcaribbean.com/gbr/en/cruises?search=departurePort:BCN,BYE,FLL,LAX,MIA,ROM,SIN,YOK|nights:6~8,9~11,gte12|ship:AL,AN,HM,IC,LE,OA,OV,OY,QN,ST,SY,UT,WN&country=IRL&market=gbr&language=en",https://www.royalcaribbean.com/gbr/en/cruises/itinerary/7-night-western-caribbean-perfect-day-from-miami-on-allure/AL07MIA-2746579308?sail-date=2026-11-15&currency=EUR&country=IRL,AL07MIA-2746579308,Western Caribbean & Perfect Day,7,Allure of the Seas,AL,"Miami, Florida",MIA,"Miami, Florida - Nassau, Bahamas - Perfect Day at CocoCay, Bahamas - Labadee, Haiti - Falmouth, Jamaica - Miami, Florida",AL07MIA-2746579308-2026-10-25,2026-10-25,Junior Suite,1787
2025-11-22T22:09:05.857590,"https://www.royalcaribbean.com/gbr/en/cruises?search=departurePort:BCN,BYE,FLL,LAX,MIA,ROM,SIN,YOK|nights:6~8,9~11,gte12|ship:AL,AN,HM,IC,LE,OA,OV,OY,QN,ST,SY,UT,WN&country=IRL&market=gbr&language=en",https://www.royalcaribbean.com/gbr/en/cruises/itinerary/7-night-western-caribbean-perfect-day-from-miami-on-allure/AL07MIA-2746579308?sail-date=2026-11-15&currency=EUR&country=IRL,AL07MIA-2746579308,Western Caribbean & Perfect Day,7,Allure of the Seas,AL,"Miami, Florida",MIA,"Miami, Florida - Nassau, Bahamas - Perfect Day at CocoCay, Bahamas - Labadee, Haiti - Falmouth, Jamaica - Miami, Florida",AL07MIA-2746579308-2026-10-25,2026-10-25,Sky Junior Suite,2494
2025-11-22T22:09:05.857590,"https://www.royalcaribbean.com/gbr/en/cruises?search=departurePort:BCN,BYE,FLL,LAX,MIA,ROM,SIN,YOK|nights:6~8,9~11,gte12|ship:AL,AN,HM,IC,LE,OA,OV,OY,QN,ST,SY,UT,WN&country=IRL&market=gbr&language=en",https://www.royalcaribbean.com/gbr/en/cruises/itinerary/7-night-western-caribbean-perfect-day-from-miami-on-allure/AL07MIA-2746579308?sail-date=2026-11-15&currency=EUR&country=IRL,AL07MIA-2746579308,Western Caribbean & Perfect Day,7,Allure of the Seas,AL,"Miami, Florida",MIA,"Miami, Florida - Nassau, Bahamas - Perfect Day at CocoCay, Bahamas - Labadee, Haiti - Falmouth, Jamaica - Miami, Florida",AL07MIA-2746579308-2026-10-25,2026-10-25,Grand Suite 1 Bedroom,3099
2025-11-22T22:09:05.857590,"https://www.royalcaribbean.com/gbr/en/cruises?search=departurePort:BCN,BYE,FLL,LAX,MIA,ROM,SIN,YOK|nights:6~8,9~11,gte12|ship:AL,AN,HM,IC,LE,OA,OV,OY,QN,ST,SY,UT,WN&country=IRL&market=gbr&language=en",https://www.royalcaribbean.com/gbr/en/cruises/itinerary/7-night-western-caribbean-perfect-day-from-miami-on-allure/AL07MIA-2746579308?sail-date=2026-11-15&currency=EUR&country=IRL,AL07MIA-2746579308,Western Caribbean & Perfect Day,7,Allure of the Seas,AL,"Miami, Florida",MIA,"Miami, Florida - Nassau, Bahamas - Perfect Day at CocoCay, Bahamas - Labadee, Haiti - Falmouth, Jamaica - Miami, Florida",AL07MIA-2746579308-2026-10-25,2026-10-25,Crown Loft Suite,3791
2025-11-22T22:09:05.857590,"https://www.royalcaribbean.com/gbr/en/cruises?search=departurePort:BCN,BYE,FLL,LAX,MIA,ROM,SIN,YOK|nights:6~8,9~11,gte12|ship:AL,AN,HM,IC,LE,OA,OV,OY,QN,ST,SY,UT,WN&country=IRL&market=gbr&language=en",https://www.royalcaribbean.com/gbr/en/cruises/itinerary/7-night-western-caribbean-perfect-day-from-miami-on-allure/AL07MIA-2746579308?sail-date=2026-11-15&currency=EUR&country=IRL,AL07MIA-2746579308,Western Caribbean & Perfect Day,7,Allure of the Seas,AL,"Miami, Florida",MIA,"Miami, Florida - Nassau, Bahamas - Perfect Day at CocoCay, Bahamas - Labadee, Haiti - Falmouth, Jamaica - Miami, Florida",AL07MIA-2746579308-2026-10-25,2026-10-25,Owners Suite 1 Bedroom,3804
2025-11-22T22:09:05.857590,"https://www.royalcaribbean.com/gbr/en/cruises?search=departurePort:BCN,BYE,FLL,LAX,MIA,ROM,SIN,YOK|nights:6~8,9~11,gte12|ship:AL,AN,HM,IC,LE,OA,OV,OY,QN,ST,SY,UT,WN&country=IRL&market=gbr&language=en",https://www.royalcaribbean.com/gbr/en/cruises/itinerary/7-night-western-caribbean-perfect-day-from-miami-on-allure/AL07MIA-2746579308?sail-date=2026-11-15&currency=EUR&country=IRL,AL07MIA-2746579308,Western Caribbean & Perfect Day,7,Allure of the Seas,AL,"Miami, Florida",MIA,"Miami, Florida - Nassau, Bahamas - Perfect Day at CocoCay, Bahamas - Labadee, Haiti - Falmouth, Jamaica - Miami, Florida",AL07MIA-2746579308-2026-10-25,2026-10-25,Aquatheater Suite 1 Bedroom,4171
2025-11-22T22:09:05.857590,"https://www.royalcaribbean.com/gbr/en/cruises?search=departurePort:BCN,BYE,FLL,LAX,MIA,ROM,SIN,YOK|nights:6~8,9~11,gte12|ship:AL,AN,HM,IC,LE,OA,OV,OY,QN,ST,SY,UT,WN&country=IRL&market=gbr&language=en",https://www.royalcaribbean.com/gbr/en/cruises/itinerary/7-night-western-caribbean-perfect-day-from-miami-on-allure/AL07MIA-2746579308?sail-date=2026-11-15&currency=EUR&country=IRL,AL07MIA-2746579308,Western Caribbean & Perfect Day,7,Allure of the Seas,AL,"Miami, Florida",MIA,"Miami, Florida - Nassau, Bahamas - Perfect Day at CocoCay, Bahamas - Labadee, Haiti - Falmouth, Jamaica - Miami, Florida",AL07MIA-2746579308-2026-10-25,2026-10-25,Spacious Aquatheater Suite 1 Bedroom,4282
2025-11-22T22:09:05.857590,"https://www.royalcaribbean.com/gbr/en/cruises?search=departurePort:BCN,BYE,FLL,LAX,MIA,ROM,SIN,YOK|nights:6~8,9~11,gte12|ship:AL,AN,HM,IC,LE,OA,OV,OY,QN,ST,SY,UT,WN&country=IRL&market=gbr&language=en",https://www.royalcaribbean.com/gbr/en/cruises/itinerary/7-night-western-caribbean-perfect-day-from-miami-on-allure/AL07MIA-2746579308?sail-date=2026-11-15&currency=EUR&country=IRL,AL07MIA-2746579308,Western Caribbean & Perfect Day,7,Allure of the Seas,AL,"Miami, Florida",MIA,"Miami, Florida - Nassau, Bahamas - Perfect Day at CocoCay, Bahamas - Labadee, Haiti - Falmouth, Jamaica - Miami, Florida",AL07MIA-2746579308-2026-10-25,2026-10-25,Ultimate Panoramic Suite,6920
2025-11-22T22:09:05.857590,"https://www.royalcaribbean.com/gbr/en/cruises?search=departurePort:BCN,BYE,FLL,LAX,MIA,ROM,SIN,YOK|nights:6~8,9~11,gte12|ship:AL,AN,HM,IC,LE,OA,OV,OY,QN,ST,SY,UT,WN&country=IRL&market=gbr&language=en",https://www.royalcaribbean.com/gbr/en/cruises/itinerary/7-night-western-caribbean-perfect-day-from-miami-on-allure/AL07MIA-2746579308?sail-date=2026-11-15&currency=EUR&country=IRL,AL07MIA-2746579308,Western Caribbean & Perfect Day,7,Allure of the Seas,AL,"Miami, Florida",MIA,"Miami, Florida - Nassau, Bahamas - Perfect Day at CocoCay, Bahamas - Labadee, Haiti - Falmouth, Jamaica - Miami, Florida",AL07MIA-2746579308-2026-10-25,2026-10-25,Aquatheater Suite With Large Balcony 2 Bedroom,7211
2025-11-22T22:09:05.857590,"https://www.royalcaribbean.com/gbr/en/cruises?search=departurePort:BCN,BYE,FLL,LAX,MIA,ROM,SIN,YOK|nights:6~8,9~11,gte12|ship:AL,AN,HM,IC,LE,OA,OV,OY,QN,ST,SY,UT,WN&country=IRL&market=gbr&language=en",https://www.royalcaribbean.com/gbr/en/cruises/itinerary/7-night-western-caribbean-perfect-day-from-miami-on-allure/AL07MIA-2746579308?sail-date=2026-11-15&currency=EUR&country=IRL,AL07MIA-2746579308,Western Caribbean & Perfect Day,7,Allure of the Seas,AL,"Miami, Florida",MIA,"Miami, Florida - Nassau, Bahamas - Perfect Day at CocoCay, Bahamas - Labadee, Haiti - Falmouth, Jamaica - Miami, Florida",AL07MIA-2746579308-2026-10-25,2026-10-25,Spacious Aquatheater Suite Lg Balcony 2 Bedrooms,7498
2025-11-22T22:09:05.857590,"https://www.royalcaribbean.com/gbr/en/cruises?search=departurePort:BCN,BYE,FLL,LAX,MIA,ROM,SIN,YOK|nights:6~8,9~11,gte12|ship:AL,AN,HM,IC,LE,OA,OV,OY,QN,ST,SY,UT,WN&country=IRL&market=gbr&language=en",https://www.royalcaribbean.com/gbr/en/cruises/itinerary/7-night-western-caribbean-perfect-day-from-miami-on-allure/AL07MIA-2746579308?sail-date=2026-11-15&currency=EUR&country=IRL,AL07MIA-2746579308,Western Caribbean & Perfect Day,7,Allure of the Seas,AL,"Miami, Florida",MIA,"Miami, Florida - Nassau, Bahamas - Perfect Day at CocoCay, Bahamas - Labadee, Haiti - Falmouth, Jamaica - Miami, Florida",AL07MIA-2746579308-2026-10-25,2026-10-25,Star Loft Suite,7685
2025-11-22T22:09:05.857590,"https://www.royalcaribbean.com/gbr/en/cruises?search=departurePort:BCN,BYE,FLL,LAX,MIA,ROM,SIN,YOK|nights:6~8,9~11,gte12|ship:AL,AN,HM,IC,LE,OA,OV,OY,QN,ST,SY,UT,WN&country=IRL&market=gbr&language=en",https://www.royalcaribbean.com/gbr/en/cruises/itinerary/7-night-western-caribbean-perfect-day-from-miami-on-allure/AL07MIA-2746579308?sail-date=2026-11-15&currency=EUR&country=IRL,AL07MIA-2746579308,Western Caribbean & Perfect Day,7,Allure of the Seas,AL,"Miami, Florida",MIA,"Miami, Florida - Nassau, Bahamas - Perfect Day at CocoCay, Bahamas - Labadee, Haiti - Falmouth, Jamaica - Miami, Florida",AL07MIA-2746579308-2026-11-29,2026-11-29,Interior,821
2025-11-22T22:09:05.857590,"https://www.royalcaribbean.com/gbr/en/cruises?search=departurePort:BCN,BYE,FLL,LAX,MIA,ROM,SIN,YOK|nights:6~8,9~11,gte12|ship:AL,AN,HM,IC,LE,OA,OV,OY,QN,ST,SY,UT,WN&country=IRL&market=gbr&language=en",https://www.royalcaribbean.com/gbr/en/cruises/itinerary/7-night-western-caribbean-perfect-day-from-miami-on-allure/AL07MIA-2746579308?sail-date=2026-11-15&currency=EUR&country=IRL,AL07MIA-2746579308,Western Caribbean & Perfect Day,7,Allure of the Seas,AL,"Miami, Florida",MIA,"Miami, Florida - Nassau, Bahamas - Perfect Day at CocoCay, Bahamas - Labadee, Haiti - Falmouth, Jamaica - Miami, Florida",AL07MIA-2746579308-2026-11-29,2026-11-29,Ocean View,977
2025-11-22T22:09:05.857590,"https://www.royalcaribbean.com/gbr/en/cruises?search=departurePort:BCN,BYE,FLL,LAX,MIA,ROM,SIN,YOK|nights:6~8,9~11,gte12|ship:AL,AN,HM,IC,LE,OA,OV,OY,QN,ST,SY,UT,WN&country=IRL&market=gbr&language=en",https://www.royalcaribbean.com/gbr/en/cruises/itinerary/7-night-western-caribbean-perfect-day-from-miami-on-allure/AL07MIA-2746579308?sail-date=2026-11-15&currency=EUR&country=IRL,AL07MIA-2746579308,Western Caribbean & Perfect Day,7,Allure of the Seas,AL,"Miami, Florida",MIA,"Miami, Florida - Nassau, Bahamas - Perfect Day at CocoCay, Bahamas - Labadee, Haiti - Falmouth, Jamaica - Miami, Florida",AL07MIA-2746579308-2026-11-29,2026-11-29,Balcony,1028
2025-11-22T22:09:05.857590,"https://www.royalcaribbean.com/gbr/en/cruises?search=departurePort:BCN,BYE,FLL,LAX,MIA,ROM,SIN,YOK|nights:6~8,9~11,gte12|ship:AL,AN,HM,IC,LE,OA,OV,OY,QN,ST,SY,UT,WN&country=IRL&market=gbr&language=en",https://www.royalcaribbean.com/gbr/en/cruises/itinerary/7-night-western-caribbean-perfect-day-from-miami-on-allure/AL07MIA-2746579308?sail-date=2026-11-15&currency=EUR&country=IRL,AL07MIA-2746579308,Western Caribbean & Perfect Day,7,Allure of the Seas,AL,"Miami, Florida",MIA,"Miami, Florida - Nassau, Bahamas - Perfect Day at CocoCay, Bahamas - Labadee, Haiti - Falmouth, Jamaica - Miami, Florida",AL07MIA-2746579308-2026-11-29,2026-11-29,Suite Guarantee,1689
2025-11-22T22:09:05.857590,"https://www.royalcaribbean.com/gbr/en/cruises?search=departurePort:BCN,BYE,FLL,LAX,MIA,ROM,SIN,YOK|nights:6~8,9~11,gte12|ship:AL,AN,HM,IC,LE,OA,OV,OY,QN,ST,SY,UT,WN&country=IRL&market=gbr&language=en",https://www.royalcaribbean.com/gbr/en/cruises/itinerary/7-night-western-caribbean-perfect-day-from-miami-on-allure/AL07MIA-2746579308?sail-date=2026-11-15&currency=EUR&country=IRL,AL07MIA-2746579308,Western Caribbean & Perfect Day,7,Allure of the Seas,AL,"Miami, Florida",MIA,"Miami, Florida - Nassau, Bahamas - Perfect Day at CocoCay, Bahamas - Labadee, Haiti - Falmouth, Jamaica - Miami, Florida",AL07MIA-2746579308-2026-11-29,2026-11-29,We Choose Your Suite,1689
2025-11-22T22:09:05.857590,"https://www.royalcaribbean.com/gbr/en/cruises?search=departurePort:BCN,BYE,FLL,LAX,MIA,ROM,SIN,YOK|nights:6~8,9~11,gte12|ship:AL,AN,HM,IC,LE,OA,OV,OY,QN,ST,SY,UT,WN&country=IRL&market=gbr&language=en",https://www.royalcaribbean.com/gbr/en/cruises/itinerary/7-night-western-caribbean-perfect-day-from-miami-on-allure/AL07MIA-2746579308?sail-date=2026-11-15&currency=EUR&country=IRL,AL07MIA-2746579308,Western Caribbean & Perfect Day,7,Allure of the Seas,AL,"Miami, Florida",MIA,"Miami, Florida - Nassau, Bahamas - Perfect Day at CocoCay, Bahamas - Labadee, Haiti - Falmouth, Jamaica - Miami, Florida",AL07MIA-2746579308-2026-11-29,2026-11-29,Junior Suite,1787
2025-11-22T22:09:05.857590,"https://www.royalcaribbean.com/gbr/en/cruises?search=departurePort:BCN,BYE,FLL,LAX,MIA,ROM,SIN,YOK|nights:6~8,9~11,gte12|ship:AL,AN,HM,IC,LE,OA,OV,OY,QN,ST,SY,UT,WN&country=IRL&market=gbr&language=en",https://www.royalcaribbean.com/gbr/en/cruises/itinerary/7-night-western-caribbean-perfect-day-from-miami-on-allure/AL07MIA-2746579308?sail-date=2026-11-15&currency=EUR&country=IRL,AL07MIA-2746579308,Western Caribbean & Perfect Day,7,Allure of the Seas,AL,"Miami, Florida",MIA,"Miami, Florida - Nassau, Bahamas - Perfect Day at CocoCay, Bahamas - Labadee, Haiti - Falmouth, Jamaica - Miami, Florida",AL07MIA-2746579308-2026-11-29,2026-11-29,Sky Junior Suite,2494
2025-11-22T22:09:05.857590,"https://www.royalcaribbean.com/gbr/en/cruises?search=departurePort:BCN,BYE,FLL,LAX,MIA,ROM,SIN,YOK|nights:6~8,9~11,gte12|ship:AL,AN,HM,IC,LE,OA,OV,OY,QN,ST,SY,UT,WN&country=IRL&market=gbr&language=en",https://www.royalcaribbean.com/gbr/en/cruises/itinerary/7-night-western-caribbean-perfect-day-from-miami-on-allure/AL07MIA-2746579308?sail-date=2026-11-15&currency=EUR&country=IRL,AL07MIA-2746579308,Western Caribbean & Perfect Day,7,Allure of the Seas,AL,"Miami, Florida",MIA,"Miami, Florida - Nassau, Bahamas - Perfect Day at CocoCay, Bahamas - Labadee, Haiti - Falmouth, Jamaica - Miami, Florida",AL07MIA-2746579308-2026-11-29,2026-11-29,Grand Suite 1 Bedroom,3099
2025-11-22T22:09:05.857590,"https://www.royalcaribbean.com/gbr/en/cruises?search=departurePort:BCN,BYE,FLL,LAX,MIA,ROM,SIN,YOK|nights:6~8,9~11,gte12|ship:AL,AN,HM,IC,LE,OA,OV,OY,QN,ST,SY,UT,WN&country=IRL&market=gbr&language=en",https://www.royalcaribbean.com/gbr/en/cruises/itinerary/7-night-western-caribbean-perfect-day-from-miami-on-allure/AL07MIA-2746579308?sail-date=2026-11-15&currency=EUR&country=IRL,AL07MIA-2746579308,Western Caribbean & Perfect Day,7,Allure of the Seas,AL,"Miami, Florida",MIA,"Miami, Florida - Nassau, Bahamas - Perfect Day at CocoCay, Bahamas - Labadee, Haiti - Falmouth, Jamaica - Miami, Florida",AL07MIA-2746579308-2026-11-29,2026-11-29,Crown Loft Suite,3791
2025-11-22T22:09:05.857590,"https://www.royalcaribbean.com/gbr/en/cruises?search=departurePort:BCN,BYE,FLL,LAX,MIA,ROM,SIN,YOK|nights:6~8,9~11,gte12|ship:AL,AN,HM,IC,LE,OA,OV,OY,QN,ST,SY,UT,WN&country=IRL&market=gbr&language=en",https://www.royalcaribbean.com/gbr/en/cruises/itinerary/7-night-western-caribbean-perfect-day-from-miami-on-allure/AL07MIA-2746579308?sail-date=2026-11-15&currency=EUR&country=IRL,AL07MIA-2746579308,Western Caribbean & Perfect Day,7,Allure of the Seas,AL,"Miami, Florida",MIA,"Miami, Florida - Nassau, Bahamas - Perfect Day at CocoCay, Bahamas - Labadee, Haiti - Falmouth, Jamaica - Miami, Florida",AL07MIA-2746579308-2026-11-29,2026-11-29,Owners Suite 1 Bedroom,3804
2025-11-22T22:09:05.857590,"https://www.royalcaribbean.com/gbr/en/cruises?search=departurePort:BCN,BYE,FLL,LAX,MIA,ROM,SIN,YOK|nights:6~8,9~11,gte12|ship:AL,AN,HM,IC,LE,OA,OV,OY,QN,ST,SY,UT,WN&country=IRL&market=gbr&language=en",https://www.royalcaribbean.com/gbr/en/cruises/itinerary/7-night-western-caribbean-perfect-day-from-miami-on-allure/AL07MIA-2746579308?sail-date=2026-11-15&currency=EUR&country=IRL,AL07MIA-2746579308,Western Caribbean & Perfect Day,7,Allure of the Seas,AL,"Miami, Florida",MIA,"Miami, Florida - Nassau, Bahamas - Perfect Day at CocoCay, Bahamas - Labadee, Haiti - Falmouth, Jamaica - Miami, Florida",AL07MIA-2746579308-2026-11-29,2026-11-29,Aquatheater Suite 1 Bedroom,4171
2025-11-22T22:09:05.857590,"https://www.royalcaribbean.com/gbr/en/cruises?search=departurePort:BCN,BYE,FLL,LAX,MIA,ROM,SIN,YOK|nights:6~8,9~11,gte12|ship:AL,AN,HM,IC,LE,OA,OV,OY,QN,ST,SY,UT,WN&country=IRL&market=gbr&language=en",https://www.royalcaribbean.com/gbr/en/cruises/itinerary/7-night-western-caribbean-perfect-day-from-miami-on-allure/AL07MIA-2746579308?sail-date=2026-11-15&currency=EUR&country=IRL,AL07MIA-2746579308,Western Caribbean & Perfect Day,7,Allure of the Seas,AL,"Miami, Florida",MIA,"Miami, Florida - Nassau, Bahamas - Perfect Day at CocoCay, Bahamas - Labadee, Haiti - Falmouth, Jamaica - Miami, Florida",AL07MIA-2746579308-2026-11-29,2026-11-29,Spacious Aquatheater Suite 1 Bedroom,4282
2025-11-22T22:09:05.857590,"https://www.royalcaribbean.com/gbr/en/cruises?search=departurePort:BCN,BYE,FLL,LAX,MIA,ROM,SIN,YOK|nights:6~8,9~11,gte12|ship:AL,AN,HM,IC,LE,OA,OV,OY,QN,ST,SY,UT,WN&country=IRL&market=gbr&language=en",https://www.royalcaribbean.com/gbr/en/cruises/itinerary/7-night-western-caribbean-perfect-day-from-miami-on-allure/AL07MIA-2746579308?sail-date=2026-11-15&currency=EUR&country=IRL,AL07MIA-2746579308,Western Caribbean & Perfect Day,7,Allure of the Seas,AL,"Miami, Florida",MIA,"Miami, Florida - Nassau, Bahamas - Perfect Day at CocoCay, Bahamas - Labadee, Haiti - Falmouth, Jamaica - Miami, Florida",AL07MIA-2746579308-2026-11-29,2026-11-29,Ultimate Panoramic Suite,6920
2025-11-22T22:09:05.857590,"https://www.royalcaribbean.com/gbr/en/cruises?search=departurePort:BCN,BYE,FLL,LAX,MIA,ROM,SIN,YOK|nights:6~8,9~11,gte12|ship:AL,AN,HM,IC,LE,OA,OV,OY,QN,ST,SY,UT,WN&country=IRL&market=gbr&language=en",https://www.royalcaribbean.com/gbr/en/cruises/itinerary/7-night-western-caribbean-perfect-day-from-miami-on-allure/AL07MIA-2746579308?sail-date=2026-11-15&currency=EUR&country=IRL,AL07MIA-2746579308,Western Caribbean & Perfect Day,7,Allure of the Seas,AL,"Miami, Florida",MIA,"Miami, Florida - Nassau, Bahamas - Perfect Day at CocoCay, Bahamas - Labadee, Haiti - Falmouth, Jamaica - Miami, Florida",AL07MIA-2746579308-2026-11-29,2026-11-29,Aquatheater Suite With Large Balcony 2 Bedroom,7211
2025-11-22T22:09:05.857590,"https://www.royalcaribbean.com/gbr/en/cruises?search=departurePort:BCN,BYE,FLL,LAX,MIA,ROM,SIN,YOK|nights:6~8,9~11,gte12|ship:AL,AN,HM,IC,LE,OA,OV,OY,QN,ST,SY,UT,WN&country=IRL&market=gbr&language=en",https://www.royalcaribbean.com/gbr/en/cruises/itinerary/7-night-western-caribbean-perfect-day-from-miami-on-allure/AL07MIA-2746579308?sail-date=2026-11-15&currency=EUR&country=IRL,AL07MIA-2746579308,Western Caribbean & Perfect Day,7,Allure of the Seas,AL,"Miami, Florida",MIA,"Miami, Florida - Nassau, Bahamas - Perfect Day at CocoCay, Bahamas - Labadee, Haiti - Falmouth, Jamaica - Miami, Florida",AL07MIA-2746579308-2026-11-29,2026-11-29,Spacious Aquatheater Suite Lg Balcony 2 Bedrooms,7498
2025-11-22T22:09:05.857590,"https://www.royalcaribbean.com/gbr/en/cruises?search=departurePort:BCN,BYE,FLL,LAX,MIA,ROM,SIN,YOK|nights:6~8,9~11,gte12|ship:AL,AN,HM,IC,LE,OA,OV,OY,QN,ST,SY,UT,WN&country=IRL&market=gbr&language=en",https://www.royalcaribbean.com/gbr/en/cruises/itinerary/7-night-western-caribbean-perfect-day-from-miami-on-allure/AL07MIA-2746579308?sail-date=2026-11-15&currency=EUR&country=IRL,AL07MIA-2746579308,Western Caribbean & Perfect Day,7,Allure of the Seas,AL,"Miami, Florida",MIA,"Miami, Florida - Nassau, Bahamas - Perfect Day at CocoCay, Bahamas - Labadee, Haiti - Falmouth, Jamaica - Miami, Florida",AL07MIA-2746579308-2026-11-29,2026-11-29,Star Loft Suite,7685
2025-11-22T22:09:05.857590,"https://www.royalcaribbean.com/gbr/en/cruises?search=departurePort:BCN,BYE,FLL,LAX,MIA,ROM,SIN,YOK|nights:6~8,9~11,gte12|ship:AL,AN,HM,IC,LE,OA,OV,OY,QN,ST,SY,UT,WN&country=IRL&market=gbr&language=en",https://www.royalcaribbean.com/gbr/en/cruises/itinerary/7-night-western-caribbean-perfect-day-from-miami-on-allure/AL07MIA-2746579308?sail-date=2026-11-15&currency=EUR&country=IRL,AL07MIA-2746579308,Western Caribbean & Perfect Day,7,Allure of the Seas,AL,"Miami, Florida",MIA,"Miami, Florida - Nassau, Bahamas - Perfect Day at CocoCay, Bahamas - Labadee, Haiti - Falmouth, Jamaica - Miami, Florida",AL07MIA-2746579308-2026-12-13,2026-12-13,Interior,845
2025-11-22T22:09:05.857590,"https://www.royalcaribbean.com/gbr/en/cruises?search=departurePort:BCN,BYE,FLL,LAX,MIA,ROM,SIN,YOK|nights:6~8,9~11,gte12|ship:AL,AN,HM,IC,LE,OA,OV,OY,QN,ST,SY,UT,WN&country=IRL&market=gbr&language=en",https://www.royalcaribbean.com/gbr/en/cruises/itinerary/7-night-western-caribbean-perfect-day-from-miami-on-allure/AL07MIA-2746579308?sail-date=2026-11-15&currency=EUR&country=IRL,AL07MIA-2746579308,Western Caribbean & Perfect Day,7,Allure of the Seas,AL,"Miami, Florida",MIA,"Miami, Florida - Nassau, Bahamas - Perfect Day at CocoCay, Bahamas - Labadee, Haiti - Falmouth, Jamaica - Miami, Florida",AL07MIA-2746579308-2026-12-13,2026-12-13,Ocean View,1039
2025-11-22T22:09:05.857590,"https://www.royalcaribbean.com/gbr/en/cruises?search=departurePort:BCN,BYE,FLL,LAX,MIA,ROM,SIN,YOK|nights:6~8,9~11,gte12|ship:AL,AN,HM,IC,LE,OA,OV,OY,QN,ST,SY,UT,WN&country=IRL&market=gbr&language=en",https://www.royalcaribbean.com/gbr/en/cruises/itinerary/7-night-western-caribbean-perfect-day-from-miami-on-allure/AL07MIA-2746579308?sail-date=2026-11-15&currency=EUR&country=IRL,AL07MIA-2746579308,Western Caribbean & Perfect Day,7,Allure of the Seas,AL,"Miami, Florida",MIA,"Miami, Florida - Nassau, Bahamas - Perfect Day at CocoCay, Bahamas - Labadee, Haiti - Falmouth, Jamaica - Miami, Florida",AL07MIA-2746579308-2026-12-13,2026-12-13,Balcony,1059
2025-11-22T22:09:05.857590,"https://www.royalcaribbean.com/gbr/en/cruises?search=departurePort:BCN,BYE,FLL,LAX,MIA,ROM,SIN,YOK|nights:6~8,9~11,gte12|ship:AL,AN,HM,IC,LE,OA,OV,OY,QN,ST,SY,UT,WN&country=IRL&market=gbr&language=en",https://www.royalcaribbean.com/gbr/en/cruises/itinerary/7-night-western-caribbean-perfect-day-from-miami-on-allure/AL07MIA-2746579308?sail-date=2026-11-15&currency=EUR&country=IRL,AL07MIA-2746579308,Western Caribbean & Perfect Day,7,Allure of the Seas,AL,"Miami, Florida",MIA,"Miami, Florida - Nassau, Bahamas - Perfect Day at CocoCay, Bahamas - Labadee, Haiti - Falmouth, Jamaica - Miami, Florida",AL07MIA-2746579308-2026-12-13,2026-12-13,Suite Guarantee,1887
2025-11-22T22:09:05.857590,"https://www.royalcaribbean.com/gbr/en/cruises?search=departurePort:BCN,BYE,FLL,LAX,MIA,ROM,SIN,YOK|nights:6~8,9~11,gte12|ship:AL,AN,HM,IC,LE,OA,OV,OY,QN,ST,SY,UT,WN&country=IRL&market=gbr&language=en",https://www.royalcaribbean.com/gbr/en/cruises/itinerary/7-night-western-caribbean-perfect-day-from-miami-on-allure/AL07MIA-2746579308?sail-date=2026-11-15&currency=EUR&country=IRL,AL07MIA-2746579308,Western Caribbean & Perfect Day,7,Allure of the Seas,AL,"Miami, Florida",MIA,"Miami, Florida - Nassau, Bahamas - Perfect Day at CocoCay, Bahamas - Labadee, Haiti - Falmouth, Jamaica - Miami, Florida",AL07MIA-2746579308-2026-12-13,2026-12-13,We Choose Your Suite,1689
2025-11-22T22:09:05.857590,"https://www.royalcaribbean.com/gbr/en/cruises?search=departurePort:BCN,BYE,FLL,LAX,MIA,ROM,SIN,YOK|nights:6~8,9~11,gte12|ship:AL,AN,HM,IC,LE,OA,OV,OY,QN,ST,SY,UT,WN&country=IRL&market=gbr&language=en",https://www.royalcaribbean.com/gbr/en/cruises/itinerary/7-night-western-caribbean-perfect-day-from-miami-on-allure/AL07MIA-2746579308?sail-date=2026-11-15&currency=EUR&country=IRL,AL07MIA-2746579308,Western Caribbean & Perfect Day,7,Allure of the Seas,AL,"Miami, Florida",MIA,"Miami, Florida - Nassau, Bahamas - Perfect Day at CocoCay, Bahamas - Labadee, Haiti - Falmouth, Jamaica - Miami, Florida",AL07MIA-2746579308-2026-12-13,2026-12-13,Junior Suite,1787
2025-11-22T22:09:05.857590,"https://www.royalcaribbean.com/gbr/en/cruises?search=departurePort:BCN,BYE,FLL,LAX,MIA,ROM,SIN,YOK|nights:6~8,9~11,gte12|ship:AL,AN,HM,IC,LE,OA,OV,OY,QN,ST,SY,UT,WN&country=IRL&market=gbr&language=en",https://www.royalcaribbean.com/gbr/en/cruises/itinerary/7-night-western-caribbean-perfect-day-from-miami-on-allure/AL07MIA-2746579308?sail-date=2026-11-15&currency=EUR&country=IRL,AL07MIA-2746579308,Western Caribbean & Perfect Day,7,Allure of the Seas,AL,"Miami, Florida",MIA,"Miami, Florida - Nassau, Bahamas - Perfect Day at CocoCay, Bahamas - Labadee, Haiti - Falmouth, Jamaica - Miami, Florida",AL07MIA-2746579308-2026-12-13,2026-12-13,Sky Junior Suite,2494
2025-11-22T22:09:05.857590,"https://www.royalcaribbean.com/gbr/en/cruises?search=departurePort:BCN,BYE,FLL,LAX,MIA,ROM,SIN,YOK|nights:6~8,9~11,gte12|ship:AL,AN,HM,IC,LE,OA,OV,OY,QN,ST,SY,UT,WN&country=IRL&market=gbr&language=en",https://www.royalcaribbean.com/gbr/en/cruises/itinerary/7-night-western-caribbean-perfect-day-from-miami-on-allure/AL07MIA-2746579308?sail-date=2026-11-15&currency=EUR&country=IRL,AL07MIA-2746579308,Western Caribbean & Perfect Day,7,Allure of the Seas,AL,"Miami, Florida",MIA,"Miami, Florida - Nassau, Bahamas - Perfect Day at CocoCay, Bahamas - Labadee, Haiti - Falmouth, Jamaica - Miami, Florida",AL07MIA-2746579308-2026-12-13,2026-12-13,Grand Suite 1 Bedroom,3099
2025-11-22T22:09:05.857590,"https://www.royalcaribbean.com/gbr/en/cruises?search=departurePort:BCN,BYE,FLL,LAX,MIA,ROM,SIN,YOK|nights:6~8,9~11,gte12|ship:AL,AN,HM,IC,LE,OA,OV,OY,QN,ST,SY,UT,WN&country=IRL&market=gbr&language=en",https://www.royalcaribbean.com/gbr/en/cruises/itinerary/7-night-western-caribbean-perfect-day-from-miami-on-allure/AL07MIA-2746579308?sail-date=2026-11-15&currency=EUR&country=IRL,AL07MIA-2746579308,Western Caribbean & Perfect Day,7,Allure of the Seas,AL,"Miami, Florida",MIA,"Miami, Florida - Nassau, Bahamas - Perfect Day at CocoCay, Bahamas - Labadee, Haiti - Falmouth, Jamaica - Miami, Florida",AL07MIA-2746579308-2026-12-13,2026-12-13,Crown Loft Suite,3791
2025-11-22T22:09:05.857590,"https://www.royalcaribbean.com/gbr/en/cruises?search=departurePort:BCN,BYE,FLL,LAX,MIA,ROM,SIN,YOK|nights:6~8,9~11,gte12|ship:AL,AN,HM,IC,LE,OA,OV,OY,QN,ST,SY,UT,WN&country=IRL&market=gbr&language=en",https://www.royalcaribbean.com/gbr/en/cruises/itinerary/7-night-western-caribbean-perfect-day-from-miami-on-allure/AL07MIA-2746579308?sail-date=2026-11-15&currency=EUR&country=IRL,AL07MIA-2746579308,Western Caribbean & Perfect Day,7,Allure of the Seas,AL,"Miami, Florida",MIA,"Miami, Florida - Nassau, Bahamas - Perfect Day at CocoCay, Bahamas - Labadee, Haiti - Falmouth, Jamaica - Miami, Florida",AL07MIA-2746579308-2026-12-13,2026-12-13,Owners Suite 1 Bedroom,3804
2025-11-22T22:09:05.857590,"https://www.royalcaribbean.com/gbr/en/cruises?search=departurePort:BCN,BYE,FLL,LAX,MIA,ROM,SIN,YOK|nights:6~8,9~11,gte12|ship:AL,AN,HM,IC,LE,OA,OV,OY,QN,ST,SY,UT,WN&country=IRL&market=gbr&language=en",https://www.royalcaribbean.com/gbr/en/cruises/itinerary/7-night-western-caribbean-perfect-day-from-miami-on-allure/AL07MIA-2746579308?sail-date=2026-11-15&currency=EUR&country=IRL,AL07MIA-2746579308,Western Caribbean & Perfect Day,7,Allure of the Seas,AL,"Miami, Florida",MIA,"Miami, Florida - Nassau, Bahamas - Perfect Day at CocoCay, Bahamas - Labadee, Haiti - Falmouth, Jamaica - Miami, Florida",AL07MIA-2746579308-2026-12-13,2026-12-13,Aquatheater Suite 1 Bedroom,4171
2025-11-22T22:09:05.857590,"https://www.royalcaribbean.com/gbr/en/cruises?search=departurePort:BCN,BYE,FLL,LAX,MIA,ROM,SIN,YOK|nights:6~8,9~11,gte12|ship:AL,AN,HM,IC,LE,OA,OV,OY,QN,ST,SY,UT,WN&country=IRL&market=gbr&language=en",https://www.royalcaribbean.com/gbr/en/cruises/itinerary/7-night-western-caribbean-perfect-day-from-miami-on-allure/AL07MIA-2746579308?sail-date=2026-11-15&currency=EUR&country=IRL,AL07MIA-2746579308,Western Caribbean & Perfect Day,7,Allure of the Seas,AL,"Miami, Florida",MIA,"Miami, Florida - Nassau, Bahamas - Perfect Day at CocoCay, Bahamas - Labadee, Haiti - Falmouth, Jamaica - Miami, Florida",AL07MIA-2746579308-2026-12-13,2026-12-13,Spacious Aquatheater Suite 1 Bedroom,4282
2025-11-22T22:09:05.857590,"https://www.royalcaribbean.com/gbr/en/cruises?search=departurePort:BCN,BYE,FLL,LAX,MIA,ROM,SIN,YOK|nights:6~8,9~11,gte12|ship:AL,AN,HM,IC,LE,OA,OV,OY,QN,ST,SY,UT,WN&country=IRL&market=gbr&language=en",https://www.royalcaribbean.com/gbr/en/cruises/itinerary/7-night-western-caribbean-perfect-day-from-miami-on-allure/AL07MIA-2746579308?sail-date=2026-11-15&currency=EUR&country=IRL,AL07MIA-2746579308,Western Caribbean & Perfect Day,7,Allure of the Seas,AL,"Miami, Florida",MIA,"Miami, Florida - Nassau, Bahamas - Perfect Day at CocoCay, Bahamas - Labadee, Haiti - Falmouth, Jamaica - Miami, Florida",AL07MIA-2746579308-2026-12-13,2026-12-13,Ultimate Panoramic Suite,6920
2025-11-22T22:09:05.857590,"https://www.royalcaribbean.com/gbr/en/cruises?search=departurePort:BCN,BYE,FLL,LAX,MIA,ROM,SIN,YOK|nights:6~8,9~11,gte12|ship:AL,AN,HM,IC,LE,OA,OV,OY,QN,ST,SY,UT,WN&country=IRL&market=gbr&language=en",https://www.royalcaribbean.com/gbr/en/cruises/itinerary/7-night-western-caribbean-perfect-day-from-miami-on-allure/AL07MIA-2746579308?sail-date=2026-11-15&currency=EUR&country=IRL,AL07MIA-2746579308,Western Caribbean & Perfect Day,7,Allure of the Seas,AL,"Miami, Florida",MIA,"Miami, Florida - Nassau, Bahamas - Perfect Day at CocoCay, Bahamas - Labadee, Haiti - Falmouth, Jamaica - Miami, Florida",AL07MIA-2746579308-2026-12-13,2026-12-13,Aquatheater Suite With Large Balcony 2 Bedroom,7211
2025-11-22T22:09:05.857590,"https://www.royalcaribbean.com/gbr/en/cruises?search=departurePort:BCN,BYE,FLL,LAX,MIA,ROM,SIN,YOK|nights:6~8,9~11,gte12|ship:AL,AN,HM,IC,LE,OA,OV,OY,QN,ST,SY,UT,WN&country=IRL&market=gbr&language=en",https://www.royalcaribbean.com/gbr/en/cruises/itinerary/7-night-western-caribbean-perfect-day-from-miami-on-allure/AL07MIA-2746579308?sail-date=2026-11-15&currency=EUR&country=IRL,AL07MIA-2746579308,Western Caribbean & Perfect Day,7,Allure of the Seas,AL,"Miami, Florida",MIA,"Miami, Florida - Nassau, Bahamas - Perfect Day at CocoCay, Bahamas - Labadee, Haiti - Falmouth, Jamaica - Miami, Florida",AL07MIA-2746579308-2026-12-13,2026-12-13,Spacious Aquatheater Suite Lg Balcony 2 Bedrooms,7498
2025-11-22T22:09:05.857590,"https://www.royalcaribbean.com/gbr/en/cruises?search=departurePort:BCN,BYE,FLL,LAX,MIA,ROM,SIN,YOK|nights:6~8,9~11,gte12|ship:AL,AN,HM,IC,LE,OA,OV,OY,QN,ST,SY,UT,WN&country=IRL&market=gbr&language=en",https://www.royalcaribbean.com/gbr/en/cruises/itinerary/7-night-western-caribbean-perfect-day-from-miami-on-allure/AL07MIA-2746579308?sail-date=2026-11-15&currency=EUR&country=IRL,AL07MIA-2746579308,Western Caribbean & Perfect Day,7,Allure of the Seas,AL,"Miami, Florida",MIA,"Miami, Florida - Nassau, Bahamas - Perfect Day at CocoCay, Bahamas - Labadee, Haiti - Falmouth, Jamaica - Miami, Florida",AL07MIA-2746579308-2026-12-13,2026-12-13,Star Loft Suite,7685
2025-11-22T22:09:05.857590,"https://www.royalcaribbean.com/gbr/en/cruises?search=departurePort:BCN,BYE,FLL,LAX,MIA,ROM,SIN,YOK|nights:6~8,9~11,gte12|ship:AL,AN,HM,IC,LE,OA,OV,OY,QN,ST,SY,UT,WN&country=IRL&market=gbr&language=en",https://www.royalcaribbean.com/gbr/en/cruises/itinerary/7-night-western-caribbean-perfect-day-from-miami-on-allure/AL07MIA-2746579308?sail-date=2026-11-15&currency=EUR&country=IRL,AL07MIA-2746579308,Western Caribbean & Perfect Day,7,Allure of the Seas,AL,"Miami, Florida",MIA,"Miami, Florida - Nassau, Bahamas - Perfect Day at CocoCay, Bahamas - Labadee, Haiti - Falmouth, Jamaica - Miami, Florida",AL07MIA-2746579308-2027-02-21,2027-02-21,Interior,829
2025-11-22T22:09:05.857590,"https://www.royalcaribbean.com/gbr/en/cruises?search=departurePort:BCN,BYE,FLL,LAX,MIA,ROM,SIN,YOK|nights:6~8,9~11,gte12|ship:AL,AN,HM,IC,LE,OA,OV,OY,QN,ST,SY,UT,WN&country=IRL&market=gbr&language=en",https://www.royalcaribbean.com/gbr/en/cruises/itinerary/7-night-western-caribbean-perfect-day-from-miami-on-allure/AL07MIA-2746579308?sail-date=2026-11-15&currency=EUR&country=IRL,AL07MIA-2746579308,Western Caribbean & Perfect Day,7,Allure of the Seas,AL,"Miami, Florida",MIA,"Miami, Florida - Nassau, Bahamas - Perfect Day at CocoCay, Bahamas - Labadee, Haiti - Falmouth, Jamaica - Miami, Florida",AL07MIA-2746579308-2027-02-21,2027-02-21,Ocean View,947
2025-11-22T22:09:05.857590,"https://www.royalcaribbean.com/gbr/en/cruises?search=departurePort:BCN,BYE,FLL,LAX,MIA,ROM,SIN,YOK|nights:6~8,9~11,gte12|ship:AL,AN,HM,IC,LE,OA,OV,OY,QN,ST,SY,UT,WN&country=IRL&market=gbr&language=en",https://www.royalcaribbean.com/gbr/en/cruises/itinerary/7-night-western-caribbean-perfect-day-from-miami-on-allure/AL07MIA-2746579308?sail-date=2026-11-15&currency=EUR&country=IRL,AL07MIA-2746579308,Western Caribbean & Perfect Day,7,Allure of the Seas,AL,"Miami, Florida",MIA,"Miami, Florida - Nassau, Bahamas - Perfect Day at CocoCay, Bahamas - Labadee, Haiti - Falmouth, Jamaica - Miami, Florida",AL07MIA-2746579308-2027-02-21,2027-02-21,Balcony,998
2025-11-22T22:09:05.857590,"https://www.royalcaribbean.com/gbr/en/cruises?search=departurePort:BCN,BYE,FLL,LAX,MIA,ROM,SIN,YOK|nights:6~8,9~11,gte12|ship:AL,AN,HM,IC,LE,OA,OV,OY,QN,ST,SY,UT,WN&country=IRL&market=gbr&language=en",https://www.royalcaribbean.com/gbr/en/cruises/itinerary/7-night-western-caribbean-perfect-day-from-miami-on-allure/AL07MIA-2746579308?sail-date=2026-11-15&currency=EUR&country=IRL,AL07MIA-2746579308,Western Caribbean & Perfect Day,7,Allure of the Seas,AL,"Miami, Florida",MIA,"Miami, Florida - Nassau, Bahamas - Perfect Day at CocoCay, Bahamas - Labadee, Haiti - Falmouth, Jamaica - Miami, Florida",AL07MIA-2746579308-2027-02-21,2027-02-21,Suite Guarantee,1835
2025-11-22T22:09:05.857590,"https://www.royalcaribbean.com/gbr/en/cruises?search=departurePort:BCN,BYE,FLL,LAX,MIA,ROM,SIN,YOK|nights:6~8,9~11,gte12|ship:AL,AN,HM,IC,LE,OA,OV,OY,QN,ST,SY,UT,WN&country=IRL&market=gbr&language=en",https://www.royalcaribbean.com/gbr/en/cruises/itinerary/7-night-western-caribbean-perfect-day-from-miami-on-allure/AL07MIA-2746579308?sail-date=2026-11-15&currency=EUR&country=IRL,AL07MIA-2746579308,Western Caribbean & Perfect Day,7,Allure of the Seas,AL,"Miami, Florida",MIA,"Miami, Florida - Nassau, Bahamas - Perfect Day at CocoCay, Bahamas - Labadee, Haiti - Falmouth, Jamaica - Miami, Florida",AL07MIA-2746579308-2027-02-21,2027-02-21,We Choose Your Suite,1689
2025-11-22T22:09:05.857590,"https://www.royalcaribbean.com/gbr/en/cruises?search=departurePort:BCN,BYE,FLL,LAX,MIA,ROM,SIN,YOK|nights:6~8,9~11,gte12|ship:AL,AN,HM,IC,LE,OA,OV,OY,QN,ST,SY,UT,WN&country=IRL&market=gbr&language=en",https://www.royalcaribbean.com/gbr/en/cruises/itinerary/7-night-western-caribbean-perfect-day-from-miami-on-allure/AL07MIA-2746579308?sail-date=2026-11-15&currency=EUR&country=IRL,AL07MIA-2746579308,Western Caribbean & Perfect Day,7,Allure of the Seas,AL,"Miami, Florida",MIA,"Miami, Florida - Nassau, Bahamas - Perfect Day at CocoCay, Bahamas - Labadee, Haiti - Falmouth, Jamaica - Miami, Florida",AL07MIA-2746579308-2027-02-21,2027-02-21,Junior Suite,1787
2025-11-22T22:09:05.857590,"https://www.royalcaribbean.com/gbr/en/cruises?search=departurePort:BCN,BYE,FLL,LAX,MIA,ROM,SIN,YOK|nights:6~8,9~11,gte12|ship:AL,AN,HM,IC,LE,OA,OV,OY,QN,ST,SY,UT,WN&country=IRL&market=gbr&language=en",https://www.royalcaribbean.com/gbr/en/cruises/itinerary/7-night-western-caribbean-perfect-day-from-miami-on-allure/AL07MIA-2746579308?sail-date=2026-11-15&currency=EUR&country=IRL,AL07MIA-2746579308,Western Caribbean & Perfect Day,7,Allure of the Seas,AL,"Miami, Florida",MIA,"Miami, Florida - Nassau, Bahamas - Perfect Day at CocoCay, Bahamas - Labadee, Haiti - Falmouth, Jamaica - Miami, Florida",AL07MIA-2746579308-2027-02-21,2027-02-21,Sky Junior Suite,2494
2025-11-22T22:09:05.857590,"https://www.royalcaribbean.com/gbr/en/cruises?search=departurePort:BCN,BYE,FLL,LAX,MIA,ROM,SIN,YOK|nights:6~8,9~11,gte12|ship:AL,AN,HM,IC,LE,OA,OV,OY,QN,ST,SY,UT,WN&country=IRL&market=gbr&language=en",https://www.royalcaribbean.com/gbr/en/cruises/itinerary/7-night-western-caribbean-perfect-day-from-miami-on-allure/AL07MIA-2746579308?sail-date=2026-11-15&currency=EUR&country=IRL,AL07MIA-2746579308,Western Caribbean & Perfect Day,7,Allure of the Seas,AL,"Miami, Florida",MIA,"Miami, Florida - Nassau, Bahamas - Perfect Day at CocoCay, Bahamas - Labadee, Haiti - Falmouth, Jamaica - Miami, Florida",AL07MIA-2746579308-2027-02-21,2027-02-21,Grand Suite 1 Bedroom,3099
2025-11-22T22:09:05.857590,"https://www.royalcaribbean.com/gbr/en/cruises?search=departurePort:BCN,BYE,FLL,LAX,MIA,ROM,SIN,YOK|nights:6~8,9~11,gte12|ship:AL,AN,HM,IC,LE,OA,OV,OY,QN,ST,SY,UT,WN&country=IRL&market=gbr&language=en",https://www.royalcaribbean.com/gbr/en/cruises/itinerary/7-night-western-caribbean-perfect-day-from-miami-on-allure/AL07MIA-2746579308?sail-date=2026-11-15&currency=EUR&country=IRL,AL07MIA-2746579308,Western Caribbean & Perfect Day,7,Allure of the Seas,AL,"Miami, Florida",MIA,"Miami, Florida - Nassau, Bahamas - Perfect Day at CocoCay, Bahamas - Labadee, Haiti - Falmouth, Jamaica - Miami, Florida",AL07MIA-2746579308-2027-02-21,2027-02-21,Crown Loft Suite,3791
2025-11-22T22:09:05.857590,"https://www.royalcaribbean.com/gbr/en/cruises?search=departurePort:BCN,BYE,FLL,LAX,MIA,ROM,SIN,YOK|nights:6~8,9~11,gte12|ship:AL,AN,HM,IC,LE,OA,OV,OY,QN,ST,SY,UT,WN&country=IRL&market=gbr&language=en",https://www.royalcaribbean.com/gbr/en/cruises/itinerary/7-night-western-caribbean-perfect-day-from-miami-on-allure/AL07MIA-2746579308?sail-date=2026-11-15&currency=EUR&country=IRL,AL07MIA-2746579308,Western Caribbean & Perfect Day,7,Allure of the Seas,AL,"Miami, Florida",MIA,"Miami, Florida - Nassau, Bahamas - Perfect Day at CocoCay, Bahamas - Labadee, Haiti - Falmouth, Jamaica - Miami, Florida",AL07MIA-2746579308-2027-02-21,2027-02-21,Owners Suite 1 Bedroom,3804
2025-11-22T22:09:05.857590,"https://www.royalcaribbean.com/gbr/en/cruises?search=departurePort:BCN,BYE,FLL,LAX,MIA,ROM,SIN,YOK|nights:6~8,9~11,gte12|ship:AL,AN,HM,IC,LE,OA,OV,OY,QN,ST,SY,UT,WN&country=IRL&market=gbr&language=en",https://www.royalcaribbean.com/gbr/en/cruises/itinerary/7-night-western-caribbean-perfect-day-from-miami-on-allure/AL07MIA-2746579308?sail-date=2026-11-15&currency=EUR&country=IRL,AL07MIA-2746579308,Western Caribbean & Perfect Day,7,Allure of the Seas,AL,"Miami, Florida",MIA,"Miami, Florida - Nassau, Bahamas - Perfect Day at CocoCay, Bahamas - Labadee, Haiti - Falmouth, Jamaica - Miami, Florida",AL07MIA-2746579308-2027-02-21,2027-02-21,Aquatheater Suite 1 Bedroom,4171
2025-11-22T22:09:05.857590,"https://www.royalcaribbean.com/gbr/en/cruises?search=departurePort:BCN,BYE,FLL,LAX,MIA,ROM,SIN,YOK|nights:6~8,9~11,gte12|ship:AL,AN,HM,IC,LE,OA,OV,OY,QN,ST,SY,UT,WN&country=IRL&market=gbr&language=en",https://www.royalcaribbean.com/gbr/en/cruises/itinerary/7-night-western-caribbean-perfect-day-from-miami-on-allure/AL07MIA-2746579308?sail-date=2026-11-15&currency=EUR&country=IRL,AL07MIA-2746579308,Western Caribbean & Perfect Day,7,Allure of the Seas,AL,"Miami, Florida",MIA,"Miami, Florida - Nassau, Bahamas - Perfect Day at CocoCay, Bahamas - Labadee, Haiti - Falmouth, Jamaica - Miami, Florida",AL07MIA-2746579308-2027-02-21,2027-02-21,Spacious Aquatheater Suite 1 Bedroom,4282
2025-11-22T22:09:05.857590,"https://www.royalcaribbean.com/gbr/en/cruises?search=departurePort:BCN,BYE,FLL,LAX,MIA,ROM,SIN,YOK|nights:6~8,9~11,gte12|ship:AL,AN,HM,IC,LE,OA,OV,OY,QN,ST,SY,UT,WN&country=IRL&market=gbr&language=en",https://www.royalcaribbean.com/gbr/en/cruises/itinerary/7-night-western-caribbean-perfect-day-from-miami-on-allure/AL07MIA-2746579308?sail-date=2026-11-15&currency=EUR&country=IRL,AL07MIA-2746579308,Western Caribbean & Perfect Day,7,Allure of the Seas,AL,"Miami, Florida",MIA,"Miami, Florida - Nassau, Bahamas - Perfect Day at CocoCay, Bahamas - Labadee, Haiti - Falmouth, Jamaica - Miami, Florida",AL07MIA-2746579308-2027-02-21,2027-02-21,Ultimate Panoramic Suite,6920
2025-11-22T22:09:05.857590,"https://www.royalcaribbean.com/gbr/en/cruises?search=departurePort:BCN,BYE,FLL,LAX,MIA,ROM,SIN,YOK|nights:6~8,9~11,gte12|ship:AL,AN,HM,IC,LE,OA,OV,OY,QN,ST,SY,UT,WN&country=IRL&market=gbr&language=en",https://www.royalcaribbean.com/gbr/en/cruises/itinerary/7-night-western-caribbean-perfect-day-from-miami-on-allure/AL07MIA-2746579308?sail-date=2026-11-15&currency=EUR&country=IRL,AL07MIA-2746579308,Western Caribbean & Perfect Day,7,Allure of the Seas,AL,"Miami, Florida",MIA,"Miami, Florida - Nassau, Bahamas - Perfect Day at CocoCay, Bahamas - Labadee, Haiti - Falmouth, Jamaica - Miami, Florida",AL07MIA-2746579308-2027-02-21,2027-02-21,Aquatheater Suite With Large Balcony 2 Bedroom,7211
2025-11-22T22:09:05.857590,"https://www.royalcaribbean.com/gbr/en/cruises?search=departurePort:BCN,BYE,FLL,LAX,MIA,ROM,SIN,YOK|nights:6~8,9~11,gte12|ship:AL,AN,HM,IC,LE,OA,OV,OY,QN,ST,SY,UT,WN&country=IRL&market=gbr&language=en",https://www.royalcaribbean.com/gbr/en/cruises/itinerary/7-night-western-caribbean-perfect-day-from-miami-on-allure/AL07MIA-2746579308?sail-date=2026-11-15&currency=EUR&country=IRL,AL07MIA-2746579308,Western Caribbean & Perfect Day,7,Allure of the Seas,AL,"Miami, Florida",MIA,"Miami, Florida - Nassau, Bahamas - Perfect Day at CocoCay, Bahamas - Labadee, Haiti - Falmouth, Jamaica - Miami, Florida",AL07MIA-2746579308-2027-02-21,2027-02-21,Spacious Aquatheater Suite Lg Balcony 2 Bedrooms,7498
2025-11-22T22:09:05.857590,"https://www.royalcaribbean.com/gbr/en/cruises?search=departurePort:BCN,BYE,FLL,LAX,MIA,ROM,SIN,YOK|nights:6~8,9~11,gte12|ship:AL,AN,HM,IC,LE,OA,OV,OY,QN,ST,SY,UT,WN&country=IRL&market=gbr&language=en",https://www.royalcaribbean.com/gbr/en/cruises/itinerary/7-night-western-caribbean-perfect-day-from-miami-on-allure/AL07MIA-2746579308?sail-date=2026-11-15&currency=EUR&country=IRL,AL07MIA-2746579308,Western Caribbean & Perfect Day,7,Allure of the Seas,AL,"Miami, Florida",MIA,"Miami, Florida - Nassau, Bahamas - Perfect Day at CocoCay, Bahamas - Labadee, Haiti - Falmouth, Jamaica - Miami, Florida",AL07MIA-2746579308-2027-02-21,2027-02-21,Star Loft Suite,7685
2025-11-22T22:09:05.857590,"https://www.royalcaribbean.com/gbr/en/cruises?search=departurePort:BCN,BYE,FLL,LAX,MIA,ROM,SIN,YOK|nights:6~8,9~11,gte12|ship:AL,AN,HM,IC,LE,OA,OV,OY,QN,ST,SY,UT,WN&country=IRL&market=gbr&language=en",https://www.royalcaribbean.com/gbr/en/cruises/itinerary/8-nt-southern-caribbean-perfect-day-from-fort-on-allure/AL08FLL-3549269921?sail-date=2026-10-17&currency=EUR&country=IRL,AL08FLL-3549269921,Southern Caribbean & Perfect Day,8,Allure of the Seas,AL,"Fort Lauderdale, Florida",FLL,"Fort Lauderdale, Florida - Willemstad, Curacao - Oranjestad, Aruba - Perfect Day at CocoCay, Bahamas - Fort Lauderdale, Florida",AL08FLL-3549269921-2026-10-17,2026-10-17,Interior,902
2025-11-22T22:09:05.857590,"https://www.royalcaribbean.com/gbr/en/cruises?search=departurePort:BCN,BYE,FLL,LAX,MIA,ROM,SIN,YOK|nights:6~8,9~11,gte12|ship:AL,AN,HM,IC,LE,OA,OV,OY,QN,ST,SY,UT,WN&country=IRL&market=gbr&language=en",https://www.royalcaribbean.com/gbr/en/cruises/itinerary/8-nt-southern-caribbean-perfect-day-from-fort-on-allure/AL08FLL-3549269921?sail-date=2026-10-17&currency=EUR&country=IRL,AL08FLL-3549269921,Southern Caribbean & Perfect Day,8,Allure of the Seas,AL,"Fort Lauderdale, Florida",FLL,"Fort Lauderdale, Florida - Willemstad, Curacao - Oranjestad, Aruba - Perfect Day at CocoCay, Bahamas - Fort Lauderdale, Florida",AL08FLL-3549269921-2026-10-17,2026-10-17,Ocean View,1089
2025-11-22T22:09:05.857590,"https://www.royalcaribbean.com/gbr/en/cruises?search=departurePort:BCN,BYE,FLL,LAX,MIA,ROM,SIN,YOK|nights:6~8,9~11,gte12|ship:AL,AN,HM,IC,LE,OA,OV,OY,QN,ST,SY,UT,WN&country=IRL&market=gbr&language=en",https://www.royalcaribbean.com/gbr/en/cruises/itinerary/8-nt-southern-caribbean-perfect-day-from-fort-on-allure/AL08FLL-3549269921?sail-date=2026-10-17&currency=EUR&country=IRL,AL08FLL-3549269921,Southern Caribbean & Perfect Day,8,Allure of the Seas,AL,"Fort Lauderdale, Florida",FLL,"Fort Lauderdale, Florida - Willemstad, Curacao - Oranjestad, Aruba - Perfect Day at CocoCay, Bahamas - Fort Lauderdale, Florida",AL08FLL-3549269921-2026-10-17,2026-10-17,Balcony,1084
2025-11-22T22:09:05.857590,"https://www.royalcaribbean.com/gbr/en/cruises?search=departurePort:BCN,BYE,FLL,LAX,MIA,ROM,SIN,YOK|nights:6~8,9~11,gte12|ship:AL,AN,HM,IC,LE,OA,OV,OY,QN,ST,SY,UT,WN&country=IRL&market=gbr&language=en",https://www.royalcaribbean.com/gbr/en/cruises/itinerary/8-nt-southern-caribbean-perfect-day-from-fort-on-allure/AL08FLL-3549269921?sail-date=2026-10-17&currency=EUR&country=IRL,AL08FLL-3549269921,Southern Caribbean & Perfect Day,8,Allure of the Seas,AL,"Fort Lauderdale, Florida",FLL,"Fort Lauderdale, Florida - Willemstad, Curacao - Oranjestad, Aruba - Perfect Day at CocoCay, Bahamas - Fort Lauderdale, Florida",AL08FLL-3549269921-2026-10-17,2026-10-17,Suite Guarantee,3007
2025-11-22T22:09:05.857590,"https://www.royalcaribbean.com/gbr/en/cruises?search=departurePort:BCN,BYE,FLL,LAX,MIA,ROM,SIN,YOK|nights:6~8,9~11,gte12|ship:AL,AN,HM,IC,LE,OA,OV,OY,QN,ST,SY,UT,WN&country=IRL&market=gbr&language=en",https://www.royalcaribbean.com/gbr/en/cruises/itinerary/8-nt-southern-caribbean-perfect-day-from-fort-on-allure/AL08FLL-3549269921?sail-date=2026-10-17&currency=EUR&country=IRL,AL08FLL-3549269921,Southern Caribbean & Perfect Day,8,Allure of the Seas,AL,"Fort Lauderdale, Florida",FLL,"Fort Lauderdale, Florida - Willemstad, Curacao - Oranjestad, Aruba - Perfect Day at CocoCay, Bahamas - Fort Lauderdale, Florida",AL08FLL-3549269921-2026-10-17,2026-10-17,Junior Suite,3007
2025-11-22T22:09:05.857590,"https://www.royalcaribbean.com/gbr/en/cruises?search=departurePort:BCN,BYE,FLL,LAX,MIA,ROM,SIN,YOK|nights:6~8,9~11,gte12|ship:AL,AN,HM,IC,LE,OA,OV,OY,QN,ST,SY,UT,WN&country=IRL&market=gbr&language=en",https://www.royalcaribbean.com/gbr/en/cruises/itinerary/8-nt-southern-caribbean-perfect-day-from-fort-on-allure/AL08FLL-3549269921?sail-date=2026-10-17&currency=EUR&country=IRL,AL08FLL-3549269921,Southern Caribbean & Perfect Day,8,Allure of the Seas,AL,"Fort Lauderdale, Florida",FLL,"Fort Lauderdale, Florida - Willemstad, Curacao - Oranjestad, Aruba - Perfect Day at CocoCay, Bahamas - Fort Lauderdale, Florida",AL08FLL-3549269921-2026-10-17,2026-10-17,Sky Junior Suite,3754
2025-11-22T22:09:05.857590,"https://www.royalcaribbean.com/gbr/en/cruises?search=departurePort:BCN,BYE,FLL,LAX,MIA,ROM,SIN,YOK|nights:6~8,9~11,gte12|ship:AL,AN,HM,IC,LE,OA,OV,OY,QN,ST,SY,UT,WN&country=IRL&market=gbr&language=en",https://www.royalcaribbean.com/gbr/en/cruises/itinerary/8-nt-southern-caribbean-perfect-day-from-fort-on-allure/AL08FLL-3549269921?sail-date=2026-10-17&currency=EUR&country=IRL,AL08FLL-3549269921,Southern Caribbean & Perfect Day,8,Allure of the Seas,AL,"Fort Lauderdale, Florida",FLL,"Fort Lauderdale, Florida - Willemstad, Curacao - Oranjestad, Aruba - Perfect Day at CocoCay, Bahamas - Fort Lauderdale, Florida",AL08FLL-3549269921-2026-10-17,2026-10-17,Grand Suite 1 Bedroom,4813
2025-11-22T22:09:05.857590,"https://www.royalcaribbean.com/gbr/en/cruises?search=departurePort:BCN,BYE,FLL,LAX,MIA,ROM,SIN,YOK|nights:6~8,9~11,gte12|ship:AL,AN,HM,IC,LE,OA,OV,OY,QN,ST,SY,UT,WN&country=IRL&market=gbr&language=en",https://www.royalcaribbean.com/gbr/en/cruises/itinerary/8-nt-southern-caribbean-perfect-day-from-fort-on-allure/AL08FLL-3549269921?sail-date=2026-10-17&currency=EUR&country=IRL,AL08FLL-3549269921,Southern Caribbean & Perfect Day,8,Allure of the Seas,AL,"Fort Lauderdale, Florida",FLL,"Fort Lauderdale, Florida - Willemstad, Curacao - Oranjestad, Aruba - Perfect Day at CocoCay, Bahamas - Fort Lauderdale, Florida",AL08FLL-3549269921-2026-10-17,2026-10-17,Owners Suite 1 Bedroom,5260
2025-11-22T22:09:05.857590,"https://www.royalcaribbean.com/gbr/en/cruises?search=departurePort:BCN,BYE,FLL,LAX,MIA,ROM,SIN,YOK|nights:6~8,9~11,gte12|ship:AL,AN,HM,IC,LE,OA,OV,OY,QN,ST,SY,UT,WN&country=IRL&market=gbr&language=en",https://www.royalcaribbean.com/gbr/en/cruises/itinerary/8-nt-southern-caribbean-perfect-day-from-fort-on-allure/AL08FLL-3549269921?sail-date=2026-10-17&currency=EUR&country=IRL,AL08FLL-3549269921,Southern Caribbean & Perfect Day,8,Allure of the Seas,AL,"Fort Lauderdale, Florida",FLL,"Fort Lauderdale, Florida - Willemstad, Curacao - Oranjestad, Aruba - Perfect Day at CocoCay, Bahamas - Fort Lauderdale, Florida",AL08FLL-3549269921-2026-10-17,2026-10-17,Crown Loft Suite,5555
2025-11-22T22:09:05.857590,"https://www.royalcaribbean.com/gbr/en/cruises?search=departurePort:BCN,BYE,FLL,LAX,MIA,ROM,SIN,YOK|nights:6~8,9~11,gte12|ship:AL,AN,HM,IC,LE,OA,OV,OY,QN,ST,SY,UT,WN&country=IRL&market=gbr&language=en",https://www.royalcaribbean.com/gbr/en/cruises/itinerary/8-nt-southern-caribbean-perfect-day-from-fort-on-allure/AL08FLL-3549269921?sail-date=2026-10-17&currency=EUR&country=IRL,AL08FLL-3549269921,Southern Caribbean & Perfect Day,8,Allure of the Seas,AL,"Fort Lauderdale, Florida",FLL,"Fort Lauderdale, Florida - Willemstad, Curacao - Oranjestad, Aruba - Perfect Day at CocoCay, Bahamas - Fort Lauderdale, Florida",AL08FLL-3549269921-2026-10-17,2026-10-17,Spacious Aquatheater Suite 1 Bedroom,5617
2025-11-22T22:09:05.857590,"https://www.royalcaribbean.com/gbr/en/cruises?search=departurePort:BCN,BYE,FLL,LAX,MIA,ROM,SIN,YOK|nights:6~8,9~11,gte12|ship:AL,AN,HM,IC,LE,OA,OV,OY,QN,ST,SY,UT,WN&country=IRL&market=gbr&language=en",https://www.royalcaribbean.com/gbr/en/cruises/itinerary/8-nt-southern-caribbean-perfect-day-from-fort-on-allure/AL08FLL-3549269921?sail-date=2026-10-17&currency=EUR&country=IRL,AL08FLL-3549269921,Southern Caribbean & Perfect Day,8,Allure of the Seas,AL,"Fort Lauderdale, Florida",FLL,"Fort Lauderdale, Florida - Willemstad, Curacao - Oranjestad, Aruba - Perfect Day at CocoCay, Bahamas - Fort Lauderdale, Florida",AL08FLL-3549269921-2026-10-17,2026-10-17,Aquatheater Suite 1 Bedroom,5617
2025-11-22T22:09:05.857590,"https://www.royalcaribbean.com/gbr/en/cruises?search=departurePort:BCN,BYE,FLL,LAX,MIA,ROM,SIN,YOK|nights:6~8,9~11,gte12|ship:AL,AN,HM,IC,LE,OA,OV,OY,QN,ST,SY,UT,WN&country=IRL&market=gbr&language=en",https://www.royalcaribbean.com/gbr/en/cruises/itinerary/8-nt-southern-caribbean-perfect-day-from-fort-on-allure/AL08FLL-3549269921?sail-date=2026-10-17&currency=EUR&country=IRL,AL08FLL-3549269921,Southern Caribbean & Perfect Day,8,Allure of the Seas,AL,"Fort Lauderdale, Florida",FLL,"Fort Lauderdale, Florida - Willemstad, Curacao - Oranjestad, Aruba - Perfect Day at CocoCay, Bahamas - Fort Lauderdale, Florida",AL08FLL-3549269921-2026-10-17,2026-10-17,Ultimate Panoramic Suite,8995
2025-11-22T22:09:05.857590,"https://www.royalcaribbean.com/gbr/en/cruises?search=departurePort:BCN,BYE,FLL,LAX,MIA,ROM,SIN,YOK|nights:6~8,9~11,gte12|ship:AL,AN,HM,IC,LE,OA,OV,OY,QN,ST,SY,UT,WN&country=IRL&market=gbr&language=en",https://www.royalcaribbean.com/gbr/en/cruises/itinerary/8-nt-southern-caribbean-perfect-day-from-fort-on-allure/AL08FLL-3549269921?sail-date=2026-10-17&currency=EUR&country=IRL,AL08FLL-3549269921,Southern Caribbean & Perfect Day,8,Allure of the Seas,AL,"Fort Lauderdale, Florida",FLL,"Fort Lauderdale, Florida - Willemstad, Curacao - Oranjestad, Aruba - Perfect Day at CocoCay, Bahamas - Fort Lauderdale, Florida",AL08FLL-3549269921-2026-10-17,2026-10-17,Spacious Aquatheater Suite Lg Balcony 2 Bedrooms,9768
2025-11-22T22:09:05.857590,"https://www.royalcaribbean.com/gbr/en/cruises?search=departurePort:BCN,BYE,FLL,LAX,MIA,ROM,SIN,YOK|nights:6~8,9~11,gte12|ship:AL,AN,HM,IC,LE,OA,OV,OY,QN,ST,SY,UT,WN&country=IRL&market=gbr&language=en",https://www.royalcaribbean.com/gbr/en/cruises/itinerary/8-nt-southern-caribbean-perfect-day-from-fort-on-allure/AL08FLL-3549269921?sail-date=2026-10-17&currency=EUR&country=IRL,AL08FLL-3549269921,Southern Caribbean & Perfect Day,8,Allure of the Seas,AL,"Fort Lauderdale, Florida",FLL,"Fort Lauderdale, Florida - Willemstad, Curacao - Oranjestad, Aruba - Perfect Day at CocoCay, Bahamas - Fort Lauderdale, Florida",AL08FLL-3549269921-2026-10-17,2026-10-17,Aquatheater Suite With Large Balcony 2 Bedroom,9792
2025-11-22T22:09:05.857590,"https://www.royalcaribbean.com/gbr/en/cruises?search=departurePort:BCN,BYE,FLL,LAX,MIA,ROM,SIN,YOK|nights:6~8,9~11,gte12|ship:AL,AN,HM,IC,LE,OA,OV,OY,QN,ST,SY,UT,WN&country=IRL&market=gbr&language=en",https://www.royalcaribbean.com/gbr/en/cruises/itinerary/8-nt-southern-caribbean-perfect-day-from-fort-on-allure/AL08FLL-3549269921?sail-date=2026-10-17&currency=EUR&country=IRL,AL08FLL-3549269921,Southern Caribbean & Perfect Day,8,Allure of the Seas,AL,"Fort Lauderdale, Florida",FLL,"Fort Lauderdale, Florida - Willemstad, Curacao - Oranjestad, Aruba - Perfect Day at CocoCay, Bahamas - Fort Lauderdale, Florida",AL08FLL-3549269921-2026-10-17,2026-10-17,Star Loft Suite,9897
2025-11-22T22:09:05.857590,"https://www.royalcaribbean.com/gbr/en/cruises?search=departurePort:BCN,BYE,FLL,LAX,MIA,ROM,SIN,YOK|nights:6~8,9~11,gte12|ship:AL,AN,HM,IC,LE,OA,OV,OY,QN,ST,SY,UT,WN&country=IRL&market=gbr&language=en",https://www.royalcaribbean.com/gbr/en/cruises/itinerary/8-nt-southern-caribbean-perfect-day-from-fort-on-allure/AL08FLL-3549269921?sail-date=2026-10-17&currency=EUR&country=IRL,AL08FLL-3549269921,Southern Caribbean & Perfect Day,8,Allure of the Seas,AL,"Fort Lauderdale, Florida",FLL,"Fort Lauderdale, Florida - Willemstad, Curacao - Oranjestad, Aruba - Perfect Day at CocoCay, Bahamas - Fort Lauderdale, Florida",AL08FLL-3549269921-2026-10-17,2026-10-17,Grand Panoramic Suite 1 Bedroom,10665
2025-11-22T22:09:05.857590,"https://www.royalcaribbean.com/gbr/en/cruises?search=departurePort:BCN,BYE,FLL,LAX,MIA,ROM,SIN,YOK|nights:6~8,9~11,gte12|ship:AL,AN,HM,IC,LE,OA,OV,OY,QN,ST,SY,UT,WN&country=IRL&market=gbr&language=en",https://www.royalcaribbean.com/gbr/en/cruises/itinerary/8-nt-southern-caribbean-perfect-day-from-fort-on-allure/AL08FLL-3549269921?sail-date=2026-10-17&currency=EUR&country=IRL,AL08FLL-3549269921,Southern Caribbean & Perfect Day,8,Allure of the Seas,AL,"Fort Lauderdale, Florida",FLL,"Fort Lauderdale, Florida - Willemstad, Curacao - Oranjestad, Aruba - Perfect Day at CocoCay, Bahamas - Fort Lauderdale, Florida",AL08FLL-3549269921-2026-10-17,2026-10-17,Owners Panoramic Suite 1 Bedroom,11704
2025-11-22T22:09:05.857590,"https://www.royalcaribbean.com/gbr/en/cruises?search=departurePort:BCN,BYE,FLL,LAX,MIA,ROM,SIN,YOK|nights:6~8,9~11,gte12|ship:AL,AN,HM,IC,LE,OA,OV,OY,QN,ST,SY,UT,WN&country=IRL&market=gbr&language=en",https://www.royalcaribbean.com/gbr/en/cruises/itinerary/8-nt-southern-caribbean-perfect-day-from-fort-on-allure/AL08FLL-3549269921?sail-date=2026-10-17&currency=EUR&country=IRL,AL08FLL-3549269921,Southern Caribbean & Perfect Day,8,Allure of the Seas,AL,"Fort Lauderdale, Florida",FLL,"Fort Lauderdale, Florida - Willemstad, Curacao - Oranjestad, Aruba - Perfect Day at CocoCay, Bahamas - Fort Lauderdale, Florida",AL08FLL-3549269921-2026-10-17,2026-10-17,Royal Loft Suite,13100
2025-11-22T22:09:05.857590,"https://www.royalcaribbean.com/gbr/en/cruises?search=departurePort:BCN,BYE,FLL,LAX,MIA,ROM,SIN,YOK|nights:6~8,9~11,gte12|ship:AL,AN,HM,IC,LE,OA,OV,OY,QN,ST,SY,UT,WN&country=IRL&market=gbr&language=en",https://www.royalcaribbean.com/gbr/en/cruises/itinerary/8-nt-southern-caribbean-perfect-day-from-fort-on-allure/AL08FLL-3549269921?sail-date=2026-10-17&currency=EUR&country=IRL,AL08FLL-3549269921,Southern Caribbean & Perfect Day,8,Allure of the Seas,AL,"Fort Lauderdale, Florida",FLL,"Fort Lauderdale, Florida - Willemstad, Curacao - Oranjestad, Aruba - Perfect Day at CocoCay, Bahamas - Fort Lauderdale, Florida",AL08FLL-3549269921-2026-06-13,2026-06-13,Interior,1157
2025-11-22T22:09:05.857590,"https://www.royalcaribbean.com/gbr/en/cruises?search=departurePort:BCN,BYE,FLL,LAX,MIA,ROM,SIN,YOK|nights:6~8,9~11,gte12|ship:AL,AN,HM,IC,LE,OA,OV,OY,QN,ST,SY,UT,WN&country=IRL&market=gbr&language=en",https://www.royalcaribbean.com/gbr/en/cruises/itinerary/8-nt-southern-caribbean-perfect-day-from-fort-on-allure/AL08FLL-3549269921?sail-date=2026-10-17&currency=EUR&country=IRL,AL08FLL-3549269921,Southern Caribbean & Perfect Day,8,Allure of the Seas,AL,"Fort Lauderdale, Florida",FLL,"Fort Lauderdale, Florida - Willemstad, Curacao - Oranjestad, Aruba - Perfect Day at CocoCay, Bahamas - Fort Lauderdale, Florida",AL08FLL-3549269921-2026-06-13,2026-06-13,Ocean View,1329
2025-11-22T22:09:05.857590,"https://www.royalcaribbean.com/gbr/en/cruises?search=departurePort:BCN,BYE,FLL,LAX,MIA,ROM,SIN,YOK|nights:6~8,9~11,gte12|ship:AL,AN,HM,IC,LE,OA,OV,OY,QN,ST,SY,UT,WN&country=IRL&market=gbr&language=en",https://www.royalcaribbean.com/gbr/en/cruises/itinerary/8-nt-southern-caribbean-perfect-day-from-fort-on-allure/AL08FLL-3549269921?sail-date=2026-10-17&currency=EUR&country=IRL,AL08FLL-3549269921,Southern Caribbean & Perfect Day,8,Allure of the Seas,AL,"Fort Lauderdale, Florida",FLL,"Fort Lauderdale, Florida - Willemstad, Curacao - Oranjestad, Aruba - Perfect Day at CocoCay, Bahamas - Fort Lauderdale, Florida",AL08FLL-3549269921-2026-06-13,2026-06-13,Balcony,1367
2025-11-22T22:09:05.857590,"https://www.royalcaribbean.com/gbr/en/cruises?search=departurePort:BCN,BYE,FLL,LAX,MIA,ROM,SIN,YOK|nights:6~8,9~11,gte12|ship:AL,AN,HM,IC,LE,OA,OV,OY,QN,ST,SY,UT,WN&country=IRL&market=gbr&language=en",https://www.royalcaribbean.com/gbr/en/cruises/itinerary/8-nt-southern-caribbean-perfect-day-from-fort-on-allure/AL08FLL-3549269921?sail-date=2026-10-17&currency=EUR&country=IRL,AL08FLL-3549269921,Southern Caribbean & Perfect Day,8,Allure of the Seas,AL,"Fort Lauderdale, Florida",FLL,"Fort Lauderdale, Florida - Willemstad, Curacao - Oranjestad, Aruba - Perfect Day at CocoCay, Bahamas - Fort Lauderdale, Florida",AL08FLL-3549269921-2026-06-13,2026-06-13,Suite Guarantee,4091
2025-11-22T22:09:05.857590,"https://www.royalcaribbean.com/gbr/en/cruises?search=departurePort:BCN,BYE,FLL,LAX,MIA,ROM,SIN,YOK|nights:6~8,9~11,gte12|ship:AL,AN,HM,IC,LE,OA,OV,OY,QN,ST,SY,UT,WN&country=IRL&market=gbr&language=en",https://www.royalcaribbean.com/gbr/en/cruises/itinerary/8-nt-southern-caribbean-perfect-day-from-fort-on-allure/AL08FLL-3549269921?sail-date=2026-10-17&currency=EUR&country=IRL,AL08FLL-3549269921,Southern Caribbean & Perfect Day,8,Allure of the Seas,AL,"Fort Lauderdale, Florida",FLL,"Fort Lauderdale, Florida - Willemstad, Curacao - Oranjestad, Aruba - Perfect Day at CocoCay, Bahamas - Fort Lauderdale, Florida",AL08FLL-3549269921-2026-06-13,2026-06-13,Junior Suite,3007
2025-11-22T22:09:05.857590,"https://www.royalcaribbean.com/gbr/en/cruises?search=departurePort:BCN,BYE,FLL,LAX,MIA,ROM,SIN,YOK|nights:6~8,9~11,gte12|ship:AL,AN,HM,IC,LE,OA,OV,OY,QN,ST,SY,UT,WN&country=IRL&market=gbr&language=en",https://www.royalcaribbean.com/gbr/en/cruises/itinerary/8-nt-southern-caribbean-perfect-day-from-fort-on-allure/AL08FLL-3549269921?sail-date=2026-10-17&currency=EUR&country=IRL,AL08FLL-3549269921,Southern Caribbean & Perfect Day,8,Allure of the Seas,AL,"Fort Lauderdale, Florida",FLL,"Fort Lauderdale, Florida - Willemstad, Curacao - Oranjestad, Aruba - Perfect Day at CocoCay, Bahamas - Fort Lauderdale, Florida",AL08FLL-3549269921-2026-06-13,2026-06-13,Sky Junior Suite,3754
2025-11-22T22:09:05.857590,"https://www.royalcaribbean.com/gbr/en/cruises?search=departurePort:BCN,BYE,FLL,LAX,MIA,ROM,SIN,YOK|nights:6~8,9~11,gte12|ship:AL,AN,HM,IC,LE,OA,OV,OY,QN,ST,SY,UT,WN&country=IRL&market=gbr&language=en",https://www.royalcaribbean.com/gbr/en/cruises/itinerary/8-nt-southern-caribbean-perfect-day-from-fort-on-allure/AL08FLL-3549269921?sail-date=2026-10-17&currency=EUR&country=IRL,AL08FLL-3549269921,Southern Caribbean & Perfect Day,8,Allure of the Seas,AL,"Fort Lauderdale, Florida",FLL,"Fort Lauderdale, Florida - Willemstad, Curacao - Oranjestad, Aruba - Perfect Day at CocoCay, Bahamas - Fort Lauderdale, Florida",AL08FLL-3549269921-2026-06-13,2026-06-13,Grand Suite 1 Bedroom,4813
2025-11-22T22:09:05.857590,"https://www.royalcaribbean.com/gbr/en/cruises?search=departurePort:BCN,BYE,FLL,LAX,MIA,ROM,SIN,YOK|nights:6~8,9~11,gte12|ship:AL,AN,HM,IC,LE,OA,OV,OY,QN,ST,SY,UT,WN&country=IRL&market=gbr&language=en",https://www.royalcaribbean.com/gbr/en/cruises/itinerary/8-nt-southern-caribbean-perfect-day-from-fort-on-allure/AL08FLL-3549269921?sail-date=2026-10-17&currency=EUR&country=IRL,AL08FLL-3549269921,Southern Caribbean & Perfect Day,8,Allure of the Seas,AL,"Fort Lauderdale, Florida",FLL,"Fort Lauderdale, Florida - Willemstad, Curacao - Oranjestad, Aruba - Perfect Day at CocoCay, Bahamas - Fort Lauderdale, Florida",AL08FLL-3549269921-2026-06-13,2026-06-13,Owners Suite 1 Bedroom,5260
2025-11-22T22:09:05.857590,"https://www.royalcaribbean.com/gbr/en/cruises?search=departurePort:BCN,BYE,FLL,LAX,MIA,ROM,SIN,YOK|nights:6~8,9~11,gte12|ship:AL,AN,HM,IC,LE,OA,OV,OY,QN,ST,SY,UT,WN&country=IRL&market=gbr&language=en",https://www.royalcaribbean.com/gbr/en/cruises/itinerary/8-nt-southern-caribbean-perfect-day-from-fort-on-allure/AL08FLL-3549269921?sail-date=2026-10-17&currency=EUR&country=IRL,AL08FLL-3549269921,Southern Caribbean & Perfect Day,8,Allure of the Seas,AL,"Fort Lauderdale, Florida",FLL,"Fort Lauderdale, Florida - Willemstad, Curacao - Oranjestad, Aruba - Perfect Day at CocoCay, Bahamas - Fort Lauderdale, Florida",AL08FLL-3549269921-2026-06-13,2026-06-13,Crown Loft Suite,5555
2025-11-22T22:09:05.857590,"https://www.royalcaribbean.com/gbr/en/cruises?search=departurePort:BCN,BYE,FLL,LAX,MIA,ROM,SIN,YOK|nights:6~8,9~11,gte12|ship:AL,AN,HM,IC,LE,OA,OV,OY,QN,ST,SY,UT,WN&country=IRL&market=gbr&language=en",https://www.royalcaribbean.com/gbr/en/cruises/itinerary/8-nt-southern-caribbean-perfect-day-from-fort-on-allure/AL08FLL-3549269921?sail-date=2026-10-17&currency=EUR&country=IRL,AL08FLL-3549269921,Southern Caribbean & Perfect Day,8,Allure of the Seas,AL,"Fort Lauderdale, Florida",FLL,"Fort Lauderdale, Florida - Willemstad, Curacao - Oranjestad, Aruba - Perfect Day at CocoCay, Bahamas - Fort Lauderdale, Florida",AL08FLL-3549269921-2026-06-13,2026-06-13,Spacious Aquatheater Suite 1 Bedroom,5617
2025-11-22T22:09:05.857590,"https://www.royalcaribbean.com/gbr/en/cruises?search=departurePort:BCN,BYE,FLL,LAX,MIA,ROM,SIN,YOK|nights:6~8,9~11,gte12|ship:AL,AN,HM,IC,LE,OA,OV,OY,QN,ST,SY,UT,WN&country=IRL&market=gbr&language=en",https://www.royalcaribbean.com/gbr/en/cruises/itinerary/8-nt-southern-caribbean-perfect-day-from-fort-on-allure/AL08FLL-3549269921?sail-date=2026-10-17&currency=EUR&country=IRL,AL08FLL-3549269921,Southern Caribbean & Perfect Day,8,Allure of the Seas,AL,"Fort Lauderdale, Florida",FLL,"Fort Lauderdale, Florida - Willemstad, Curacao - Oranjestad, Aruba - Perfect Day at CocoCay, Bahamas - Fort Lauderdale, Florida",AL08FLL-3549269921-2026-06-13,2026-06-13,Aquatheater Suite 1 Bedroom,5617
2025-11-22T22:09:05.857590,"https://www.royalcaribbean.com/gbr/en/cruises?search=departurePort:BCN,BYE,FLL,LAX,MIA,ROM,SIN,YOK|nights:6~8,9~11,gte12|ship:AL,AN,HM,IC,LE,OA,OV,OY,QN,ST,SY,UT,WN&country=IRL&market=gbr&language=en",https://www.royalcaribbean.com/gbr/en/cruises/itinerary/8-nt-southern-caribbean-perfect-day-from-fort-on-allure/AL08FLL-3549269921?sail-date=2026-10-17&currency=EUR&country=IRL,AL08FLL-3549269921,Southern Caribbean & Perfect Day,8,Allure of the Seas,AL,"Fort Lauderdale, Florida",FLL,"Fort Lauderdale, Florida - Willemstad, Curacao - Oranjestad, Aruba - Perfect Day at CocoCay, Bahamas - Fort Lauderdale, Florida",AL08FLL-3549269921-2026-06-13,2026-06-13,Ultimate Panoramic Suite,8995
2025-11-22T22:09:05.857590,"https://www.royalcaribbean.com/gbr/en/cruises?search=departurePort:BCN,BYE,FLL,LAX,MIA,ROM,SIN,YOK|nights:6~8,9~11,gte12|ship:AL,AN,HM,IC,LE,OA,OV,OY,QN,ST,SY,UT,WN&country=IRL&market=gbr&language=en",https://www.royalcaribbean.com/gbr/en/cruises/itinerary/8-nt-southern-caribbean-perfect-day-from-fort-on-allure/AL08FLL-3549269921?sail-date=2026-10-17&currency=EUR&country=IRL,AL08FLL-3549269921,Southern Caribbean & Perfect Day,8,Allure of the Seas,AL,"Fort Lauderdale, Florida",FLL,"Fort Lauderdale, Florida - Willemstad, Curacao - Oranjestad, Aruba - Perfect Day at CocoCay, Bahamas - Fort Lauderdale, Florida",AL08FLL-3549269921-2026-06-13,2026-06-13,Spacious Aquatheater Suite Lg Balcony 2 Bedrooms,9768
2025-11-22T22:09:05.857590,"https://www.royalcaribbean.com/gbr/en/cruises?search=departurePort:BCN,BYE,FLL,LAX,MIA,ROM,SIN,YOK|nights:6~8,9~11,gte12|ship:AL,AN,HM,IC,LE,OA,OV,OY,QN,ST,SY,UT,WN&country=IRL&market=gbr&language=en",https://www.royalcaribbean.com/gbr/en/cruises/itinerary/8-nt-southern-caribbean-perfect-day-from-fort-on-allure/AL08FLL-3549269921?sail-date=2026-10-17&currency=EUR&country=IRL,AL08FLL-3549269921,Southern Caribbean & Perfect Day,8,Allure of the Seas,AL,"Fort Lauderdale, Florida",FLL,"Fort Lauderdale, Florida - Willemstad, Curacao - Oranjestad, Aruba - Perfect Day at CocoCay, Bahamas - Fort Lauderdale, Florida",AL08FLL-3549269921-2026-06-13,2026-06-13,Aquatheater Suite With Large Balcony 2 Bedroom,9792
2025-11-22T22:09:05.857590,"https://www.royalcaribbean.com/gbr/en/cruises?search=departurePort:BCN,BYE,FLL,LAX,MIA,ROM,SIN,YOK|nights:6~8,9~11,gte12|ship:AL,AN,HM,IC,LE,OA,OV,OY,QN,ST,SY,UT,WN&country=IRL&market=gbr&language=en",https://www.royalcaribbean.com/gbr/en/cruises/itinerary/8-nt-southern-caribbean-perfect-day-from-fort-on-allure/AL08FLL-3549269921?sail-date=2026-10-17&currency=EUR&country=IRL,AL08FLL-3549269921,Southern Caribbean & Perfect Day,8,Allure of the Seas,AL,"Fort Lauderdale, Florida",FLL,"Fort Lauderdale, Florida - Willemstad, Curacao - Oranjestad, Aruba - Perfect Day at CocoCay, Bahamas - Fort Lauderdale, Florida",AL08FLL-3549269921-2026-06-13,2026-06-13,Star Loft Suite,9897
2025-11-22T22:09:05.857590,"https://www.royalcaribbean.com/gbr/en/cruises?search=departurePort:BCN,BYE,FLL,LAX,MIA,ROM,SIN,YOK|nights:6~8,9~11,gte12|ship:AL,AN,HM,IC,LE,OA,OV,OY,QN,ST,SY,UT,WN&country=IRL&market=gbr&language=en",https://www.royalcaribbean.com/gbr/en/cruises/itinerary/8-nt-southern-caribbean-perfect-day-from-fort-on-allure/AL08FLL-3549269921?sail-date=2026-10-17&currency=EUR&country=IRL,AL08FLL-3549269921,Southern Caribbean & Perfect Day,8,Allure of the Seas,AL,"Fort Lauderdale, Florida",FLL,"Fort Lauderdale, Florida - Willemstad, Curacao - Oranjestad, Aruba - Perfect Day at CocoCay, Bahamas - Fort Lauderdale, Florida",AL08FLL-3549269921-2026-06-13,2026-06-13,Grand Panoramic Suite 1 Bedroom,10665
2025-11-22T22:09:05.857590,"https://www.royalcaribbean.com/gbr/en/cruises?search=departurePort:BCN,BYE,FLL,LAX,MIA,ROM,SIN,YOK|nights:6~8,9~11,gte12|ship:AL,AN,HM,IC,LE,OA,OV,OY,QN,ST,SY,UT,WN&country=IRL&market=gbr&language=en",https://www.royalcaribbean.com/gbr/en/cruises/itinerary/8-nt-southern-caribbean-perfect-day-from-fort-on-allure/AL08FLL-3549269921?sail-date=2026-10-17&currency=EUR&country=IRL,AL08FLL-3549269921,Southern Caribbean & Perfect Day,8,Allure of the Seas,AL,"Fort Lauderdale, Florida",FLL,"Fort Lauderdale, Florida - Willemstad, Curacao - Oranjestad, Aruba - Perfect Day at CocoCay, Bahamas - Fort Lauderdale, Florida",AL08FLL-3549269921-2026-06-13,2026-06-13,Owners Panoramic Suite 1 Bedroom,11704
2025-11-22T22:09:05.857590,"https://www.royalcaribbean.com/gbr/en/cruises?search=departurePort:BCN,BYE,FLL,LAX,MIA,ROM,SIN,YOK|nights:6~8,9~11,gte12|ship:AL,AN,HM,IC,LE,OA,OV,OY,QN,ST,SY,UT,WN&country=IRL&market=gbr&language=en",https://www.royalcaribbean.com/gbr/en/cruises/itinerary/8-nt-southern-caribbean-perfect-day-from-fort-on-allure/AL08FLL-3549269921?sail-date=2026-10-17&currency=EUR&country=IRL,AL08FLL-3549269921,Southern Caribbean & Perfect Day,8,Allure of the Seas,AL,"Fort Lauderdale, Florida",FLL,"Fort Lauderdale, Florida - Willemstad, Curacao - Oranjestad, Aruba - Perfect Day at CocoCay, Bahamas - Fort Lauderdale, Florida",AL08FLL-3549269921-2026-06-13,2026-06-13,Royal Loft Suite,13100
2025-11-22T22:09:05.857590,"https://www.royalcaribbean.com/gbr/en/cruises?search=departurePort:BCN,BYE,FLL,LAX,MIA,ROM,SIN,YOK|nights:6~8,9~11,gte12|ship:AL,AN,HM,IC,LE,OA,OV,OY,QN,ST,SY,UT,WN&country=IRL&market=gbr&language=en",https://www.royalcaribbean.com/gbr/en/cruises/itinerary/8-nt-southern-caribbean-perfect-day-from-fort-on-allure/AL08FLL-3549269921?sail-date=2026-10-17&currency=EUR&country=IRL,AL08FLL-3549269921,Southern Caribbean & Perfect Day,8,Allure of the Seas,AL,"Fort Lauderdale, Florida",FLL,"Fort Lauderdale, Florida - Willemstad, Curacao - Oranjestad, Aruba - Perfect Day at CocoCay, Bahamas - Fort Lauderdale, Florida",AL08FLL-3549269921-2026-08-08,2026-08-08,Interior,973
2025-11-22T22:09:05.857590,"https://www.royalcaribbean.com/gbr/en/cruises?search=departurePort:BCN,BYE,FLL,LAX,MIA,ROM,SIN,YOK|nights:6~8,9~11,gte12|ship:AL,AN,HM,IC,LE,OA,OV,OY,QN,ST,SY,UT,WN&country=IRL&market=gbr&language=en",https://www.royalcaribbean.com/gbr/en/cruises/itinerary/8-nt-southern-caribbean-perfect-day-from-fort-on-allure/AL08FLL-3549269921?sail-date=2026-10-17&currency=EUR&country=IRL,AL08FLL-3549269921,Southern Caribbean & Perfect Day,8,Allure of the Seas,AL,"Fort Lauderdale, Florida",FLL,"Fort Lauderdale, Florida - Willemstad, Curacao - Oranjestad, Aruba - Perfect Day at CocoCay, Bahamas - Fort Lauderdale, Florida",AL08FLL-3549269921-2026-08-08,2026-08-08,Ocean View,1223
2025-11-22T22:09:05.857590,"https://www.royalcaribbean.com/gbr/en/cruises?search=departurePort:BCN,BYE,FLL,LAX,MIA,ROM,SIN,YOK|nights:6~8,9~11,gte12|ship:AL,AN,HM,IC,LE,OA,OV,OY,QN,ST,SY,UT,WN&country=IRL&market=gbr&language=en",https://www.royalcaribbean.com/gbr/en/cruises/itinerary/8-nt-southern-caribbean-perfect-day-from-fort-on-allure/AL08FLL-3549269921?sail-date=2026-10-17&currency=EUR&country=IRL,AL08FLL-3549269921,Southern Caribbean & Perfect Day,8,Allure of the Seas,AL,"Fort Lauderdale, Florida",FLL,"Fort Lauderdale, Florida - Willemstad, Curacao - Oranjestad, Aruba - Perfect Day at CocoCay, Bahamas - Fort Lauderdale, Florida",AL08FLL-3549269921-2026-08-08,2026-08-08,Balcony,1201
2025-11-22T22:09:05.857590,"https://www.royalcaribbean.com/gbr/en/cruises?search=departurePort:BCN,BYE,FLL,LAX,MIA,ROM,SIN,YOK|nights:6~8,9~11,gte12|ship:AL,AN,HM,IC,LE,OA,OV,OY,QN,ST,SY,UT,WN&country=IRL&market=gbr&language=en",https://www.royalcaribbean.com/gbr/en/cruises/itinerary/8-nt-southern-caribbean-perfect-day-from-fort-on-allure/AL08FLL-3549269921?sail-date=2026-10-17&currency=EUR&country=IRL,AL08FLL-3549269921,Southern Caribbean & Perfect Day,8,Allure of the Seas,AL,"Fort Lauderdale, Florida",FLL,"Fort Lauderdale, Florida - Willemstad, Curacao - Oranjestad, Aruba - Perfect Day at CocoCay, Bahamas - Fort Lauderdale, Florida",AL08FLL-3549269921-2026-08-08,2026-08-08,Suite Guarantee,4314
2025-11-22T22:09:05.857590,"https://www.royalcaribbean.com/gbr/en/cruises?search=departurePort:BCN,BYE,FLL,LAX,MIA,ROM,SIN,YOK|nights:6~8,9~11,gte12|ship:AL,AN,HM,IC,LE,OA,OV,OY,QN,ST,SY,UT,WN&country=IRL&market=gbr&language=en",https://www.royalcaribbean.com/gbr/en/cruises/itinerary/8-nt-southern-caribbean-perfect-day-from-fort-on-allure/AL08FLL-3549269921?sail-date=2026-10-17&currency=EUR&country=IRL,AL08FLL-3549269921,Southern Caribbean & Perfect Day,8,Allure of the Seas,AL,"Fort Lauderdale, Florida",FLL,"Fort Lauderdale, Florida - Willemstad, Curacao - Oranjestad, Aruba - Perfect Day at CocoCay, Bahamas - Fort Lauderdale, Florida",AL08FLL-3549269921-2026-08-08,2026-08-08,Junior Suite,3007
2025-11-22T22:09:05.857590,"https://www.royalcaribbean.com/gbr/en/cruises?search=departurePort:BCN,BYE,FLL,LAX,MIA,ROM,SIN,YOK|nights:6~8,9~11,gte12|ship:AL,AN,HM,IC,LE,OA,OV,OY,QN,ST,SY,UT,WN&country=IRL&market=gbr&language=en",https://www.royalcaribbean.com/gbr/en/cruises/itinerary/8-nt-southern-caribbean-perfect-day-from-fort-on-allure/AL08FLL-3549269921?sail-date=2026-10-17&currency=EUR&country=IRL,AL08FLL-3549269921,Southern Caribbean & Perfect Day,8,Allure of the Seas,AL,"Fort Lauderdale, Florida",FLL,"Fort Lauderdale, Florida - Willemstad, Curacao - Oranjestad, Aruba - Perfect Day at CocoCay, Bahamas - Fort Lauderdale, Florida",AL08FLL-3549269921-2026-08-08,2026-08-08,Sky Junior Suite,3754
2025-11-22T22:09:05.857590,"https://www.royalcaribbean.com/gbr/en/cruises?search=departurePort:BCN,BYE,FLL,LAX,MIA,ROM,SIN,YOK|nights:6~8,9~11,gte12|ship:AL,AN,HM,IC,LE,OA,OV,OY,QN,ST,SY,UT,WN&country=IRL&market=gbr&language=en",https://www.royalcaribbean.com/gbr/en/cruises/itinerary/8-nt-southern-caribbean-perfect-day-from-fort-on-allure/AL08FLL-3549269921?sail-date=2026-10-17&currency=EUR&country=IRL,AL08FLL-3549269921,Southern Caribbean & Perfect Day,8,Allure of the Seas,AL,"Fort Lauderdale, Florida",FLL,"Fort Lauderdale, Florida - Willemstad, Curacao - Oranjestad, Aruba - Perfect Day at CocoCay, Bahamas - Fort Lauderdale, Florida",AL08FLL-3549269921-2026-08-08,2026-08-08,Grand Suite 1 Bedroom,4813
2025-11-22T22:09:05.857590,"https://www.royalcaribbean.com/gbr/en/cruises?search=departurePort:BCN,BYE,FLL,LAX,MIA,ROM,SIN,YOK|nights:6~8,9~11,gte12|ship:AL,AN,HM,IC,LE,OA,OV,OY,QN,ST,SY,UT,WN&country=IRL&market=gbr&language=en",https://www.royalcaribbean.com/gbr/en/cruises/itinerary/8-nt-southern-caribbean-perfect-day-from-fort-on-allure/AL08FLL-3549269921?sail-date=2026-10-17&currency=EUR&country=IRL,AL08FLL-3549269921,Southern Caribbean & Perfect Day,8,Allure of the Seas,AL,"Fort Lauderdale, Florida",FLL,"Fort Lauderdale, Florida - Willemstad, Curacao - Oranjestad, Aruba - Perfect Day at CocoCay, Bahamas - Fort Lauderdale, Florida",AL08FLL-3549269921-2026-08-08,2026-08-08,Owners Suite 1 Bedroom,5260
2025-11-22T22:09:05.857590,"https://www.royalcaribbean.com/gbr/en/cruises?search=departurePort:BCN,BYE,FLL,LAX,MIA,ROM,SIN,YOK|nights:6~8,9~11,gte12|ship:AL,AN,HM,IC,LE,OA,OV,OY,QN,ST,SY,UT,WN&country=IRL&market=gbr&language=en",https://www.royalcaribbean.com/gbr/en/cruises/itinerary/8-nt-southern-caribbean-perfect-day-from-fort-on-allure/AL08FLL-3549269921?sail-date=2026-10-17&currency=EUR&country=IRL,AL08FLL-3549269921,Southern Caribbean & Perfect Day,8,Allure of the Seas,AL,"Fort Lauderdale, Florida",FLL,"Fort Lauderdale, Florida - Willemstad, Curacao - Oranjestad, Aruba - Perfect Day at CocoCay, Bahamas - Fort Lauderdale, Florida",AL08FLL-3549269921-2026-08-08,2026-08-08,Crown Loft Suite,5555
2025-11-22T22:09:05.857590,"https://www.royalcaribbean.com/gbr/en/cruises?search=departurePort:BCN,BYE,FLL,LAX,MIA,ROM,SIN,YOK|nights:6~8,9~11,gte12|ship:AL,AN,HM,IC,LE,OA,OV,OY,QN,ST,SY,UT,WN&country=IRL&market=gbr&language=en",https://www.royalcaribbean.com/gbr/en/cruises/itinerary/8-nt-southern-caribbean-perfect-day-from-fort-on-allure/AL08FLL-3549269921?sail-date=2026-10-17&currency=EUR&country=IRL,AL08FLL-3549269921,Southern Caribbean & Perfect Day,8,Allure of the Seas,AL,"Fort Lauderdale, Florida",FLL,"Fort Lauderdale, Florida - Willemstad, Curacao - Oranjestad, Aruba - Perfect Day at CocoCay, Bahamas - Fort Lauderdale, Florida",AL08FLL-3549269921-2026-08-08,2026-08-08,Spacious Aquatheater Suite 1 Bedroom,5617
2025-11-22T22:09:05.857590,"https://www.royalcaribbean.com/gbr/en/cruises?search=departurePort:BCN,BYE,FLL,LAX,MIA,ROM,SIN,YOK|nights:6~8,9~11,gte12|ship:AL,AN,HM,IC,LE,OA,OV,OY,QN,ST,SY,UT,WN&country=IRL&market=gbr&language=en",https://www.royalcaribbean.com/gbr/en/cruises/itinerary/8-nt-southern-caribbean-perfect-day-from-fort-on-allure/AL08FLL-3549269921?sail-date=2026-10-17&currency=EUR&country=IRL,AL08FLL-3549269921,Southern Caribbean & Perfect Day,8,Allure of the Seas,AL,"Fort Lauderdale, Florida",FLL,"Fort Lauderdale, Florida - Willemstad, Curacao - Oranjestad, Aruba - Perfect Day at CocoCay, Bahamas - Fort Lauderdale, Florida",AL08FLL-3549269921-2026-08-08,2026-08-08,Aquatheater Suite 1 Bedroom,5617
2025-11-22T22:09:05.857590,"https://www.royalcaribbean.com/gbr/en/cruises?search=departurePort:BCN,BYE,FLL,LAX,MIA,ROM,SIN,YOK|nights:6~8,9~11,gte12|ship:AL,AN,HM,IC,LE,OA,OV,OY,QN,ST,SY,UT,WN&country=IRL&market=gbr&language=en",https://www.royalcaribbean.com/gbr/en/cruises/itinerary/8-nt-southern-caribbean-perfect-day-from-fort-on-allure/AL08FLL-3549269921?sail-date=2026-10-17&currency=EUR&country=IRL,AL08FLL-3549269921,Southern Caribbean & Perfect Day,8,Allure of the Seas,AL,"Fort Lauderdale, Florida",FLL,"Fort Lauderdale, Florida - Willemstad, Curacao - Oranjestad, Aruba - Perfect Day at CocoCay, Bahamas - Fort Lauderdale, Florida",AL08FLL-3549269921-2026-08-08,2026-08-08,Ultimate Panoramic Suite,8995
2025-11-22T22:09:05.857590,"https://www.royalcaribbean.com/gbr/en/cruises?search=departurePort:BCN,BYE,FLL,LAX,MIA,ROM,SIN,YOK|nights:6~8,9~11,gte12|ship:AL,AN,HM,IC,LE,OA,OV,OY,QN,ST,SY,UT,WN&country=IRL&market=gbr&language=en",https://www.royalcaribbean.com/gbr/en/cruises/itinerary/8-nt-southern-caribbean-perfect-day-from-fort-on-allure/AL08FLL-3549269921?sail-date=2026-10-17&currency=EUR&country=IRL,AL08FLL-3549269921,Southern Caribbean & Perfect Day,8,Allure of the Seas,AL,"Fort Lauderdale, Florida",FLL,"Fort Lauderdale, Florida - Willemstad, Curacao - Oranjestad, Aruba - Perfect Day at CocoCay, Bahamas - Fort Lauderdale, Florida",AL08FLL-3549269921-2026-08-08,2026-08-08,Spacious Aquatheater Suite Lg Balcony 2 Bedrooms,9768
2025-11-22T22:09:05.857590,"https://www.royalcaribbean.com/gbr/en/cruises?search=departurePort:BCN,BYE,FLL,LAX,MIA,ROM,SIN,YOK|nights:6~8,9~11,gte12|ship:AL,AN,HM,IC,LE,OA,OV,OY,QN,ST,SY,UT,WN&country=IRL&market=gbr&language=en",https://www.royalcaribbean.com/gbr/en/cruises/itinerary/8-nt-southern-caribbean-perfect-day-from-fort-on-allure/AL08FLL-3549269921?sail-date=2026-10-17&currency=EUR&country=IRL,AL08FLL-3549269921,Southern Caribbean & Perfect Day,8,Allure of the Seas,AL,"Fort Lauderdale, Florida",FLL,"Fort Lauderdale, Florida - Willemstad, Curacao - Oranjestad, Aruba - Perfect Day at CocoCay, Bahamas - Fort Lauderdale, Florida",AL08FLL-3549269921-2026-08-08,2026-08-08,Aquatheater Suite With Large Balcony 2 Bedroom,9792
2025-11-22T22:09:05.857590,"https://www.royalcaribbean.com/gbr/en/cruises?search=departurePort:BCN,BYE,FLL,LAX,MIA,ROM,SIN,YOK|nights:6~8,9~11,gte12|ship:AL,AN,HM,IC,LE,OA,OV,OY,QN,ST,SY,UT,WN&country=IRL&market=gbr&language=en",https://www.royalcaribbean.com/gbr/en/cruises/itinerary/8-nt-southern-caribbean-perfect-day-from-fort-on-allure/AL08FLL-3549269921?sail-date=2026-10-17&currency=EUR&country=IRL,AL08FLL-3549269921,Southern Caribbean & Perfect Day,8,Allure of the Seas,AL,"Fort Lauderdale, Florida",FLL,"Fort Lauderdale, Florida - Willemstad, Curacao - Oranjestad, Aruba - Perfect Day at CocoCay, Bahamas - Fort Lauderdale, Florida",AL08FLL-3549269921-2026-08-08,2026-08-08,Star Loft Suite,9897
2025-11-22T22:09:05.857590,"https://www.royalcaribbean.com/gbr/en/cruises?search=departurePort:BCN,BYE,FLL,LAX,MIA,ROM,SIN,YOK|nights:6~8,9~11,gte12|ship:AL,AN,HM,IC,LE,OA,OV,OY,QN,ST,SY,UT,WN&country=IRL&market=gbr&language=en",https://www.royalcaribbean.com/gbr/en/cruises/itinerary/8-nt-southern-caribbean-perfect-day-from-fort-on-allure/AL08FLL-3549269921?sail-date=2026-10-17&currency=EUR&country=IRL,AL08FLL-3549269921,Southern Caribbean & Perfect Day,8,Allure of the Seas,AL,"Fort Lauderdale, Florida",FLL,"Fort Lauderdale, Florida - Willemstad, Curacao - Oranjestad, Aruba - Perfect Day at CocoCay, Bahamas - Fort Lauderdale, Florida",AL08FLL-3549269921-2026-08-08,2026-08-08,Grand Panoramic Suite 1 Bedroom,10665
2025-11-22T22:09:05.857590,"https://www.royalcaribbean.com/gbr/en/cruises?search=departurePort:BCN,BYE,FLL,LAX,MIA,ROM,SIN,YOK|nights:6~8,9~11,gte12|ship:AL,AN,HM,IC,LE,OA,OV,OY,QN,ST,SY,UT,WN&country=IRL&market=gbr&language=en",https://www.royalcaribbean.com/gbr/en/cruises/itinerary/8-nt-southern-caribbean-perfect-day-from-fort-on-allure/AL08FLL-3549269921?sail-date=2026-10-17&currency=EUR&country=IRL,AL08FLL-3549269921,Southern Caribbean & Perfect Day,8,Allure of the Seas,AL,"Fort Lauderdale, Florida",FLL,"Fort Lauderdale, Florida - Willemstad, Curacao - Oranjestad, Aruba - Perfect Day at CocoCay, Bahamas - Fort Lauderdale, Florida",AL08FLL-3549269921-2026-08-08,2026-08-08,Owners Panoramic Suite 1 Bedroom,11704
2025-11-22T22:09:05.857590,"https://www.royalcaribbean.com/gbr/en/cruises?search=departurePort:BCN,BYE,FLL,LAX,MIA,ROM,SIN,YOK|nights:6~8,9~11,gte12|ship:AL,AN,HM,IC,LE,OA,OV,OY,QN,ST,SY,UT,WN&country=IRL&market=gbr&language=en",https://www.royalcaribbean.com/gbr/en/cruises/itinerary/8-nt-southern-caribbean-perfect-day-from-fort-on-allure/AL08FLL-3549269921?sail-date=2026-10-17&currency=EUR&country=IRL,AL08FLL-3549269921,Southern Caribbean & Perfect Day,8,Allure of the Seas,AL,"Fort Lauderdale, Florida",FLL,"Fort Lauderdale, Florida - Willemstad, Curacao - Oranjestad, Aruba - Perfect Day at CocoCay, Bahamas - Fort Lauderdale, Florida",AL08FLL-3549269921-2026-08-08,2026-08-08,Royal Loft Suite,13100
2025-11-22T22:09:05.857590,"https://www.royalcaribbean.com/gbr/en/cruises?search=departurePort:BCN,BYE,FLL,LAX,MIA,ROM,SIN,YOK|nights:6~8,9~11,gte12|ship:AL,AN,HM,IC,LE,OA,OV,OY,QN,ST,SY,UT,WN&country=IRL&market=gbr&language=en",https://www.royalcaribbean.com/gbr/en/cruises/itinerary/6-night-western-caribbean-perfect-day-from-fort-on-allure/AL06FLL-1143316846?sail-date=2026-09-13&currency=EUR&country=IRL,AL06FLL-1143316846,Western Caribbean & Perfect Day,6,Allure of the Seas,AL,"Fort Lauderdale, Florida",FLL,"Fort Lauderdale, Florida - Perfect Day at CocoCay, Bahamas - Falmouth, Jamaica - Labadee, Haiti - Fort Lauderdale, Florida",AL06FLL-1143316846-2026-09-13,2026-09-13,Interior,605
2025-11-22T22:09:05.857590,"https://www.royalcaribbean.com/gbr/en/cruises?search=departurePort:BCN,BYE,FLL,LAX,MIA,ROM,SIN,YOK|nights:6~8,9~11,gte12|ship:AL,AN,HM,IC,LE,OA,OV,OY,QN,ST,SY,UT,WN&country=IRL&market=gbr&language=en",https://www.royalcaribbean.com/gbr/en/cruises/itinerary/6-night-western-caribbean-perfect-day-from-fort-on-allure/AL06FLL-1143316846?sail-date=2026-09-13&currency=EUR&country=IRL,AL06FLL-1143316846,Western Caribbean & Perfect Day,6,Allure of the Seas,AL,"Fort Lauderdale, Florida",FLL,"Fort Lauderdale, Florida - Perfect Day at CocoCay, Bahamas - Falmouth, Jamaica - Labadee, Haiti - Fort Lauderdale, Florida",AL06FLL-1143316846-2026-09-13,2026-09-13,Ocean View,690
2025-11-22T22:09:05.857590,"https://www.royalcaribbean.com/gbr/en/cruises?search=departurePort:BCN,BYE,FLL,LAX,MIA,ROM,SIN,YOK|nights:6~8,9~11,gte12|ship:AL,AN,HM,IC,LE,OA,OV,OY,QN,ST,SY,UT,WN&country=IRL&market=gbr&language=en",https://www.royalcaribbean.com/gbr/en/cruises/itinerary/6-night-western-caribbean-perfect-day-from-fort-on-allure/AL06FLL-1143316846?sail-date=2026-09-13&currency=EUR&country=IRL,AL06FLL-1143316846,Western Caribbean & Perfect Day,6,Allure of the Seas,AL,"Fort Lauderdale, Florida",FLL,"Fort Lauderdale, Florida - Perfect Day at CocoCay, Bahamas - Falmouth, Jamaica - Labadee, Haiti - Fort Lauderdale, Florida",AL06FLL-1143316846-2026-09-13,2026-09-13,Balcony,680
2025-11-22T22:09:05.857590,"https://www.royalcaribbean.com/gbr/en/cruises?search=departurePort:BCN,BYE,FLL,LAX,MIA,ROM,SIN,YOK|nights:6~8,9~11,gte12|ship:AL,AN,HM,IC,LE,OA,OV,OY,QN,ST,SY,UT,WN&country=IRL&market=gbr&language=en",https://www.royalcaribbean.com/gbr/en/cruises/itinerary/6-night-western-caribbean-perfect-day-from-fort-on-allure/AL06FLL-1143316846?sail-date=2026-09-13&currency=EUR&country=IRL,AL06FLL-1143316846,Western Caribbean & Perfect Day,6,Allure of the Seas,AL,"Fort Lauderdale, Florida",FLL,"Fort Lauderdale, Florida - Perfect Day at CocoCay, Bahamas - Falmouth, Jamaica - Labadee, Haiti - Fort Lauderdale, Florida",AL06FLL-1143316846-2026-09-13,2026-09-13,Suite Guarantee,1468
2025-11-22T22:09:05.857590,"https://www.royalcaribbean.com/gbr/en/cruises?search=departurePort:BCN,BYE,FLL,LAX,MIA,ROM,SIN,YOK|nights:6~8,9~11,gte12|ship:AL,AN,HM,IC,LE,OA,OV,OY,QN,ST,SY,UT,WN&country=IRL&market=gbr&language=en",https://www.royalcaribbean.com/gbr/en/cruises/itinerary/6-night-western-caribbean-perfect-day-from-fort-on-allure/AL06FLL-1143316846?sail-date=2026-09-13&currency=EUR&country=IRL,AL06FLL-1143316846,Western Caribbean & Perfect Day,6,Allure of the Seas,AL,"Fort Lauderdale, Florida",FLL,"Fort Lauderdale, Florida - Perfect Day at CocoCay, Bahamas - Falmouth, Jamaica - Labadee, Haiti - Fort Lauderdale, Florida",AL06FLL-1143316846-2026-09-13,2026-09-13,Junior Suite,1468
2025-11-22T22:09:05.857590,"https://www.royalcaribbean.com/gbr/en/cruises?search=departurePort:BCN,BYE,FLL,LAX,MIA,ROM,SIN,YOK|nights:6~8,9~11,gte12|ship:AL,AN,HM,IC,LE,OA,OV,OY,QN,ST,SY,UT,WN&country=IRL&market=gbr&language=en",https://www.royalcaribbean.com/gbr/en/cruises/itinerary/6-night-western-caribbean-perfect-day-from-fort-on-allure/AL06FLL-1143316846?sail-date=2026-09-13&currency=EUR&country=IRL,AL06FLL-1143316846,Western Caribbean & Perfect Day,6,Allure of the Seas,AL,"Fort Lauderdale, Florida",FLL,"Fort Lauderdale, Florida - Perfect Day at CocoCay, Bahamas - Falmouth, Jamaica - Labadee, Haiti - Fort Lauderdale, Florida",AL06FLL-1143316846-2026-09-13,2026-09-13,Sky Junior Suite,2266
2025-11-22T22:09:05.857590,"https://www.royalcaribbean.com/gbr/en/cruises?search=departurePort:BCN,BYE,FLL,LAX,MIA,ROM,SIN,YOK|nights:6~8,9~11,gte12|ship:AL,AN,HM,IC,LE,OA,OV,OY,QN,ST,SY,UT,WN&country=IRL&market=gbr&language=en",https://www.royalcaribbean.com/gbr/en/cruises/itinerary/6-night-western-caribbean-perfect-day-from-fort-on-allure/AL06FLL-1143316846?sail-date=2026-09-13&currency=EUR&country=IRL,AL06FLL-1143316846,Western Caribbean & Perfect Day,6,Allure of the Seas,AL,"Fort Lauderdale, Florida",FLL,"Fort Lauderdale, Florida - Perfect Day at CocoCay, Bahamas - Falmouth, Jamaica - Labadee, Haiti - Fort Lauderdale, Florida",AL06FLL-1143316846-2026-09-13,2026-09-13,Grand Suite 1 Bedroom,2729
2025-11-22T22:09:05.857590,"https://www.royalcaribbean.com/gbr/en/cruises?search=departurePort:BCN,BYE,FLL,LAX,MIA,ROM,SIN,YOK|nights:6~8,9~11,gte12|ship:AL,AN,HM,IC,LE,OA,OV,OY,QN,ST,SY,UT,WN&country=IRL&market=gbr&language=en",https://www.royalcaribbean.com/gbr/en/cruises/itinerary/6-night-western-caribbean-perfect-day-from-fort-on-allure/AL06FLL-1143316846?sail-date=2026-09-13&currency=EUR&country=IRL,AL06FLL-1143316846,Western Caribbean & Perfect Day,6,Allure of the Seas,AL,"Fort Lauderdale, Florida",FLL,"Fort Lauderdale, Florida - Perfect Day at CocoCay, Bahamas - Falmouth, Jamaica - Labadee, Haiti - Fort Lauderdale, Florida",AL06FLL-1143316846-2026-09-13,2026-09-13,Owners Suite 1 Bedroom,3213
2025-11-22T22:09:05.857590,"https://www.royalcaribbean.com/gbr/en/cruises?search=departurePort:BCN,BYE,FLL,LAX,MIA,ROM,SIN,YOK|nights:6~8,9~11,gte12|ship:AL,AN,HM,IC,LE,OA,OV,OY,QN,ST,SY,UT,WN&country=IRL&market=gbr&language=en",https://www.royalcaribbean.com/gbr/en/cruises/itinerary/6-night-western-caribbean-perfect-day-from-fort-on-allure/AL06FLL-1143316846?sail-date=2026-09-13&currency=EUR&country=IRL,AL06FLL-1143316846,Western Caribbean & Perfect Day,6,Allure of the Seas,AL,"Fort Lauderdale, Florida",FLL,"Fort Lauderdale, Florida - Perfect Day at CocoCay, Bahamas - Falmouth, Jamaica - Labadee, Haiti - Fort Lauderdale, Florida",AL06FLL-1143316846-2026-09-13,2026-09-13,Crown Loft Suite,3303
2025-11-22T22:09:05.857590,"https://www.royalcaribbean.com/gbr/en/cruises?search=departurePort:BCN,BYE,FLL,LAX,MIA,ROM,SIN,YOK|nights:6~8,9~11,gte12|ship:AL,AN,HM,IC,LE,OA,OV,OY,QN,ST,SY,UT,WN&country=IRL&market=gbr&language=en",https://www.royalcaribbean.com/gbr/en/cruises/itinerary/6-night-western-caribbean-perfect-day-from-fort-on-allure/AL06FLL-1143316846?sail-date=2026-09-13&currency=EUR&country=IRL,AL06FLL-1143316846,Western Caribbean & Perfect Day,6,Allure of the Seas,AL,"Fort Lauderdale, Florida",FLL,"Fort Lauderdale, Florida - Perfect Day at CocoCay, Bahamas - Falmouth, Jamaica - Labadee, Haiti - Fort Lauderdale, Florida",AL06FLL-1143316846-2026-09-13,2026-09-13,Aquatheater Suite 1 Bedroom,3561
2025-11-22T22:09:05.857590,"https://www.royalcaribbean.com/gbr/en/cruises?search=departurePort:BCN,BYE,FLL,LAX,MIA,ROM,SIN,YOK|nights:6~8,9~11,gte12|ship:AL,AN,HM,IC,LE,OA,OV,OY,QN,ST,SY,UT,WN&country=IRL&market=gbr&language=en",https://www.royalcaribbean.com/gbr/en/cruises/itinerary/6-night-western-caribbean-perfect-day-from-fort-on-allure/AL06FLL-1143316846?sail-date=2026-09-13&currency=EUR&country=IRL,AL06FLL-1143316846,Western Caribbean & Perfect Day,6,Allure of the Seas,AL,"Fort Lauderdale, Florida",FLL,"Fort Lauderdale, Florida - Perfect Day at CocoCay, Bahamas - Falmouth, Jamaica - Labadee, Haiti - Fort Lauderdale, Florida",AL06FLL-1143316846-2026-09-13,2026-09-13,Spacious Aquatheater Suite 1 Bedroom,3602
2025-11-22T22:09:05.857590,"https://www.royalcaribbean.com/gbr/en/cruises?search=departurePort:BCN,BYE,FLL,LAX,MIA,ROM,SIN,YOK|nights:6~8,9~11,gte12|ship:AL,AN,HM,IC,LE,OA,OV,OY,QN,ST,SY,UT,WN&country=IRL&market=gbr&language=en",https://www.royalcaribbean.com/gbr/en/cruises/itinerary/6-night-western-caribbean-perfect-day-from-fort-on-allure/AL06FLL-1143316846?sail-date=2026-09-13&currency=EUR&country=IRL,AL06FLL-1143316846,Western Caribbean & Perfect Day,6,Allure of the Seas,AL,"Fort Lauderdale, Florida",FLL,"Fort Lauderdale, Florida - Perfect Day at CocoCay, Bahamas - Falmouth, Jamaica - Labadee, Haiti - Fort Lauderdale, Florida",AL06FLL-1143316846-2026-09-13,2026-09-13,Ultimate Panoramic Suite,5699
2025-11-22T22:09:05.857590,"https://www.royalcaribbean.com/gbr/en/cruises?search=departurePort:BCN,BYE,FLL,LAX,MIA,ROM,SIN,YOK|nights:6~8,9~11,gte12|ship:AL,AN,HM,IC,LE,OA,OV,OY,QN,ST,SY,UT,WN&country=IRL&market=gbr&language=en",https://www.royalcaribbean.com/gbr/en/cruises/itinerary/6-night-western-caribbean-perfect-day-from-fort-on-allure/AL06FLL-1143316846?sail-date=2026-09-13&currency=EUR&country=IRL,AL06FLL-1143316846,Western Caribbean & Perfect Day,6,Allure of the Seas,AL,"Fort Lauderdale, Florida",FLL,"Fort Lauderdale, Florida - Perfect Day at CocoCay, Bahamas - Falmouth, Jamaica - Labadee, Haiti - Fort Lauderdale, Florida",AL06FLL-1143316846-2026-09-13,2026-09-13,Star Loft Suite,6252
2025-11-22T22:09:05.857590,"https://www.royalcaribbean.com/gbr/en/cruises?search=departurePort:BCN,BYE,FLL,LAX,MIA,ROM,SIN,YOK|nights:6~8,9~11,gte12|ship:AL,AN,HM,IC,LE,OA,OV,OY,QN,ST,SY,UT,WN&country=IRL&market=gbr&language=en",https://www.royalcaribbean.com/gbr/en/cruises/itinerary/6-night-western-caribbean-perfect-day-from-fort-on-allure/AL06FLL-1143316846?sail-date=2026-09-13&currency=EUR&country=IRL,AL06FLL-1143316846,Western Caribbean & Perfect Day,6,Allure of the Seas,AL,"Fort Lauderdale, Florida",FLL,"Fort Lauderdale, Florida - Perfect Day at CocoCay, Bahamas - Falmouth, Jamaica - Labadee, Haiti - Fort Lauderdale, Florida",AL06FLL-1143316846-2026-09-13,2026-09-13,Spacious Aquatheater Suite Lg Balcony 2 Bedrooms,6450
2025-11-22T22:09:05.857590,"https://www.royalcaribbean.com/gbr/en/cruises?search=departurePort:BCN,BYE,FLL,LAX,MIA,ROM,SIN,YOK|nights:6~8,9~11,gte12|ship:AL,AN,HM,IC,LE,OA,OV,OY,QN,ST,SY,UT,WN&country=IRL&market=gbr&language=en",https://www.royalcaribbean.com/gbr/en/cruises/itinerary/6-night-western-caribbean-perfect-day-from-fort-on-allure/AL06FLL-1143316846?sail-date=2026-09-13&currency=EUR&country=IRL,AL06FLL-1143316846,Western Caribbean & Perfect Day,6,Allure of the Seas,AL,"Fort Lauderdale, Florida",FLL,"Fort Lauderdale, Florida - Perfect Day at CocoCay, Bahamas - Falmouth, Jamaica - Labadee, Haiti - Fort Lauderdale, Florida",AL06FLL-1143316846-2026-09-13,2026-09-13,Aquatheater Suite With Large Balcony 2 Bedroom,6462
2025-11-22T22:09:05.857590,"https://www.royalcaribbean.com/gbr/en/cruises?search=departurePort:BCN,BYE,FLL,LAX,MIA,ROM,SIN,YOK|nights:6~8,9~11,gte12|ship:AL,AN,HM,IC,LE,OA,OV,OY,QN,ST,SY,UT,WN&country=IRL&market=gbr&language=en",https://www.royalcaribbean.com/gbr/en/cruises/itinerary/6-night-western-caribbean-perfect-day-from-fort-on-allure/AL06FLL-1143316846?sail-date=2026-09-13&currency=EUR&country=IRL,AL06FLL-1143316846,Western Caribbean & Perfect Day,6,Allure of the Seas,AL,"Fort Lauderdale, Florida",FLL,"Fort Lauderdale, Florida - Perfect Day at CocoCay, Bahamas - Falmouth, Jamaica - Labadee, Haiti - Fort Lauderdale, Florida",AL06FLL-1143316846-2026-09-13,2026-09-13,Grand Panoramic Suite 1 Bedroom,6747
2025-11-22T22:09:05.857590,"https://www.royalcaribbean.com/gbr/en/cruises?search=departurePort:BCN,BYE,FLL,LAX,MIA,ROM,SIN,YOK|nights:6~8,9~11,gte12|ship:AL,AN,HM,IC,LE,OA,OV,OY,QN,ST,SY,UT,WN&country=IRL&market=gbr&language=en",https://www.royalcaribbean.com/gbr/en/cruises/itinerary/6-night-western-caribbean-perfect-day-from-fort-on-allure/AL06FLL-1143316846?sail-date=2026-09-13&currency=EUR&country=IRL,AL06FLL-1143316846,Western Caribbean & Perfect Day,6,Allure of the Seas,AL,"Fort Lauderdale, Florida",FLL,"Fort Lauderdale, Florida - Perfect Day at CocoCay, Bahamas - Falmouth, Jamaica - Labadee, Haiti - Fort Lauderdale, Florida",AL06FLL-1143316846-2026-09-13,2026-09-13,Owners Panoramic Suite 1 Bedroom,7405
2025-11-22T22:09:05.857590,"https://www.royalcaribbean.com/gbr/en/cruises?search=departurePort:BCN,BYE,FLL,LAX,MIA,ROM,SIN,YOK|nights:6~8,9~11,gte12|ship:AL,AN,HM,IC,LE,OA,OV,OY,QN,ST,SY,UT,WN&country=IRL&market=gbr&language=en",https://www.royalcaribbean.com/gbr/en/cruises/itinerary/6-night-western-caribbean-perfect-day-from-fort-on-allure/AL06FLL-1143316846?sail-date=2026-09-13&currency=EUR&country=IRL,AL06FLL-1143316846,Western Caribbean & Perfect Day,6,Allure of the Seas,AL,"Fort Lauderdale, Florida",FLL,"Fort Lauderdale, Florida - Perfect Day at CocoCay, Bahamas - Falmouth, Jamaica - Labadee, Haiti - Fort Lauderdale, Florida",AL06FLL-1143316846-2026-09-13,2026-09-13,Royal Loft Suite,8279
2025-11-22T22:09:05.857590,"https://www.royalcaribbean.com/gbr/en/cruises?search=departurePort:BCN,BYE,FLL,LAX,MIA,ROM,SIN,YOK|nights:6~8,9~11,gte12|ship:AL,AN,HM,IC,LE,OA,OV,OY,QN,ST,SY,UT,WN&country=IRL&market=gbr&language=en",https://www.royalcaribbean.com/gbr/en/cruises/itinerary/6-night-western-caribbean-perfect-day-from-fort-on-allure/AL06FLL-1143316846?sail-date=2026-09-13&currency=EUR&country=IRL,AL06FLL-1143316846,Western Caribbean & Perfect Day,6,Allure of the Seas,AL,"Fort Lauderdale, Florida",FLL,"Fort Lauderdale, Florida - Perfect Day at CocoCay, Bahamas - Falmouth, Jamaica - Labadee, Haiti - Fort Lauderdale, Florida",AL06FLL-1143316846-2026-05-10,2026-05-10,Interior,784
2025-11-22T22:09:05.857590,"https://www.royalcaribbean.com/gbr/en/cruises?search=departurePort:BCN,BYE,FLL,LAX,MIA,ROM,SIN,YOK|nights:6~8,9~11,gte12|ship:AL,AN,HM,IC,LE,OA,OV,OY,QN,ST,SY,UT,WN&country=IRL&market=gbr&language=en",https://www.royalcaribbean.com/gbr/en/cruises/itinerary/6-night-western-caribbean-perfect-day-from-fort-on-allure/AL06FLL-1143316846?sail-date=2026-09-13&currency=EUR&country=IRL,AL06FLL-1143316846,Western Caribbean & Perfect Day,6,Allure of the Seas,AL,"Fort Lauderdale, Florida",FLL,"Fort Lauderdale, Florida - Perfect Day at CocoCay, Bahamas - Falmouth, Jamaica - Labadee, Haiti - Fort Lauderdale, Florida",AL06FLL-1143316846-2026-05-10,2026-05-10,Ocean View,889
2025-11-22T22:09:05.857590,"https://www.royalcaribbean.com/gbr/en/cruises?search=departurePort:BCN,BYE,FLL,LAX,MIA,ROM,SIN,YOK|nights:6~8,9~11,gte12|ship:AL,AN,HM,IC,LE,OA,OV,OY,QN,ST,SY,UT,WN&country=IRL&market=gbr&language=en",https://www.royalcaribbean.com/gbr/en/cruises/itinerary/6-night-western-caribbean-perfect-day-from-fort-on-allure/AL06FLL-1143316846?sail-date=2026-09-13&currency=EUR&country=IRL,AL06FLL-1143316846,Western Caribbean & Perfect Day,6,Allure of the Seas,AL,"Fort Lauderdale, Florida",FLL,"Fort Lauderdale, Florida - Perfect Day at CocoCay, Bahamas - Falmouth, Jamaica - Labadee, Haiti - Fort Lauderdale, Florida",AL06FLL-1143316846-2026-05-10,2026-05-10,Balcony,892
2025-11-22T22:09:05.857590,"https://www.royalcaribbean.com/gbr/en/cruises?search=departurePort:BCN,BYE,FLL,LAX,MIA,ROM,SIN,YOK|nights:6~8,9~11,gte12|ship:AL,AN,HM,IC,LE,OA,OV,OY,QN,ST,SY,UT,WN&country=IRL&market=gbr&language=en",https://www.royalcaribbean.com/gbr/en/cruises/itinerary/6-night-western-caribbean-perfect-day-from-fort-on-allure/AL06FLL-1143316846?sail-date=2026-09-13&currency=EUR&country=IRL,AL06FLL-1143316846,Western Caribbean & Perfect Day,6,Allure of the Seas,AL,"Fort Lauderdale, Florida",FLL,"Fort Lauderdale, Florida - Perfect Day at CocoCay, Bahamas - Falmouth, Jamaica - Labadee, Haiti - Fort Lauderdale, Florida",AL06FLL-1143316846-2026-05-10,2026-05-10,Suite Guarantee,2710
2025-11-22T22:09:05.857590,"https://www.royalcaribbean.com/gbr/en/cruises?search=departurePort:BCN,BYE,FLL,LAX,MIA,ROM,SIN,YOK|nights:6~8,9~11,gte12|ship:AL,AN,HM,IC,LE,OA,OV,OY,QN,ST,SY,UT,WN&country=IRL&market=gbr&language=en",https://www.royalcaribbean.com/gbr/en/cruises/itinerary/6-night-western-caribbean-perfect-day-from-fort-on-allure/AL06FLL-1143316846?sail-date=2026-09-13&currency=EUR&country=IRL,AL06FLL-1143316846,Western Caribbean & Perfect Day,6,Allure of the Seas,AL,"Fort Lauderdale, Florida",FLL,"Fort Lauderdale, Florida - Perfect Day at CocoCay, Bahamas - Falmouth, Jamaica - Labadee, Haiti - Fort Lauderdale, Florida",AL06FLL-1143316846-2026-05-10,2026-05-10,Junior Suite,1468
2025-11-22T22:09:05.857590,"https://www.royalcaribbean.com/gbr/en/cruises?search=departurePort:BCN,BYE,FLL,LAX,MIA,ROM,SIN,YOK|nights:6~8,9~11,gte12|ship:AL,AN,HM,IC,LE,OA,OV,OY,QN,ST,SY,UT,WN&country=IRL&market=gbr&language=en",https://www.royalcaribbean.com/gbr/en/cruises/itinerary/6-night-western-caribbean-perfect-day-from-fort-on-allure/AL06FLL-1143316846?sail-date=2026-09-13&currency=EUR&country=IRL,AL06FLL-1143316846,Western Caribbean & Perfect Day,6,Allure of the Seas,AL,"Fort Lauderdale, Florida",FLL,"Fort Lauderdale, Florida - Perfect Day at CocoCay, Bahamas - Falmouth, Jamaica - Labadee, Haiti - Fort Lauderdale, Florida",AL06FLL-1143316846-2026-05-10,2026-05-10,Sky Junior Suite,2266
2025-11-22T22:09:05.857590,"https://www.royalcaribbean.com/gbr/en/cruises?search=departurePort:BCN,BYE,FLL,LAX,MIA,ROM,SIN,YOK|nights:6~8,9~11,gte12|ship:AL,AN,HM,IC,LE,OA,OV,OY,QN,ST,SY,UT,WN&country=IRL&market=gbr&language=en",https://www.royalcaribbean.com/gbr/en/cruises/itinerary/6-night-western-caribbean-perfect-day-from-fort-on-allure/AL06FLL-1143316846?sail-date=2026-09-13&currency=EUR&country=IRL,AL06FLL-1143316846,Western Caribbean & Perfect Day,6,Allure of the Seas,AL,"Fort Lauderdale, Florida",FLL,"Fort Lauderdale, Florida - Perfect Day at CocoCay, Bahamas - Falmouth, Jamaica - Labadee, Haiti - Fort Lauderdale, Florida",AL06FLL-1143316846-2026-05-10,2026-05-10,Grand Suite 1 Bedroom,2729
2025-11-22T22:09:05.857590,"https://www.royalcaribbean.com/gbr/en/cruises?search=departurePort:BCN,BYE,FLL,LAX,MIA,ROM,SIN,YOK|nights:6~8,9~11,gte12|ship:AL,AN,HM,IC,LE,OA,OV,OY,QN,ST,SY,UT,WN&country=IRL&market=gbr&language=en",https://www.royalcaribbean.com/gbr/en/cruises/itinerary/6-night-western-caribbean-perfect-day-from-fort-on-allure/AL06FLL-1143316846?sail-date=2026-09-13&currency=EUR&country=IRL,AL06FLL-1143316846,Western Caribbean & Perfect Day,6,Allure of the Seas,AL,"Fort Lauderdale, Florida",FLL,"Fort Lauderdale, Florida - Perfect Day at CocoCay, Bahamas - Falmouth, Jamaica - Labadee, Haiti - Fort Lauderdale, Florida",AL06FLL-1143316846-2026-05-10,2026-05-10,Owners Suite 1 Bedroom,3213
2025-11-22T22:09:05.857590,"https://www.royalcaribbean.com/gbr/en/cruises?search=departurePort:BCN,BYE,FLL,LAX,MIA,ROM,SIN,YOK|nights:6~8,9~11,gte12|ship:AL,AN,HM,IC,LE,OA,OV,OY,QN,ST,SY,UT,WN&country=IRL&market=gbr&language=en",https://www.royalcaribbean.com/gbr/en/cruises/itinerary/6-night-western-caribbean-perfect-day-from-fort-on-allure/AL06FLL-1143316846?sail-date=2026-09-13&currency=EUR&country=IRL,AL06FLL-1143316846,Western Caribbean & Perfect Day,6,Allure of the Seas,AL,"Fort Lauderdale, Florida",FLL,"Fort Lauderdale, Florida - Perfect Day at CocoCay, Bahamas - Falmouth, Jamaica - Labadee, Haiti - Fort Lauderdale, Florida",AL06FLL-1143316846-2026-05-10,2026-05-10,Crown Loft Suite,3303
2025-11-22T22:09:05.857590,"https://www.royalcaribbean.com/gbr/en/cruises?search=departurePort:BCN,BYE,FLL,LAX,MIA,ROM,SIN,YOK|nights:6~8,9~11,gte12|ship:AL,AN,HM,IC,LE,OA,OV,OY,QN,ST,SY,UT,WN&country=IRL&market=gbr&language=en",https://www.royalcaribbean.com/gbr/en/cruises/itinerary/6-night-western-caribbean-perfect-day-from-fort-on-allure/AL06FLL-1143316846?sail-date=2026-09-13&currency=EUR&country=IRL,AL06FLL-1143316846,Western Caribbean & Perfect Day,6,Allure of the Seas,AL,"Fort Lauderdale, Florida",FLL,"Fort Lauderdale, Florida - Perfect Day at CocoCay, Bahamas - Falmouth, Jamaica - Labadee, Haiti - Fort Lauderdale, Florida",AL06FLL-1143316846-2026-05-10,2026-05-10,Aquatheater Suite 1 Bedroom,3561
2025-11-22T22:09:05.857590,"https://www.royalcaribbean.com/gbr/en/cruises?search=departurePort:BCN,BYE,FLL,LAX,MIA,ROM,SIN,YOK|nights:6~8,9~11,gte12|ship:AL,AN,HM,IC,LE,OA,OV,OY,QN,ST,SY,UT,WN&country=IRL&market=gbr&language=en",https://www.royalcaribbean.com/gbr/en/cruises/itinerary/6-night-western-caribbean-perfect-day-from-fort-on-allure/AL06FLL-1143316846?sail-date=2026-09-13&currency=EUR&country=IRL,AL06FLL-1143316846,Western Caribbean & Perfect Day,6,Allure of the Seas,AL,"Fort Lauderdale, Florida",FLL,"Fort Lauderdale, Florida - Perfect Day at CocoCay, Bahamas - Falmouth, Jamaica - Labadee, Haiti - Fort Lauderdale, Florida",AL06FLL-1143316846-2026-05-10,2026-05-10,Spacious Aquatheater Suite 1 Bedroom,3602
2025-11-22T22:09:05.857590,"https://www.royalcaribbean.com/gbr/en/cruises?search=departurePort:BCN,BYE,FLL,LAX,MIA,ROM,SIN,YOK|nights:6~8,9~11,gte12|ship:AL,AN,HM,IC,LE,OA,OV,OY,QN,ST,SY,UT,WN&country=IRL&market=gbr&language=en",https://www.royalcaribbean.com/gbr/en/cruises/itinerary/6-night-western-caribbean-perfect-day-from-fort-on-allure/AL06FLL-1143316846?sail-date=2026-09-13&currency=EUR&country=IRL,AL06FLL-1143316846,Western Caribbean & Perfect Day,6,Allure of the Seas,AL,"Fort Lauderdale, Florida",FLL,"Fort Lauderdale, Florida - Perfect Day at CocoCay, Bahamas - Falmouth, Jamaica - Labadee, Haiti - Fort Lauderdale, Florida",AL06FLL-1143316846-2026-05-10,2026-05-10,Ultimate Panoramic Suite,5699
2025-11-22T22:09:05.857590,"https://www.royalcaribbean.com/gbr/en/cruises?search=departurePort:BCN,BYE,FLL,LAX,MIA,ROM,SIN,YOK|nights:6~8,9~11,gte12|ship:AL,AN,HM,IC,LE,OA,OV,OY,QN,ST,SY,UT,WN&country=IRL&market=gbr&language=en",https://www.royalcaribbean.com/gbr/en/cruises/itinerary/6-night-western-caribbean-perfect-day-from-fort-on-allure/AL06FLL-1143316846?sail-date=2026-09-13&currency=EUR&country=IRL,AL06FLL-1143316846,Western Caribbean & Perfect Day,6,Allure of the Seas,AL,"Fort Lauderdale, Florida",FLL,"Fort Lauderdale, Florida - Perfect Day at CocoCay, Bahamas - Falmouth, Jamaica - Labadee, Haiti - Fort Lauderdale, Florida",AL06FLL-1143316846-2026-05-10,2026-05-10,Star Loft Suite,6252
2025-11-22T22:09:05.857590,"https://www.royalcaribbean.com/gbr/en/cruises?search=departurePort:BCN,BYE,FLL,LAX,MIA,ROM,SIN,YOK|nights:6~8,9~11,gte12|ship:AL,AN,HM,IC,LE,OA,OV,OY,QN,ST,SY,UT,WN&country=IRL&market=gbr&language=en",https://www.royalcaribbean.com/gbr/en/cruises/itinerary/6-night-western-caribbean-perfect-day-from-fort-on-allure/AL06FLL-1143316846?sail-date=2026-09-13&currency=EUR&country=IRL,AL06FLL-1143316846,Western Caribbean & Perfect Day,6,Allure of the Seas,AL,"Fort Lauderdale, Florida",FLL,"Fort Lauderdale, Florida - Perfect Day at CocoCay, Bahamas - Falmouth, Jamaica - Labadee, Haiti - Fort Lauderdale, Florida",AL06FLL-1143316846-2026-05-10,2026-05-10,Spacious Aquatheater Suite Lg Balcony 2 Bedrooms,6450
2025-11-22T22:09:05.857590,"https://www.royalcaribbean.com/gbr/en/cruises?search=departurePort:BCN,BYE,FLL,LAX,MIA,ROM,SIN,YOK|nights:6~8,9~11,gte12|ship:AL,AN,HM,IC,LE,OA,OV,OY,QN,ST,SY,UT,WN&country=IRL&market=gbr&language=en",https://www.royalcaribbean.com/gbr/en/cruises/itinerary/6-night-western-caribbean-perfect-day-from-fort-on-allure/AL06FLL-1143316846?sail-date=2026-09-13&currency=EUR&country=IRL,AL06FLL-1143316846,Western Caribbean & Perfect Day,6,Allure of the Seas,AL,"Fort Lauderdale, Florida",FLL,"Fort Lauderdale, Florida - Perfect Day at CocoCay, Bahamas - Falmouth, Jamaica - Labadee, Haiti - Fort Lauderdale, Florida",AL06FLL-1143316846-2026-05-10,2026-05-10,Aquatheater Suite With Large Balcony 2 Bedroom,6462
2025-11-22T22:09:05.857590,"https://www.royalcaribbean.com/gbr/en/cruises?search=departurePort:BCN,BYE,FLL,LAX,MIA,ROM,SIN,YOK|nights:6~8,9~11,gte12|ship:AL,AN,HM,IC,LE,OA,OV,OY,QN,ST,SY,UT,WN&country=IRL&market=gbr&language=en",https://www.royalcaribbean.com/gbr/en/cruises/itinerary/6-night-western-caribbean-perfect-day-from-fort-on-allure/AL06FLL-1143316846?sail-date=2026-09-13&currency=EUR&country=IRL,AL06FLL-1143316846,Western Caribbean & Perfect Day,6,Allure of the Seas,AL,"Fort Lauderdale, Florida",FLL,"Fort Lauderdale, Florida - Perfect Day at CocoCay, Bahamas - Falmouth, Jamaica - Labadee, Haiti - Fort Lauderdale, Florida",AL06FLL-1143316846-2026-05-10,2026-05-10,Grand Panoramic Suite 1 Bedroom,6747
2025-11-22T22:09:05.857590,"https://www.royalcaribbean.com/gbr/en/cruises?search=departurePort:BCN,BYE,FLL,LAX,MIA,ROM,SIN,YOK|nights:6~8,9~11,gte12|ship:AL,AN,HM,IC,LE,OA,OV,OY,QN,ST,SY,UT,WN&country=IRL&market=gbr&language=en",https://www.royalcaribbean.com/gbr/en/cruises/itinerary/6-night-western-caribbean-perfect-day-from-fort-on-allure/AL06FLL-1143316846?sail-date=2026-09-13&currency=EUR&country=IRL,AL06FLL-1143316846,Western Caribbean & Perfect Day,6,Allure of the Seas,AL,"Fort Lauderdale, Florida",FLL,"Fort Lauderdale, Florida - Perfect Day at CocoCay, Bahamas - Falmouth, Jamaica - Labadee, Haiti - Fort Lauderdale, Florida",AL06FLL-1143316846-2026-05-10,2026-05-10,Owners Panoramic Suite 1 Bedroom,7405
2025-11-22T22:09:05.857590,"https://www.royalcaribbean.com/gbr/en/cruises?search=departurePort:BCN,BYE,FLL,LAX,MIA,ROM,SIN,YOK|nights:6~8,9~11,gte12|ship:AL,AN,HM,IC,LE,OA,OV,OY,QN,ST,SY,UT,WN&country=IRL&market=gbr&language=en",https://www.royalcaribbean.com/gbr/en/cruises/itinerary/6-night-western-caribbean-perfect-day-from-fort-on-allure/AL06FLL-1143316846?sail-date=2026-09-13&currency=EUR&country=IRL,AL06FLL-1143316846,Western Caribbean & Perfect Day,6,Allure of the Seas,AL,"Fort Lauderdale, Florida",FLL,"Fort Lauderdale, Florida - Perfect Day at CocoCay, Bahamas - Falmouth, Jamaica - Labadee, Haiti - Fort Lauderdale, Florida",AL06FLL-1143316846-2026-05-10,2026-05-10,Royal Loft Suite,8279
2025-11-22T22:09:05.857590,"https://www.royalcaribbean.com/gbr/en/cruises?search=departurePort:BCN,BYE,FLL,LAX,MIA,ROM,SIN,YOK|nights:6~8,9~11,gte12|ship:AL,AN,HM,IC,LE,OA,OV,OY,QN,ST,SY,UT,WN&country=IRL&market=gbr&language=en",https://www.royalcaribbean.com/gbr/en/cruises/itinerary/6-night-western-caribbean-perfect-day-from-fort-on-allure/AL06FLL-1143316846?sail-date=2026-09-13&currency=EUR&country=IRL,AL06FLL-1143316846,Western Caribbean & Perfect Day,6,Allure of the Seas,AL,"Fort Lauderdale, Florida",FLL,"Fort Lauderdale, Florida - Perfect Day at CocoCay, Bahamas - Falmouth, Jamaica - Labadee, Haiti - Fort Lauderdale, Florida",AL06FLL-1143316846-2026-05-24,2026-05-24,Interior,743
2025-11-22T22:09:05.857590,"https://www.royalcaribbean.com/gbr/en/cruises?search=departurePort:BCN,BYE,FLL,LAX,MIA,ROM,SIN,YOK|nights:6~8,9~11,gte12|ship:AL,AN,HM,IC,LE,OA,OV,OY,QN,ST,SY,UT,WN&country=IRL&market=gbr&language=en",https://www.royalcaribbean.com/gbr/en/cruises/itinerary/6-night-western-caribbean-perfect-day-from-fort-on-allure/AL06FLL-1143316846?sail-date=2026-09-13&currency=EUR&country=IRL,AL06FLL-1143316846,Western Caribbean & Perfect Day,6,Allure of the Seas,AL,"Fort Lauderdale, Florida",FLL,"Fort Lauderdale, Florida - Perfect Day at CocoCay, Bahamas - Falmouth, Jamaica - Labadee, Haiti - Fort Lauderdale, Florida",AL06FLL-1143316846-2026-05-24,2026-05-24,Ocean View,818
2025-11-22T22:09:05.857590,"https://www.royalcaribbean.com/gbr/en/cruises?search=departurePort:BCN,BYE,FLL,LAX,MIA,ROM,SIN,YOK|nights:6~8,9~11,gte12|ship:AL,AN,HM,IC,LE,OA,OV,OY,QN,ST,SY,UT,WN&country=IRL&market=gbr&language=en",https://www.royalcaribbean.com/gbr/en/cruises/itinerary/6-night-western-caribbean-perfect-day-from-fort-on-allure/AL06FLL-1143316846?sail-date=2026-09-13&currency=EUR&country=IRL,AL06FLL-1143316846,Western Caribbean & Perfect Day,6,Allure of the Seas,AL,"Fort Lauderdale, Florida",FLL,"Fort Lauderdale, Florida - Perfect Day at CocoCay, Bahamas - Falmouth, Jamaica - Labadee, Haiti - Fort Lauderdale, Florida",AL06FLL-1143316846-2026-05-24,2026-05-24,Balcony,800
2025-11-22T22:09:05.857590,"https://www.royalcaribbean.com/gbr/en/cruises?search=departurePort:BCN,BYE,FLL,LAX,MIA,ROM,SIN,YOK|nights:6~8,9~11,gte12|ship:AL,AN,HM,IC,LE,OA,OV,OY,QN,ST,SY,UT,WN&country=IRL&market=gbr&language=en",https://www.royalcaribbean.com/gbr/en/cruises/itinerary/6-night-western-caribbean-perfect-day-from-fort-on-allure/AL06FLL-1143316846?sail-date=2026-09-13&currency=EUR&country=IRL,AL06FLL-1143316846,Western Caribbean & Perfect Day,6,Allure of the Seas,AL,"Fort Lauderdale, Florida",FLL,"Fort Lauderdale, Florida - Perfect Day at CocoCay, Bahamas - Falmouth, Jamaica - Labadee, Haiti - Fort Lauderdale, Florida",AL06FLL-1143316846-2026-05-24,2026-05-24,Suite Guarantee,1768
2025-11-22T22:09:05.857590,"https://www.royalcaribbean.com/gbr/en/cruises?search=departurePort:BCN,BYE,FLL,LAX,MIA,ROM,SIN,YOK|nights:6~8,9~11,gte12|ship:AL,AN,HM,IC,LE,OA,OV,OY,QN,ST,SY,UT,WN&country=IRL&market=gbr&language=en",https://www.royalcaribbean.com/gbr/en/cruises/itinerary/6-night-western-caribbean-perfect-day-from-fort-on-allure/AL06FLL-1143316846?sail-date=2026-09-13&currency=EUR&country=IRL,AL06FLL-1143316846,Western Caribbean & Perfect Day,6,Allure of the Seas,AL,"Fort Lauderdale, Florida",FLL,"Fort Lauderdale, Florida - Perfect Day at CocoCay, Bahamas - Falmouth, Jamaica - Labadee, Haiti - Fort Lauderdale, Florida",AL06FLL-1143316846-2026-05-24,2026-05-24,Junior Suite,1468
2025-11-22T22:09:05.857590,"https://www.royalcaribbean.com/gbr/en/cruises?search=departurePort:BCN,BYE,FLL,LAX,MIA,ROM,SIN,YOK|nights:6~8,9~11,gte12|ship:AL,AN,HM,IC,LE,OA,OV,OY,QN,ST,SY,UT,WN&country=IRL&market=gbr&language=en",https://www.royalcaribbean.com/gbr/en/cruises/itinerary/6-night-western-caribbean-perfect-day-from-fort-on-allure/AL06FLL-1143316846?sail-date=2026-09-13&currency=EUR&country=IRL,AL06FLL-1143316846,Western Caribbean & Perfect Day,6,Allure of the Seas,AL,"Fort Lauderdale, Florida",FLL,"Fort Lauderdale, Florida - Perfect Day at CocoCay, Bahamas - Falmouth, Jamaica - Labadee, Haiti - Fort Lauderdale, Florida",AL06FLL-1143316846-2026-05-24,2026-05-24,Sky Junior Suite,2266
2025-11-22T22:09:05.857590,"https://www.royalcaribbean.com/gbr/en/cruises?search=departurePort:BCN,BYE,FLL,LAX,MIA,ROM,SIN,YOK|nights:6~8,9~11,gte12|ship:AL,AN,HM,IC,LE,OA,OV,OY,QN,ST,SY,UT,WN&country=IRL&market=gbr&language=en",https://www.royalcaribbean.com/gbr/en/cruises/itinerary/6-night-western-caribbean-perfect-day-from-fort-on-allure/AL06FLL-1143316846?sail-date=2026-09-13&currency=EUR&country=IRL,AL06FLL-1143316846,Western Caribbean & Perfect Day,6,Allure of the Seas,AL,"Fort Lauderdale, Florida",FLL,"Fort Lauderdale, Florida - Perfect Day at CocoCay, Bahamas - Falmouth, Jamaica - Labadee, Haiti - Fort Lauderdale, Florida",AL06FLL-1143316846-2026-05-24,2026-05-24,Grand Suite 1 Bedroom,2729
2025-11-22T22:09:05.857590,"https://www.royalcaribbean.com/gbr/en/cruises?search=departurePort:BCN,BYE,FLL,LAX,MIA,ROM,SIN,YOK|nights:6~8,9~11,gte12|ship:AL,AN,HM,IC,LE,OA,OV,OY,QN,ST,SY,UT,WN&country=IRL&market=gbr&language=en",https://www.royalcaribbean.com/gbr/en/cruises/itinerary/6-night-western-caribbean-perfect-day-from-fort-on-allure/AL06FLL-1143316846?sail-date=2026-09-13&currency=EUR&country=IRL,AL06FLL-1143316846,Western Caribbean & Perfect Day,6,Allure of the Seas,AL,"Fort Lauderdale, Florida",FLL,"Fort Lauderdale, Florida - Perfect Day at CocoCay, Bahamas - Falmouth, Jamaica - Labadee, Haiti - Fort Lauderdale, Florida",AL06FLL-1143316846-2026-05-24,2026-05-24,Owners Suite 1 Bedroom,3213
2025-11-22T22:09:05.857590,"https://www.royalcaribbean.com/gbr/en/cruises?search=departurePort:BCN,BYE,FLL,LAX,MIA,ROM,SIN,YOK|nights:6~8,9~11,gte12|ship:AL,AN,HM,IC,LE,OA,OV,OY,QN,ST,SY,UT,WN&country=IRL&market=gbr&language=en",https://www.royalcaribbean.com/gbr/en/cruises/itinerary/6-night-western-caribbean-perfect-day-from-fort-on-allure/AL06FLL-1143316846?sail-date=2026-09-13&currency=EUR&country=IRL,AL06FLL-1143316846,Western Caribbean & Perfect Day,6,Allure of the Seas,AL,"Fort Lauderdale, Florida",FLL,"Fort Lauderdale, Florida - Perfect Day at CocoCay, Bahamas - Falmouth, Jamaica - Labadee, Haiti - Fort Lauderdale, Florida",AL06FLL-1143316846-2026-05-24,2026-05-24,Crown Loft Suite,3303
2025-11-22T22:09:05.857590,"https://www.royalcaribbean.com/gbr/en/cruises?search=departurePort:BCN,BYE,FLL,LAX,MIA,ROM,SIN,YOK|nights:6~8,9~11,gte12|ship:AL,AN,HM,IC,LE,OA,OV,OY,QN,ST,SY,UT,WN&country=IRL&market=gbr&language=en",https://www.royalcaribbean.com/gbr/en/cruises/itinerary/6-night-western-caribbean-perfect-day-from-fort-on-allure/AL06FLL-1143316846?sail-date=2026-09-13&currency=EUR&country=IRL,AL06FLL-1143316846,Western Caribbean & Perfect Day,6,Allure of the Seas,AL,"Fort Lauderdale, Florida",FLL,"Fort Lauderdale, Florida - Perfect Day at CocoCay, Bahamas - Falmouth, Jamaica - Labadee, Haiti - Fort Lauderdale, Florida",AL06FLL-1143316846-2026-05-24,2026-05-24,Aquatheater Suite 1 Bedroom,3561
2025-11-22T22:09:05.857590,"https://www.royalcaribbean.com/gbr/en/cruises?search=departurePort:BCN,BYE,FLL,LAX,MIA,ROM,SIN,YOK|nights:6~8,9~11,gte12|ship:AL,AN,HM,IC,LE,OA,OV,OY,QN,ST,SY,UT,WN&country=IRL&market=gbr&language=en",https://www.royalcaribbean.com/gbr/en/cruises/itinerary/6-night-western-caribbean-perfect-day-from-fort-on-allure/AL06FLL-1143316846?sail-date=2026-09-13&currency=EUR&country=IRL,AL06FLL-1143316846,Western Caribbean & Perfect Day,6,Allure of the Seas,AL,"Fort Lauderdale, Florida",FLL,"Fort Lauderdale, Florida - Perfect Day at CocoCay, Bahamas - Falmouth, Jamaica - Labadee, Haiti - Fort Lauderdale, Florida",AL06FLL-1143316846-2026-05-24,2026-05-24,Spacious Aquatheater Suite 1 Bedroom,3602
2025-11-22T22:09:05.857590,"https://www.royalcaribbean.com/gbr/en/cruises?search=departurePort:BCN,BYE,FLL,LAX,MIA,ROM,SIN,YOK|nights:6~8,9~11,gte12|ship:AL,AN,HM,IC,LE,OA,OV,OY,QN,ST,SY,UT,WN&country=IRL&market=gbr&language=en",https://www.royalcaribbean.com/gbr/en/cruises/itinerary/6-night-western-caribbean-perfect-day-from-fort-on-allure/AL06FLL-1143316846?sail-date=2026-09-13&currency=EUR&country=IRL,AL06FLL-1143316846,Western Caribbean & Perfect Day,6,Allure of the Seas,AL,"Fort Lauderdale, Florida",FLL,"Fort Lauderdale, Florida - Perfect Day at CocoCay, Bahamas - Falmouth, Jamaica - Labadee, Haiti - Fort Lauderdale, Florida",AL06FLL-1143316846-2026-05-24,2026-05-24,Ultimate Panoramic Suite,5699
2025-11-22T22:09:05.857590,"https://www.royalcaribbean.com/gbr/en/cruises?search=departurePort:BCN,BYE,FLL,LAX,MIA,ROM,SIN,YOK|nights:6~8,9~11,gte12|ship:AL,AN,HM,IC,LE,OA,OV,OY,QN,ST,SY,UT,WN&country=IRL&market=gbr&language=en",https://www.royalcaribbean.com/gbr/en/cruises/itinerary/6-night-western-caribbean-perfect-day-from-fort-on-allure/AL06FLL-1143316846?sail-date=2026-09-13&currency=EUR&country=IRL,AL06FLL-1143316846,Western Caribbean & Perfect Day,6,Allure of the Seas,AL,"Fort Lauderdale, Florida",FLL,"Fort Lauderdale, Florida - Perfect Day at CocoCay, Bahamas - Falmouth, Jamaica - Labadee, Haiti - Fort Lauderdale, Florida",AL06FLL-1143316846-2026-05-24,2026-05-24,Star Loft Suite,6252
2025-11-22T22:09:05.857590,"https://www.royalcaribbean.com/gbr/en/cruises?search=departurePort:BCN,BYE,FLL,LAX,MIA,ROM,SIN,YOK|nights:6~8,9~11,gte12|ship:AL,AN,HM,IC,LE,OA,OV,OY,QN,ST,SY,UT,WN&country=IRL&market=gbr&language=en",https://www.royalcaribbean.com/gbr/en/cruises/itinerary/6-night-western-caribbean-perfect-day-from-fort-on-allure/AL06FLL-1143316846?sail-date=2026-09-13&currency=EUR&country=IRL,AL06FLL-1143316846,Western Caribbean & Perfect Day,6,Allure of the Seas,AL,"Fort Lauderdale, Florida",FLL,"Fort Lauderdale, Florida - Perfect Day at CocoCay, Bahamas - Falmouth, Jamaica - Labadee, Haiti - Fort Lauderdale, Florida",AL06FLL-1143316846-2026-05-24,2026-05-24,Spacious Aquatheater Suite Lg Balcony 2 Bedrooms,6450
2025-11-22T22:09:05.857590,"https://www.royalcaribbean.com/gbr/en/cruises?search=departurePort:BCN,BYE,FLL,LAX,MIA,ROM,SIN,YOK|nights:6~8,9~11,gte12|ship:AL,AN,HM,IC,LE,OA,OV,OY,QN,ST,SY,UT,WN&country=IRL&market=gbr&language=en",https://www.royalcaribbean.com/gbr/en/cruises/itinerary/6-night-western-caribbean-perfect-day-from-fort-on-allure/AL06FLL-1143316846?sail-date=2026-09-13&currency=EUR&country=IRL,AL06FLL-1143316846,Western Caribbean & Perfect Day,6,Allure of the Seas,AL,"Fort Lauderdale, Florida",FLL,"Fort Lauderdale, Florida - Perfect Day at CocoCay, Bahamas - Falmouth, Jamaica - Labadee, Haiti - Fort Lauderdale, Florida",AL06FLL-1143316846-2026-05-24,2026-05-24,Aquatheater Suite With Large Balcony 2 Bedroom,6462
2025-11-22T22:09:05.857590,"https://www.royalcaribbean.com/gbr/en/cruises?search=departurePort:BCN,BYE,FLL,LAX,MIA,ROM,SIN,YOK|nights:6~8,9~11,gte12|ship:AL,AN,HM,IC,LE,OA,OV,OY,QN,ST,SY,UT,WN&country=IRL&market=gbr&language=en",https://www.royalcaribbean.com/gbr/en/cruises/itinerary/6-night-western-caribbean-perfect-day-from-fort-on-allure/AL06FLL-1143316846?sail-date=2026-09-13&currency=EUR&country=IRL,AL06FLL-1143316846,Western Caribbean & Perfect Day,6,Allure of the Seas,AL,"Fort Lauderdale, Florida",FLL,"Fort Lauderdale, Florida - Perfect Day at CocoCay, Bahamas - Falmouth, Jamaica - Labadee, Haiti - Fort Lauderdale, Florida",AL06FLL-1143316846-2026-05-24,2026-05-24,Grand Panoramic Suite 1 Bedroom,6747
2025-11-22T22:09:05.857590,"https://www.royalcaribbean.com/gbr/en/cruises?search=departurePort:BCN,BYE,FLL,LAX,MIA,ROM,SIN,YOK|nights:6~8,9~11,gte12|ship:AL,AN,HM,IC,LE,OA,OV,OY,QN,ST,SY,UT,WN&country=IRL&market=gbr&language=en",https://www.royalcaribbean.com/gbr/en/cruises/itinerary/6-night-western-caribbean-perfect-day-from-fort-on-allure/AL06FLL-1143316846?sail-date=2026-09-13&currency=EUR&country=IRL,AL06FLL-1143316846,Western Caribbean & Perfect Day,6,Allure of the Seas,AL,"Fort Lauderdale, Florida",FLL,"Fort Lauderdale, Florida - Perfect Day at CocoCay, Bahamas - Falmouth, Jamaica - Labadee, Haiti - Fort Lauderdale, Florida",AL06FLL-1143316846-2026-05-24,2026-05-24,Owners Panoramic Suite 1 Bedroom,7405
2025-11-22T22:09:05.857590,"https://www.royalcaribbean.com/gbr/en/cruises?search=departurePort:BCN,BYE,FLL,LAX,MIA,ROM,SIN,YOK|nights:6~8,9~11,gte12|ship:AL,AN,HM,IC,LE,OA,OV,OY,QN,ST,SY,UT,WN&country=IRL&market=gbr&language=en",https://www.royalcaribbean.com/gbr/en/cruises/itinerary/6-night-western-caribbean-perfect-day-from-fort-on-allure/AL06FLL-1143316846?sail-date=2026-09-13&currency=EUR&country=IRL,AL06FLL-1143316846,Western Caribbean & Perfect Day,6,Allure of the Seas,AL,"Fort Lauderdale, Florida",FLL,"Fort Lauderdale, Florida - Perfect Day at CocoCay, Bahamas - Falmouth, Jamaica - Labadee, Haiti - Fort Lauderdale, Florida",AL06FLL-1143316846-2026-05-24,2026-05-24,Royal Loft Suite,8279
2025-11-22T22:09:05.857590,"https://www.royalcaribbean.com/gbr/en/cruises?search=departurePort:BCN,BYE,FLL,LAX,MIA,ROM,SIN,YOK|nights:6~8,9~11,gte12|ship:AL,AN,HM,IC,LE,OA,OV,OY,QN,ST,SY,UT,WN&country=IRL&market=gbr&language=en",https://www.royalcaribbean.com/gbr/en/cruises/itinerary/6-night-western-caribbean-perfect-day-from-fort-on-allure/AL06FLL-1143316846?sail-date=2026-09-13&currency=EUR&country=IRL,AL06FLL-1143316846,Western Caribbean & Perfect Day,6,Allure of the Seas,AL,"Fort Lauderdale, Florida",FLL,"Fort Lauderdale, Florida - Perfect Day at CocoCay, Bahamas - Falmouth, Jamaica - Labadee, Haiti - Fort Lauderdale, Florida",AL06FLL-1143316846-2026-06-07,2026-06-07,Interior,938
2025-11-22T22:09:05.857590,"https://www.royalcaribbean.com/gbr/en/cruises?search=departurePort:BCN,BYE,FLL,LAX,MIA,ROM,SIN,YOK|nights:6~8,9~11,gte12|ship:AL,AN,HM,IC,LE,OA,OV,OY,QN,ST,SY,UT,WN&country=IRL&market=gbr&language=en",https://www.royalcaribbean.com/gbr/en/cruises/itinerary/6-night-western-caribbean-perfect-day-from-fort-on-allure/AL06FLL-1143316846?sail-date=2026-09-13&currency=EUR&country=IRL,AL06FLL-1143316846,Western Caribbean & Perfect Day,6,Allure of the Seas,AL,"Fort Lauderdale, Florida",FLL,"Fort Lauderdale, Florida - Perfect Day at CocoCay, Bahamas - Falmouth, Jamaica - Labadee, Haiti - Fort Lauderdale, Florida",AL06FLL-1143316846-2026-06-07,2026-06-07,Ocean View,1043
2025-11-22T22:09:05.857590,"https://www.royalcaribbean.com/gbr/en/cruises?search=departurePort:BCN,BYE,FLL,LAX,MIA,ROM,SIN,YOK|nights:6~8,9~11,gte12|ship:AL,AN,HM,IC,LE,OA,OV,OY,QN,ST,SY,UT,WN&country=IRL&market=gbr&language=en",https://www.royalcaribbean.com/gbr/en/cruises/itinerary/6-night-western-caribbean-perfect-day-from-fort-on-allure/AL06FLL-1143316846?sail-date=2026-09-13&currency=EUR&country=IRL,AL06FLL-1143316846,Western Caribbean & Perfect Day,6,Allure of the Seas,AL,"Fort Lauderdale, Florida",FLL,"Fort Lauderdale, Florida - Perfect Day at CocoCay, Bahamas - Falmouth, Jamaica - Labadee, Haiti - Fort Lauderdale, Florida",AL06FLL-1143316846-2026-06-07,2026-06-07,Balcony,1028
2025-11-22T22:09:05.857590,"https://www.royalcaribbean.com/gbr/en/cruises?search=departurePort:BCN,BYE,FLL,LAX,MIA,ROM,SIN,YOK|nights:6~8,9~11,gte12|ship:AL,AN,HM,IC,LE,OA,OV,OY,QN,ST,SY,UT,WN&country=IRL&market=gbr&language=en",https://www.royalcaribbean.com/gbr/en/cruises/itinerary/6-night-western-caribbean-perfect-day-from-fort-on-allure/AL06FLL-1143316846?sail-date=2026-09-13&currency=EUR&country=IRL,AL06FLL-1143316846,Western Caribbean & Perfect Day,6,Allure of the Seas,AL,"Fort Lauderdale, Florida",FLL,"Fort Lauderdale, Florida - Perfect Day at CocoCay, Bahamas - Falmouth, Jamaica - Labadee, Haiti - Fort Lauderdale, Florida",AL06FLL-1143316846-2026-06-07,2026-06-07,Suite Guarantee,2316
2025-11-22T22:09:05.857590,"https://www.royalcaribbean.com/gbr/en/cruises?search=departurePort:BCN,BYE,FLL,LAX,MIA,ROM,SIN,YOK|nights:6~8,9~11,gte12|ship:AL,AN,HM,IC,LE,OA,OV,OY,QN,ST,SY,UT,WN&country=IRL&market=gbr&language=en",https://www.royalcaribbean.com/gbr/en/cruises/itinerary/6-night-western-caribbean-perfect-day-from-fort-on-allure/AL06FLL-1143316846?sail-date=2026-09-13&currency=EUR&country=IRL,AL06FLL-1143316846,Western Caribbean & Perfect Day,6,Allure of the Seas,AL,"Fort Lauderdale, Florida",FLL,"Fort Lauderdale, Florida - Perfect Day at CocoCay, Bahamas - Falmouth, Jamaica - Labadee, Haiti - Fort Lauderdale, Florida",AL06FLL-1143316846-2026-06-07,2026-06-07,Junior Suite,1468
2025-11-22T22:09:05.857590,"https://www.royalcaribbean.com/gbr/en/cruises?search=departurePort:BCN,BYE,FLL,LAX,MIA,ROM,SIN,YOK|nights:6~8,9~11,gte12|ship:AL,AN,HM,IC,LE,OA,OV,OY,QN,ST,SY,UT,WN&country=IRL&market=gbr&language=en",https://www.royalcaribbean.com/gbr/en/cruises/itinerary/6-night-western-caribbean-perfect-day-from-fort-on-allure/AL06FLL-1143316846?sail-date=2026-09-13&currency=EUR&country=IRL,AL06FLL-1143316846,Western Caribbean & Perfect Day,6,Allure of the Seas,AL,"Fort Lauderdale, Florida",FLL,"Fort Lauderdale, Florida - Perfect Day at CocoCay, Bahamas - Falmouth, Jamaica - Labadee, Haiti - Fort Lauderdale, Florida",AL06FLL-1143316846-2026-06-07,2026-06-07,Sky Junior Suite,2266
2025-11-22T22:09:05.857590,"https://www.royalcaribbean.com/gbr/en/cruises?search=departurePort:BCN,BYE,FLL,LAX,MIA,ROM,SIN,YOK|nights:6~8,9~11,gte12|ship:AL,AN,HM,IC,LE,OA,OV,OY,QN,ST,SY,UT,WN&country=IRL&market=gbr&language=en",https://www.royalcaribbean.com/gbr/en/cruises/itinerary/6-night-western-caribbean-perfect-day-from-fort-on-allure/AL06FLL-1143316846?sail-date=2026-09-13&currency=EUR&country=IRL,AL06FLL-1143316846,Western Caribbean & Perfect Day,6,Allure of the Seas,AL,"Fort Lauderdale, Florida",FLL,"Fort Lauderdale, Florida - Perfect Day at CocoCay, Bahamas - Falmouth, Jamaica - Labadee, Haiti - Fort Lauderdale, Florida",AL06FLL-1143316846-2026-06-07,2026-06-07,Grand Suite 1 Bedroom,2729
2025-11-22T22:09:05.857590,"https://www.royalcaribbean.com/gbr/en/cruises?search=departurePort:BCN,BYE,FLL,LAX,MIA,ROM,SIN,YOK|nights:6~8,9~11,gte12|ship:AL,AN,HM,IC,LE,OA,OV,OY,QN,ST,SY,UT,WN&country=IRL&market=gbr&language=en",https://www.royalcaribbean.com/gbr/en/cruises/itinerary/6-night-western-caribbean-perfect-day-from-fort-on-allure/AL06FLL-1143316846?sail-date=2026-09-13&currency=EUR&country=IRL,AL06FLL-1143316846,Western Caribbean & Perfect Day,6,Allure of the Seas,AL,"Fort Lauderdale, Florida",FLL,"Fort Lauderdale, Florida - Perfect Day at CocoCay, Bahamas - Falmouth, Jamaica - Labadee, Haiti - Fort Lauderdale, Florida",AL06FLL-1143316846-2026-06-07,2026-06-07,Owners Suite 1 Bedroom,3213
2025-11-22T22:09:05.857590,"https://www.royalcaribbean.com/gbr/en/cruises?search=departurePort:BCN,BYE,FLL,LAX,MIA,ROM,SIN,YOK|nights:6~8,9~11,gte12|ship:AL,AN,HM,IC,LE,OA,OV,OY,QN,ST,SY,UT,WN&country=IRL&market=gbr&language=en",https://www.royalcaribbean.com/gbr/en/cruises/itinerary/6-night-western-caribbean-perfect-day-from-fort-on-allure/AL06FLL-1143316846?sail-date=2026-09-13&currency=EUR&country=IRL,AL06FLL-1143316846,Western Caribbean & Perfect Day,6,Allure of the Seas,AL,"Fort Lauderdale, Florida",FLL,"Fort Lauderdale, Florida - Perfect Day at CocoCay, Bahamas - Falmouth, Jamaica - Labadee, Haiti - Fort Lauderdale, Florida",AL06FLL-1143316846-2026-06-07,2026-06-07,Crown Loft Suite,3303
2025-11-22T22:09:05.857590,"https://www.royalcaribbean.com/gbr/en/cruises?search=departurePort:BCN,BYE,FLL,LAX,MIA,ROM,SIN,YOK|nights:6~8,9~11,gte12|ship:AL,AN,HM,IC,LE,OA,OV,OY,QN,ST,SY,UT,WN&country=IRL&market=gbr&language=en",https://www.royalcaribbean.com/gbr/en/cruises/itinerary/6-night-western-caribbean-perfect-day-from-fort-on-allure/AL06FLL-1143316846?sail-date=2026-09-13&currency=EUR&country=IRL,AL06FLL-1143316846,Western Caribbean & Perfect Day,6,Allure of the Seas,AL,"Fort Lauderdale, Florida",FLL,"Fort Lauderdale, Florida - Perfect Day at CocoCay, Bahamas - Falmouth, Jamaica - Labadee, Haiti - Fort Lauderdale, Florida",AL06FLL-1143316846-2026-06-07,2026-06-07,Aquatheater Suite 1 Bedroom,3561
2025-11-22T22:09:05.857590,"https://www.royalcaribbean.com/gbr/en/cruises?search=departurePort:BCN,BYE,FLL,LAX,MIA,ROM,SIN,YOK|nights:6~8,9~11,gte12|ship:AL,AN,HM,IC,LE,OA,OV,OY,QN,ST,SY,UT,WN&country=IRL&market=gbr&language=en",https://www.royalcaribbean.com/gbr/en/cruises/itinerary/6-night-western-caribbean-perfect-day-from-fort-on-allure/AL06FLL-1143316846?sail-date=2026-09-13&currency=EUR&country=IRL,AL06FLL-1143316846,Western Caribbean & Perfect Day,6,Allure of the Seas,AL,"Fort Lauderdale, Florida",FLL,"Fort Lauderdale, Florida - Perfect Day at CocoCay, Bahamas - Falmouth, Jamaica - Labadee, Haiti - Fort Lauderdale, Florida",AL06FLL-1143316846-2026-06-07,2026-06-07,Spacious Aquatheater Suite 1 Bedroom,3602
2025-11-22T22:09:05.857590,"https://www.royalcaribbean.com/gbr/en/cruises?search=departurePort:BCN,BYE,FLL,LAX,MIA,ROM,SIN,YOK|nights:6~8,9~11,gte12|ship:AL,AN,HM,IC,LE,OA,OV,OY,QN,ST,SY,UT,WN&country=IRL&market=gbr&language=en",https://www.royalcaribbean.com/gbr/en/cruises/itinerary/6-night-western-caribbean-perfect-day-from-fort-on-allure/AL06FLL-1143316846?sail-date=2026-09-13&currency=EUR&country=IRL,AL06FLL-1143316846,Western Caribbean & Perfect Day,6,Allure of the Seas,AL,"Fort Lauderdale, Florida",FLL,"Fort Lauderdale, Florida - Perfect Day at CocoCay, Bahamas - Falmouth, Jamaica - Labadee, Haiti - Fort Lauderdale, Florida",AL06FLL-1143316846-2026-06-07,2026-06-07,Ultimate Panoramic Suite,5699
2025-11-22T22:09:05.857590,"https://www.royalcaribbean.com/gbr/en/cruises?search=departurePort:BCN,BYE,FLL,LAX,MIA,ROM,SIN,YOK|nights:6~8,9~11,gte12|ship:AL,AN,HM,IC,LE,OA,OV,OY,QN,ST,SY,UT,WN&country=IRL&market=gbr&language=en",https://www.royalcaribbean.com/gbr/en/cruises/itinerary/6-night-western-caribbean-perfect-day-from-fort-on-allure/AL06FLL-1143316846?sail-date=2026-09-13&currency=EUR&country=IRL,AL06FLL-1143316846,Western Caribbean & Perfect Day,6,Allure of the Seas,AL,"Fort Lauderdale, Florida",FLL,"Fort Lauderdale, Florida - Perfect Day at CocoCay, Bahamas - Falmouth, Jamaica - Labadee, Haiti - Fort Lauderdale, Florida",AL06FLL-1143316846-2026-06-07,2026-06-07,Star Loft Suite,6252
2025-11-22T22:09:05.857590,"https://www.royalcaribbean.com/gbr/en/cruises?search=departurePort:BCN,BYE,FLL,LAX,MIA,ROM,SIN,YOK|nights:6~8,9~11,gte12|ship:AL,AN,HM,IC,LE,OA,OV,OY,QN,ST,SY,UT,WN&country=IRL&market=gbr&language=en",https://www.royalcaribbean.com/gbr/en/cruises/itinerary/6-night-western-caribbean-perfect-day-from-fort-on-allure/AL06FLL-1143316846?sail-date=2026-09-13&currency=EUR&country=IRL,AL06FLL-1143316846,Western Caribbean & Perfect Day,6,Allure of the Seas,AL,"Fort Lauderdale, Florida",FLL,"Fort Lauderdale, Florida - Perfect Day at CocoCay, Bahamas - Falmouth, Jamaica - Labadee, Haiti - Fort Lauderdale, Florida",AL06FLL-1143316846-2026-06-07,2026-06-07,Spacious Aquatheater Suite Lg Balcony 2 Bedrooms,6450
2025-11-22T22:09:05.857590,"https://www.royalcaribbean.com/gbr/en/cruises?search=departurePort:BCN,BYE,FLL,LAX,MIA,ROM,SIN,YOK|nights:6~8,9~11,gte12|ship:AL,AN,HM,IC,LE,OA,OV,OY,QN,ST,SY,UT,WN&country=IRL&market=gbr&language=en",https://www.royalcaribbean.com/gbr/en/cruises/itinerary/6-night-western-caribbean-perfect-day-from-fort-on-allure/AL06FLL-1143316846?sail-date=2026-09-13&currency=EUR&country=IRL,AL06FLL-1143316846,Western Caribbean & Perfect Day,6,Allure of the Seas,AL,"Fort Lauderdale, Florida",FLL,"Fort Lauderdale, Florida - Perfect Day at CocoCay, Bahamas - Falmouth, Jamaica - Labadee, Haiti - Fort Lauderdale, Florida",AL06FLL-1143316846-2026-06-07,2026-06-07,Aquatheater Suite With Large Balcony 2 Bedroom,6462
2025-11-22T22:09:05.857590,"https://www.royalcaribbean.com/gbr/en/cruises?search=departurePort:BCN,BYE,FLL,LAX,MIA,ROM,SIN,YOK|nights:6~8,9~11,gte12|ship:AL,AN,HM,IC,LE,OA,OV,OY,QN,ST,SY,UT,WN&country=IRL&market=gbr&language=en",https://www.royalcaribbean.com/gbr/en/cruises/itinerary/6-night-western-caribbean-perfect-day-from-fort-on-allure/AL06FLL-1143316846?sail-date=2026-09-13&currency=EUR&country=IRL,AL06FLL-1143316846,Western Caribbean & Perfect Day,6,Allure of the Seas,AL,"Fort Lauderdale, Florida",FLL,"Fort Lauderdale, Florida - Perfect Day at CocoCay, Bahamas - Falmouth, Jamaica - Labadee, Haiti - Fort Lauderdale, Florida",AL06FLL-1143316846-2026-06-07,2026-06-07,Grand Panoramic Suite 1 Bedroom,6747
2025-11-22T22:09:05.857590,"https://www.royalcaribbean.com/gbr/en/cruises?search=departurePort:BCN,BYE,FLL,LAX,MIA,ROM,SIN,YOK|nights:6~8,9~11,gte12|ship:AL,AN,HM,IC,LE,OA,OV,OY,QN,ST,SY,UT,WN&country=IRL&market=gbr&language=en",https://www.royalcaribbean.com/gbr/en/cruises/itinerary/6-night-western-caribbean-perfect-day-from-fort-on-allure/AL06FLL-1143316846?sail-date=2026-09-13&currency=EUR&country=IRL,AL06FLL-1143316846,Western Caribbean & Perfect Day,6,Allure of the Seas,AL,"Fort Lauderdale, Florida",FLL,"Fort Lauderdale, Florida - Perfect Day at CocoCay, Bahamas - Falmouth, Jamaica - Labadee, Haiti - Fort Lauderdale, Florida",AL06FLL-1143316846-2026-06-07,2026-06-07,Owners Panoramic Suite 1 Bedroom,7405
2025-11-22T22:09:05.857590,"https://www.royalcaribbean.com/gbr/en/cruises?search=departurePort:BCN,BYE,FLL,LAX,MIA,ROM,SIN,YOK|nights:6~8,9~11,gte12|ship:AL,AN,HM,IC,LE,OA,OV,OY,QN,ST,SY,UT,WN&country=IRL&market=gbr&language=en",https://www.royalcaribbean.com/gbr/en/cruises/itinerary/6-night-western-caribbean-perfect-day-from-fort-on-allure/AL06FLL-1143316846?sail-date=2026-09-13&currency=EUR&country=IRL,AL06FLL-1143316846,Western Caribbean & Perfect Day,6,Allure of the Seas,AL,"Fort Lauderdale, Florida",FLL,"Fort Lauderdale, Florida - Perfect Day at CocoCay, Bahamas - Falmouth, Jamaica - Labadee, Haiti - Fort Lauderdale, Florida",AL06FLL-1143316846-2026-06-07,2026-06-07,Royal Loft Suite,8279
2025-11-22T22:09:05.857590,"https://www.royalcaribbean.com/gbr/en/cruises?search=departurePort:BCN,BYE,FLL,LAX,MIA,ROM,SIN,YOK|nights:6~8,9~11,gte12|ship:AL,AN,HM,IC,LE,OA,OV,OY,QN,ST,SY,UT,WN&country=IRL&market=gbr&language=en",https://www.royalcaribbean.com/gbr/en/cruises/itinerary/6-night-western-caribbean-perfect-day-from-fort-on-allure/AL06FLL-1143316846?sail-date=2026-09-13&currency=EUR&country=IRL,AL06FLL-1143316846,Western Caribbean & Perfect Day,6,Allure of the Seas,AL,"Fort Lauderdale, Florida",FLL,"Fort Lauderdale, Florida - Perfect Day at CocoCay, Bahamas - Falmouth, Jamaica - Labadee, Haiti - Fort Lauderdale, Florida",AL06FLL-1143316846-2026-06-21,2026-06-21,Interior,1008
2025-11-22T22:09:05.857590,"https://www.royalcaribbean.com/gbr/en/cruises?search=departurePort:BCN,BYE,FLL,LAX,MIA,ROM,SIN,YOK|nights:6~8,9~11,gte12|ship:AL,AN,HM,IC,LE,OA,OV,OY,QN,ST,SY,UT,WN&country=IRL&market=gbr&language=en",https://www.royalcaribbean.com/gbr/en/cruises/itinerary/6-night-western-caribbean-perfect-day-from-fort-on-allure/AL06FLL-1143316846?sail-date=2026-09-13&currency=EUR&country=IRL,AL06FLL-1143316846,Western Caribbean & Perfect Day,6,Allure of the Seas,AL,"Fort Lauderdale, Florida",FLL,"Fort Lauderdale, Florida - Perfect Day at CocoCay, Bahamas - Falmouth, Jamaica - Labadee, Haiti - Fort Lauderdale, Florida",AL06FLL-1143316846-2026-06-21,2026-06-21,Ocean View,1197
2025-11-22T22:09:05.857590,"https://www.royalcaribbean.com/gbr/en/cruises?search=departurePort:BCN,BYE,FLL,LAX,MIA,ROM,SIN,YOK|nights:6~8,9~11,gte12|ship:AL,AN,HM,IC,LE,OA,OV,OY,QN,ST,SY,UT,WN&country=IRL&market=gbr&language=en",https://www.royalcaribbean.com/gbr/en/cruises/itinerary/6-night-western-caribbean-perfect-day-from-fort-on-allure/AL06FLL-1143316846?sail-date=2026-09-13&currency=EUR&country=IRL,AL06FLL-1143316846,Western Caribbean & Perfect Day,6,Allure of the Seas,AL,"Fort Lauderdale, Florida",FLL,"Fort Lauderdale, Florida - Perfect Day at CocoCay, Bahamas - Falmouth, Jamaica - Labadee, Haiti - Fort Lauderdale, Florida",AL06FLL-1143316846-2026-06-21,2026-06-21,Balcony,1187
2025-11-22T22:09:05.857590,"https://www.royalcaribbean.com/gbr/en/cruises?search=departurePort:BCN,BYE,FLL,LAX,MIA,ROM,SIN,YOK|nights:6~8,9~11,gte12|ship:AL,AN,HM,IC,LE,OA,OV,OY,QN,ST,SY,UT,WN&country=IRL&market=gbr&language=en",https://www.royalcaribbean.com/gbr/en/cruises/itinerary/6-night-western-caribbean-perfect-day-from-fort-on-allure/AL06FLL-1143316846?sail-date=2026-09-13&currency=EUR&country=IRL,AL06FLL-1143316846,Western Caribbean & Perfect Day,6,Allure of the Seas,AL,"Fort Lauderdale, Florida",FLL,"Fort Lauderdale, Florida - Perfect Day at CocoCay, Bahamas - Falmouth, Jamaica - Labadee, Haiti - Fort Lauderdale, Florida",AL06FLL-1143316846-2026-06-21,2026-06-21,Suite Guarantee,2462
2025-11-22T22:09:05.857590,"https://www.royalcaribbean.com/gbr/en/cruises?search=departurePort:BCN,BYE,FLL,LAX,MIA,ROM,SIN,YOK|nights:6~8,9~11,gte12|ship:AL,AN,HM,IC,LE,OA,OV,OY,QN,ST,SY,UT,WN&country=IRL&market=gbr&language=en",https://www.royalcaribbean.com/gbr/en/cruises/itinerary/6-night-western-caribbean-perfect-day-from-fort-on-allure/AL06FLL-1143316846?sail-date=2026-09-13&currency=EUR&country=IRL,AL06FLL-1143316846,Western Caribbean & Perfect Day,6,Allure of the Seas,AL,"Fort Lauderdale, Florida",FLL,"Fort Lauderdale, Florida - Perfect Day at CocoCay, Bahamas - Falmouth, Jamaica - Labadee, Haiti - Fort Lauderdale, Florida",AL06FLL-1143316846-2026-06-21,2026-06-21,Junior Suite,1468
2025-11-22T22:09:05.857590,"https://www.royalcaribbean.com/gbr/en/cruises?search=departurePort:BCN,BYE,FLL,LAX,MIA,ROM,SIN,YOK|nights:6~8,9~11,gte12|ship:AL,AN,HM,IC,LE,OA,OV,OY,QN,ST,SY,UT,WN&country=IRL&market=gbr&language=en",https://www.royalcaribbean.com/gbr/en/cruises/itinerary/6-night-western-caribbean-perfect-day-from-fort-on-allure/AL06FLL-1143316846?sail-date=2026-09-13&currency=EUR&country=IRL,AL06FLL-1143316846,Western Caribbean & Perfect Day,6,Allure of the Seas,AL,"Fort Lauderdale, Florida",FLL,"Fort Lauderdale, Florida - Perfect Day at CocoCay, Bahamas - Falmouth, Jamaica - Labadee, Haiti - Fort Lauderdale, Florida",AL06FLL-1143316846-2026-06-21,2026-06-21,Sky Junior Suite,2266
2025-11-22T22:09:05.857590,"https://www.royalcaribbean.com/gbr/en/cruises?search=departurePort:BCN,BYE,FLL,LAX,MIA,ROM,SIN,YOK|nights:6~8,9~11,gte12|ship:AL,AN,HM,IC,LE,OA,OV,OY,QN,ST,SY,UT,WN&country=IRL&market=gbr&language=en",https://www.royalcaribbean.com/gbr/en/cruises/itinerary/6-night-western-caribbean-perfect-day-from-fort-on-allure/AL06FLL-1143316846?sail-date=2026-09-13&currency=EUR&country=IRL,AL06FLL-1143316846,Western Caribbean & Perfect Day,6,Allure of the Seas,AL,"Fort Lauderdale, Florida",FLL,"Fort Lauderdale, Florida - Perfect Day at CocoCay, Bahamas - Falmouth, Jamaica - Labadee, Haiti - Fort Lauderdale, Florida",AL06FLL-1143316846-2026-06-21,2026-06-21,Grand Suite 1 Bedroom,2729
2025-11-22T22:09:05.857590,"https://www.royalcaribbean.com/gbr/en/cruises?search=departurePort:BCN,BYE,FLL,LAX,MIA,ROM,SIN,YOK|nights:6~8,9~11,gte12|ship:AL,AN,HM,IC,LE,OA,OV,OY,QN,ST,SY,UT,WN&country=IRL&market=gbr&language=en",https://www.royalcaribbean.com/gbr/en/cruises/itinerary/6-night-western-caribbean-perfect-day-from-fort-on-allure/AL06FLL-1143316846?sail-date=2026-09-13&currency=EUR&country=IRL,AL06FLL-1143316846,Western Caribbean & Perfect Day,6,Allure of the Seas,AL,"Fort Lauderdale, Florida",FLL,"Fort Lauderdale, Florida - Perfect Day at CocoCay, Bahamas - Falmouth, Jamaica - Labadee, Haiti - Fort Lauderdale, Florida",AL06FLL-1143316846-2026-06-21,2026-06-21,Owners Suite 1 Bedroom,3213
2025-11-22T22:09:05.857590,"https://www.royalcaribbean.com/gbr/en/cruises?search=departurePort:BCN,BYE,FLL,LAX,MIA,ROM,SIN,YOK|nights:6~8,9~11,gte12|ship:AL,AN,HM,IC,LE,OA,OV,OY,QN,ST,SY,UT,WN&country=IRL&market=gbr&language=en",https://www.royalcaribbean.com/gbr/en/cruises/itinerary/6-night-western-caribbean-perfect-day-from-fort-on-allure/AL06FLL-1143316846?sail-date=2026-09-13&currency=EUR&country=IRL,AL06FLL-1143316846,Western Caribbean & Perfect Day,6,Allure of the Seas,AL,"Fort Lauderdale, Florida",FLL,"Fort Lauderdale, Florida - Perfect Day at CocoCay, Bahamas - Falmouth, Jamaica - Labadee, Haiti - Fort Lauderdale, Florida",AL06FLL-1143316846-2026-06-21,2026-06-21,Crown Loft Suite,3303
2025-11-22T22:09:05.857590,"https://www.royalcaribbean.com/gbr/en/cruises?search=departurePort:BCN,BYE,FLL,LAX,MIA,ROM,SIN,YOK|nights:6~8,9~11,gte12|ship:AL,AN,HM,IC,LE,OA,OV,OY,QN,ST,SY,UT,WN&country=IRL&market=gbr&language=en",https://www.royalcaribbean.com/gbr/en/cruises/itinerary/6-night-western-caribbean-perfect-day-from-fort-on-allure/AL06FLL-1143316846?sail-date=2026-09-13&currency=EUR&country=IRL,AL06FLL-1143316846,Western Caribbean & Perfect Day,6,Allure of the Seas,AL,"Fort Lauderdale, Florida",FLL,"Fort Lauderdale, Florida - Perfect Day at CocoCay, Bahamas - Falmouth, Jamaica - Labadee, Haiti - Fort Lauderdale, Florida",AL06FLL-1143316846-2026-06-21,2026-06-21,Aquatheater Suite 1 Bedroom,3561
2025-11-22T22:09:05.857590,"https://www.royalcaribbean.com/gbr/en/cruises?search=departurePort:BCN,BYE,FLL,LAX,MIA,ROM,SIN,YOK|nights:6~8,9~11,gte12|ship:AL,AN,HM,IC,LE,OA,OV,OY,QN,ST,SY,UT,WN&country=IRL&market=gbr&language=en",https://www.royalcaribbean.com/gbr/en/cruises/itinerary/6-night-western-caribbean-perfect-day-from-fort-on-allure/AL06FLL-1143316846?sail-date=2026-09-13&currency=EUR&country=IRL,AL06FLL-1143316846,Western Caribbean & Perfect Day,6,Allure of the Seas,AL,"Fort Lauderdale, Florida",FLL,"Fort Lauderdale, Florida - Perfect Day at CocoCay, Bahamas - Falmouth, Jamaica - Labadee, Haiti - Fort Lauderdale, Florida",AL06FLL-1143316846-2026-06-21,2026-06-21,Spacious Aquatheater Suite 1 Bedroom,3602
2025-11-22T22:09:05.857590,"https://www.royalcaribbean.com/gbr/en/cruises?search=departurePort:BCN,BYE,FLL,LAX,MIA,ROM,SIN,YOK|nights:6~8,9~11,gte12|ship:AL,AN,HM,IC,LE,OA,OV,OY,QN,ST,SY,UT,WN&country=IRL&market=gbr&language=en",https://www.royalcaribbean.com/gbr/en/cruises/itinerary/6-night-western-caribbean-perfect-day-from-fort-on-allure/AL06FLL-1143316846?sail-date=2026-09-13&currency=EUR&country=IRL,AL06FLL-1143316846,Western Caribbean & Perfect Day,6,Allure of the Seas,AL,"Fort Lauderdale, Florida",FLL,"Fort Lauderdale, Florida - Perfect Day at CocoCay, Bahamas - Falmouth, Jamaica - Labadee, Haiti - Fort Lauderdale, Florida",AL06FLL-1143316846-2026-06-21,2026-06-21,Ultimate Panoramic Suite,5699
2025-11-22T22:09:05.857590,"https://www.royalcaribbean.com/gbr/en/cruises?search=departurePort:BCN,BYE,FLL,LAX,MIA,ROM,SIN,YOK|nights:6~8,9~11,gte12|ship:AL,AN,HM,IC,LE,OA,OV,OY,QN,ST,SY,UT,WN&country=IRL&market=gbr&language=en",https://www.royalcaribbean.com/gbr/en/cruises/itinerary/6-night-western-caribbean-perfect-day-from-fort-on-allure/AL06FLL-1143316846?sail-date=2026-09-13&currency=EUR&country=IRL,AL06FLL-1143316846,Western Caribbean & Perfect Day,6,Allure of the Seas,AL,"Fort Lauderdale, Florida",FLL,"Fort Lauderdale, Florida - Perfect Day at CocoCay, Bahamas - Falmouth, Jamaica - Labadee, Haiti - Fort Lauderdale, Florida",AL06FLL-1143316846-2026-06-21,2026-06-21,Star Loft Suite,6252
2025-11-22T22:09:05.857590,"https://www.royalcaribbean.com/gbr/en/cruises?search=departurePort:BCN,BYE,FLL,LAX,MIA,ROM,SIN,YOK|nights:6~8,9~11,gte12|ship:AL,AN,HM,IC,LE,OA,OV,OY,QN,ST,SY,UT,WN&country=IRL&market=gbr&language=en",https://www.royalcaribbean.com/gbr/en/cruises/itinerary/6-night-western-caribbean-perfect-day-from-fort-on-allure/AL06FLL-1143316846?sail-date=2026-09-13&currency=EUR&country=IRL,AL06FLL-1143316846,Western Caribbean & Perfect Day,6,Allure of the Seas,AL,"Fort Lauderdale, Florida",FLL,"Fort Lauderdale, Florida - Perfect Day at CocoCay, Bahamas - Falmouth, Jamaica - Labadee, Haiti - Fort Lauderdale, Florida",AL06FLL-1143316846-2026-06-21,2026-06-21,Spacious Aquatheater Suite Lg Balcony 2 Bedrooms,6450
2025-11-22T22:09:05.857590,"https://www.royalcaribbean.com/gbr/en/cruises?search=departurePort:BCN,BYE,FLL,LAX,MIA,ROM,SIN,YOK|nights:6~8,9~11,gte12|ship:AL,AN,HM,IC,LE,OA,OV,OY,QN,ST,SY,UT,WN&country=IRL&market=gbr&language=en",https://www.royalcaribbean.com/gbr/en/cruises/itinerary/6-night-western-caribbean-perfect-day-from-fort-on-allure/AL06FLL-1143316846?sail-date=2026-09-13&currency=EUR&country=IRL,AL06FLL-1143316846,Western Caribbean & Perfect Day,6,Allure of the Seas,AL,"Fort Lauderdale, Florida",FLL,"Fort Lauderdale, Florida - Perfect Day at CocoCay, Bahamas - Falmouth, Jamaica - Labadee, Haiti - Fort Lauderdale, Florida",AL06FLL-1143316846-2026-06-21,2026-06-21,Aquatheater Suite With Large Balcony 2 Bedroom,6462
2025-11-22T22:09:05.857590,"https://www.royalcaribbean.com/gbr/en/cruises?search=departurePort:BCN,BYE,FLL,LAX,MIA,ROM,SIN,YOK|nights:6~8,9~11,gte12|ship:AL,AN,HM,IC,LE,OA,OV,OY,QN,ST,SY,UT,WN&country=IRL&market=gbr&language=en",https://www.royalcaribbean.com/gbr/en/cruises/itinerary/6-night-western-caribbean-perfect-day-from-fort-on-allure/AL06FLL-1143316846?sail-date=2026-09-13&currency=EUR&country=IRL,AL06FLL-1143316846,Western Caribbean & Perfect Day,6,Allure of the Seas,AL,"Fort Lauderdale, Florida",FLL,"Fort Lauderdale, Florida - Perfect Day at CocoCay, Bahamas - Falmouth, Jamaica - Labadee, Haiti - Fort Lauderdale, Florida",AL06FLL-1143316846-2026-06-21,2026-06-21,Grand Panoramic Suite 1 Bedroom,6747
2025-11-22T22:09:05.857590,"https://www.royalcaribbean.com/gbr/en/cruises?search=departurePort:BCN,BYE,FLL,LAX,MIA,ROM,SIN,YOK|nights:6~8,9~11,gte12|ship:AL,AN,HM,IC,LE,OA,OV,OY,QN,ST,SY,UT,WN&country=IRL&market=gbr&language=en",https://www.royalcaribbean.com/gbr/en/cruises/itinerary/6-night-western-caribbean-perfect-day-from-fort-on-allure/AL06FLL-1143316846?sail-date=2026-09-13&currency=EUR&country=IRL,AL06FLL-1143316846,Western Caribbean & Perfect Day,6,Allure of the Seas,AL,"Fort Lauderdale, Florida",FLL,"Fort Lauderdale, Florida - Perfect Day at CocoCay, Bahamas - Falmouth, Jamaica - Labadee, Haiti - Fort Lauderdale, Florida",AL06FLL-1143316846-2026-06-21,2026-06-21,Owners Panoramic Suite 1 Bedroom,7405
2025-11-22T22:09:05.857590,"https://www.royalcaribbean.com/gbr/en/cruises?search=departurePort:BCN,BYE,FLL,LAX,MIA,ROM,SIN,YOK|nights:6~8,9~11,gte12|ship:AL,AN,HM,IC,LE,OA,OV,OY,QN,ST,SY,UT,WN&country=IRL&market=gbr&language=en",https://www.royalcaribbean.com/gbr/en/cruises/itinerary/6-night-western-caribbean-perfect-day-from-fort-on-allure/AL06FLL-1143316846?sail-date=2026-09-13&currency=EUR&country=IRL,AL06FLL-1143316846,Western Caribbean & Perfect Day,6,Allure of the Seas,AL,"Fort Lauderdale, Florida",FLL,"Fort Lauderdale, Florida - Perfect Day at CocoCay, Bahamas - Falmouth, Jamaica - Labadee, Haiti - Fort Lauderdale, Florida",AL06FLL-1143316846-2026-06-21,2026-06-21,Royal Loft Suite,8279
2025-11-22T22:09:05.857590,"https://www.royalcaribbean.com/gbr/en/cruises?search=departurePort:BCN,BYE,FLL,LAX,MIA,ROM,SIN,YOK|nights:6~8,9~11,gte12|ship:AL,AN,HM,IC,LE,OA,OV,OY,QN,ST,SY,UT,WN&country=IRL&market=gbr&language=en",https://www.royalcaribbean.com/gbr/en/cruises/itinerary/7-night-greek-isles-italy-from-rome-on-odyssey/OY07ROM-2056164836?sail-date=2026-10-11&currency=EUR&country=IRL,OY07ROM-2056164836,Greek Isles & Italy Cruise,7,Odyssey of the Seas,OY,"Rome (Civitavecchia), Italy",ROM,"Rome (Civitavecchia), Italy - Sicily (Messina), Italy - Santorini, Greece - Mykonos, Greece - Naples/Capri, Italy - Rome (Civitavecchia), Italy",OY07ROM-2056164836-2026-10-11,2026-10-11,Interior,1088
2025-11-22T22:09:05.857590,"https://www.royalcaribbean.com/gbr/en/cruises?search=departurePort:BCN,BYE,FLL,LAX,MIA,ROM,SIN,YOK|nights:6~8,9~11,gte12|ship:AL,AN,HM,IC,LE,OA,OV,OY,QN,ST,SY,UT,WN&country=IRL&market=gbr&language=en",https://www.royalcaribbean.com/gbr/en/cruises/itinerary/7-night-greek-isles-italy-from-rome-on-odyssey/OY07ROM-2056164836?sail-date=2026-10-11&currency=EUR&country=IRL,OY07ROM-2056164836,Greek Isles & Italy Cruise,7,Odyssey of the Seas,OY,"Rome (Civitavecchia), Italy",ROM,"Rome (Civitavecchia), Italy - Sicily (Messina), Italy - Santorini, Greece - Mykonos, Greece - Naples/Capri, Italy - Rome (Civitavecchia), Italy",OY07ROM-2056164836-2026-10-11,2026-10-11,Ocean View,1263
2025-11-22T22:09:05.857590,"https://www.royalcaribbean.com/gbr/en/cruises?search=departurePort:BCN,BYE,FLL,LAX,MIA,ROM,SIN,YOK|nights:6~8,9~11,gte12|ship:AL,AN,HM,IC,LE,OA,OV,OY,QN,ST,SY,UT,WN&country=IRL&market=gbr&language=en",https://www.royalcaribbean.com/gbr/en/cruises/itinerary/7-night-greek-isles-italy-from-rome-on-odyssey/OY07ROM-2056164836?sail-date=2026-10-11&currency=EUR&country=IRL,OY07ROM-2056164836,Greek Isles & Italy Cruise,7,Odyssey of the Seas,OY,"Rome (Civitavecchia), Italy",ROM,"Rome (Civitavecchia), Italy - Sicily (Messina), Italy - Santorini, Greece - Mykonos, Greece - Naples/Capri, Italy - Rome (Civitavecchia), Italy",OY07ROM-2056164836-2026-10-11,2026-10-11,Balcony,1383
2025-11-22T22:09:05.857590,"https://www.royalcaribbean.com/gbr/en/cruises?search=departurePort:BCN,BYE,FLL,LAX,MIA,ROM,SIN,YOK|nights:6~8,9~11,gte12|ship:AL,AN,HM,IC,LE,OA,OV,OY,QN,ST,SY,UT,WN&country=IRL&market=gbr&language=en",https://www.royalcaribbean.com/gbr/en/cruises/itinerary/7-night-greek-isles-italy-from-rome-on-odyssey/OY07ROM-2056164836?sail-date=2026-10-11&currency=EUR&country=IRL,OY07ROM-2056164836,Greek Isles & Italy Cruise,7,Odyssey of the Seas,OY,"Rome (Civitavecchia), Italy",ROM,"Rome (Civitavecchia), Italy - Sicily (Messina), Italy - Santorini, Greece - Mykonos, Greece - Naples/Capri, Italy - Rome (Civitavecchia), Italy",OY07ROM-2056164836-2026-10-11,2026-10-11,Suite Guarantee,2286
2025-11-22T22:09:05.857590,"https://www.royalcaribbean.com/gbr/en/cruises?search=departurePort:BCN,BYE,FLL,LAX,MIA,ROM,SIN,YOK|nights:6~8,9~11,gte12|ship:AL,AN,HM,IC,LE,OA,OV,OY,QN,ST,SY,UT,WN&country=IRL&market=gbr&language=en",https://www.royalcaribbean.com/gbr/en/cruises/itinerary/7-night-greek-isles-italy-from-rome-on-odyssey/OY07ROM-2056164836?sail-date=2026-10-11&currency=EUR&country=IRL,OY07ROM-2056164836,Greek Isles & Italy Cruise,7,Odyssey of the Seas,OY,"Rome (Civitavecchia), Italy",ROM,"Rome (Civitavecchia), Italy - Sicily (Messina), Italy - Santorini, Greece - Mykonos, Greece - Naples/Capri, Italy - Rome (Civitavecchia), Italy",OY07ROM-2056164836-2026-10-11,2026-10-11,We Choose Your Suite,2286
2025-11-22T22:09:05.857590,"https://www.royalcaribbean.com/gbr/en/cruises?search=departurePort:BCN,BYE,FLL,LAX,MIA,ROM,SIN,YOK|nights:6~8,9~11,gte12|ship:AL,AN,HM,IC,LE,OA,OV,OY,QN,ST,SY,UT,WN&country=IRL&market=gbr&language=en",https://www.royalcaribbean.com/gbr/en/cruises/itinerary/7-night-greek-isles-italy-from-rome-on-odyssey/OY07ROM-2056164836?sail-date=2026-10-11&currency=EUR&country=IRL,OY07ROM-2056164836,Greek Isles & Italy Cruise,7,Odyssey of the Seas,OY,"Rome (Civitavecchia), Italy",ROM,"Rome (Civitavecchia), Italy - Sicily (Messina), Italy - Santorini, Greece - Mykonos, Greece - Naples/Capri, Italy - Rome (Civitavecchia), Italy",OY07ROM-2056164836-2026-10-11,2026-10-11,Junior Suite,2979
2025-11-22T22:09:05.857590,"https://www.royalcaribbean.com/gbr/en/cruises?search=departurePort:BCN,BYE,FLL,LAX,MIA,ROM,SIN,YOK|nights:6~8,9~11,gte12|ship:AL,AN,HM,IC,LE,OA,OV,OY,QN,ST,SY,UT,WN&country=IRL&market=gbr&language=en",https://www.royalcaribbean.com/gbr/en/cruises/itinerary/7-night-greek-isles-italy-from-rome-on-odyssey/OY07ROM-2056164836?sail-date=2026-10-11&currency=EUR&country=IRL,OY07ROM-2056164836,Greek Isles & Italy Cruise,7,Odyssey of the Seas,OY,"Rome (Civitavecchia), Italy",ROM,"Rome (Civitavecchia), Italy - Sicily (Messina), Italy - Santorini, Greece - Mykonos, Greece - Naples/Capri, Italy - Rome (Civitavecchia), Italy",OY07ROM-2056164836-2026-10-11,2026-10-11,Sky Junior Suite,3604
2025-11-22T22:09:05.857590,"https://www.royalcaribbean.com/gbr/en/cruises?search=departurePort:BCN,BYE,FLL,LAX,MIA,ROM,SIN,YOK|nights:6~8,9~11,gte12|ship:AL,AN,HM,IC,LE,OA,OV,OY,QN,ST,SY,UT,WN&country=IRL&market=gbr&language=en",https://www.royalcaribbean.com/gbr/en/cruises/itinerary/7-night-greek-isles-italy-from-rome-on-odyssey/OY07ROM-2056164836?sail-date=2026-10-11&currency=EUR&country=IRL,OY07ROM-2056164836,Greek Isles & Italy Cruise,7,Odyssey of the Seas,OY,"Rome (Civitavecchia), Italy",ROM,"Rome (Civitavecchia), Italy - Sicily (Messina), Italy - Santorini, Greece - Mykonos, Greece - Naples/Capri, Italy - Rome (Civitavecchia), Italy",OY07ROM-2056164836-2026-10-11,2026-10-11,Junior Suite With Large Balcony,3668
2025-11-22T22:09:05.857590,"https://www.royalcaribbean.com/gbr/en/cruises?search=departurePort:BCN,BYE,FLL,LAX,MIA,ROM,SIN,YOK|nights:6~8,9~11,gte12|ship:AL,AN,HM,IC,LE,OA,OV,OY,QN,ST,SY,UT,WN&country=IRL&market=gbr&language=en",https://www.royalcaribbean.com/gbr/en/cruises/itinerary/7-night-greek-isles-italy-from-rome-on-odyssey/OY07ROM-2056164836?sail-date=2026-10-11&currency=EUR&country=IRL,OY07ROM-2056164836,Greek Isles & Italy Cruise,7,Odyssey of the Seas,OY,"Rome (Civitavecchia), Italy",ROM,"Rome (Civitavecchia), Italy - Sicily (Messina), Italy - Santorini, Greece - Mykonos, Greece - Naples/Capri, Italy - Rome (Civitavecchia), Italy",OY07ROM-2056164836-2026-10-11,2026-10-11,Grand Suite 1 Bedroom,4993
2025-11-22T22:09:05.857590,"https://www.royalcaribbean.com/gbr/en/cruises?search=departurePort:BCN,BYE,FLL,LAX,MIA,ROM,SIN,YOK|nights:6~8,9~11,gte12|ship:AL,AN,HM,IC,LE,OA,OV,OY,QN,ST,SY,UT,WN&country=IRL&market=gbr&language=en",https://www.royalcaribbean.com/gbr/en/cruises/itinerary/7-night-greek-isles-italy-from-rome-on-odyssey/OY07ROM-2056164836?sail-date=2026-10-11&currency=EUR&country=IRL,OY07ROM-2056164836,Greek Isles & Italy Cruise,7,Odyssey of the Seas,OY,"Rome (Civitavecchia), Italy",ROM,"Rome (Civitavecchia), Italy - Sicily (Messina), Italy - Santorini, Greece - Mykonos, Greece - Naples/Capri, Italy - Rome (Civitavecchia), Italy",OY07ROM-2056164836-2026-10-18,2026-10-18,Interior,1140
2025-11-22T22:09:05.857590,"https://www.royalcaribbean.com/gbr/en/cruises?search=departurePort:BCN,BYE,FLL,LAX,MIA,ROM,SIN,YOK|nights:6~8,9~11,gte12|ship:AL,AN,HM,IC,LE,OA,OV,OY,QN,ST,SY,UT,WN&country=IRL&market=gbr&language=en",https://www.royalcaribbean.com/gbr/en/cruises/itinerary/7-night-greek-isles-italy-from-rome-on-odyssey/OY07ROM-2056164836?sail-date=2026-10-11&currency=EUR&country=IRL,OY07ROM-2056164836,Greek Isles & Italy Cruise,7,Odyssey of the Seas,OY,"Rome (Civitavecchia), Italy",ROM,"Rome (Civitavecchia), Italy - Sicily (Messina), Italy - Santorini, Greece - Mykonos, Greece - Naples/Capri, Italy - Rome (Civitavecchia), Italy",OY07ROM-2056164836-2026-10-18,2026-10-18,Ocean View,1225
2025-11-22T22:09:05.857590,"https://www.royalcaribbean.com/gbr/en/cruises?search=departurePort:BCN,BYE,FLL,LAX,MIA,ROM,SIN,YOK|nights:6~8,9~11,gte12|ship:AL,AN,HM,IC,LE,OA,OV,OY,QN,ST,SY,UT,WN&country=IRL&market=gbr&language=en",https://www.royalcaribbean.com/gbr/en/cruises/itinerary/7-night-greek-isles-italy-from-rome-on-odyssey/OY07ROM-2056164836?sail-date=2026-10-11&currency=EUR&country=IRL,OY07ROM-2056164836,Greek Isles & Italy Cruise,7,Odyssey of the Seas,OY,"Rome (Civitavecchia), Italy",ROM,"Rome (Civitavecchia), Italy - Sicily (Messina), Italy - Santorini, Greece - Mykonos, Greece - Naples/Capri, Italy - Rome (Civitavecchia), Italy",OY07ROM-2056164836-2026-10-18,2026-10-18,Balcony,1329
2025-11-22T22:09:05.857590,"https://www.royalcaribbean.com/gbr/en/cruises?search=departurePort:BCN,BYE,FLL,LAX,MIA,ROM,SIN,YOK|nights:6~8,9~11,gte12|ship:AL,AN,HM,IC,LE,OA,OV,OY,QN,ST,SY,UT,WN&country=IRL&market=gbr&language=en",https://www.royalcaribbean.com/gbr/en/cruises/itinerary/7-night-greek-isles-italy-from-rome-on-odyssey/OY07ROM-2056164836?sail-date=2026-10-11&currency=EUR&country=IRL,OY07ROM-2056164836,Greek Isles & Italy Cruise,7,Odyssey of the Seas,OY,"Rome (Civitavecchia), Italy",ROM,"Rome (Civitavecchia), Italy - Sicily (Messina), Italy - Santorini, Greece - Mykonos, Greece - Naples/Capri, Italy - Rome (Civitavecchia), Italy",OY07ROM-2056164836-2026-10-18,2026-10-18,Suite Guarantee,2390
2025-11-22T22:09:05.857590,"https://www.royalcaribbean.com/gbr/en/cruises?search=departurePort:BCN,BYE,FLL,LAX,MIA,ROM,SIN,YOK|nights:6~8,9~11,gte12|ship:AL,AN,HM,IC,LE,OA,OV,OY,QN,ST,SY,UT,WN&country=IRL&market=gbr&language=en",https://www.royalcaribbean.com/gbr/en/cruises/itinerary/7-night-greek-isles-italy-from-rome-on-odyssey/OY07ROM-2056164836?sail-date=2026-10-11&currency=EUR&country=IRL,OY07ROM-2056164836,Greek Isles & Italy Cruise,7,Odyssey of the Seas,OY,"Rome (Civitavecchia), Italy",ROM,"Rome (Civitavecchia), Italy - Sicily (Messina), Italy - Santorini, Greece - Mykonos, Greece - Naples/Capri, Italy - Rome (Civitavecchia), Italy",OY07ROM-2056164836-2026-10-18,2026-10-18,We Choose Your Suite,2286
2025-11-22T22:09:05.857590,"https://www.royalcaribbean.com/gbr/en/cruises?search=departurePort:BCN,BYE,FLL,LAX,MIA,ROM,SIN,YOK|nights:6~8,9~11,gte12|ship:AL,AN,HM,IC,LE,OA,OV,OY,QN,ST,SY,UT,WN&country=IRL&market=gbr&language=en",https://www.royalcaribbean.com/gbr/en/cruises/itinerary/7-night-greek-isles-italy-from-rome-on-odyssey/OY07ROM-2056164836?sail-date=2026-10-11&currency=EUR&country=IRL,OY07ROM-2056164836,Greek Isles & Italy Cruise,7,Odyssey of the Seas,OY,"Rome (Civitavecchia), Italy",ROM,"Rome (Civitavecchia), Italy - Sicily (Messina), Italy - Santorini, Greece - Mykonos, Greece - Naples/Capri, Italy - Rome (Civitavecchia), Italy",OY07ROM-2056164836-2026-10-18,2026-10-18,Junior Suite,2979
2025-11-22T22:09:05.857590,"https://www.royalcaribbean.com/gbr/en/cruises?search=departurePort:BCN,BYE,FLL,LAX,MIA,ROM,SIN,YOK|nights:6~8,9~11,gte12|ship:AL,AN,HM,IC,LE,OA,OV,OY,QN,ST,SY,UT,WN&country=IRL&market=gbr&language=en",https://www.royalcaribbean.com/gbr/en/cruises/itinerary/7-night-greek-isles-italy-from-rome-on-odyssey/OY07ROM-2056164836?sail-date=2026-10-11&currency=EUR&country=IRL,OY07ROM-2056164836,Greek Isles & Italy Cruise,7,Odyssey of the Seas,OY,"Rome (Civitavecchia), Italy",ROM,"Rome (Civitavecchia), Italy - Sicily (Messina), Italy - Santorini, Greece - Mykonos, Greece - Naples/Capri, Italy - Rome (Civitavecchia), Italy",OY07ROM-2056164836-2026-10-18,2026-10-18,Sky Junior Suite,3604
2025-11-22T22:09:05.857590,"https://www.royalcaribbean.com/gbr/en/cruises?search=departurePort:BCN,BYE,FLL,LAX,MIA,ROM,SIN,YOK|nights:6~8,9~11,gte12|ship:AL,AN,HM,IC,LE,OA,OV,OY,QN,ST,SY,UT,WN&country=IRL&market=gbr&language=en",https://www.royalcaribbean.com/gbr/en/cruises/itinerary/7-night-greek-isles-italy-from-rome-on-odyssey/OY07ROM-2056164836?sail-date=2026-10-11&currency=EUR&country=IRL,OY07ROM-2056164836,Greek Isles & Italy Cruise,7,Odyssey of the Seas,OY,"Rome (Civitavecchia), Italy",ROM,"Rome (Civitavecchia), Italy - Sicily (Messina), Italy - Santorini, Greece - Mykonos, Greece - Naples/Capri, Italy - Rome (Civitavecchia), Italy",OY07ROM-2056164836-2026-10-18,2026-10-18,Junior Suite With Large Balcony,3668
2025-11-22T22:09:05.857590,"https://www.royalcaribbean.com/gbr/en/cruises?search=departurePort:BCN,BYE,FLL,LAX,MIA,ROM,SIN,YOK|nights:6~8,9~11,gte12|ship:AL,AN,HM,IC,LE,OA,OV,OY,QN,ST,SY,UT,WN&country=IRL&market=gbr&language=en",https://www.royalcaribbean.com/gbr/en/cruises/itinerary/7-night-greek-isles-italy-from-rome-on-odyssey/OY07ROM-2056164836?sail-date=2026-10-11&currency=EUR&country=IRL,OY07ROM-2056164836,Greek Isles & Italy Cruise,7,Odyssey of the Seas,OY,"Rome (Civitavecchia), Italy",ROM,"Rome (Civitavecchia), Italy - Sicily (Messina), Italy - Santorini, Greece - Mykonos, Greece - Naples/Capri, Italy - Rome (Civitavecchia), Italy",OY07ROM-2056164836-2026-10-18,2026-10-18,Grand Suite 1 Bedroom,4993
2025-11-22T22:09:05.857590,"https://www.royalcaribbean.com/gbr/en/cruises?search=departurePort:BCN,BYE,FLL,LAX,MIA,ROM,SIN,YOK|nights:6~8,9~11,gte12|ship:AL,AN,HM,IC,LE,OA,OV,OY,QN,ST,SY,UT,WN&country=IRL&market=gbr&language=en",https://www.royalcaribbean.com/gbr/en/cruises/itinerary/7-night-western-mediterranean-from-barcelona-on-harmony/HM07BCN-1230259724?sail-date=2026-07-12&currency=EUR&country=IRL,HM07BCN-1230259724,Western Mediterranean Cruise,7,Harmony of the Seas,HM,"Barcelona, Spain",BCN,"Barcelona, Spain - Palma de Mallorca, Spain - Florence/Pisa (La Spezia), Italy - Rome (Civitavecchia), Italy - Naples/Capri, Italy - Barcelona, Spain",HM07BCN-1230259724-2026-07-12,2026-07-12,Interior,1003
2025-11-22T22:09:05.857590,"https://www.royalcaribbean.com/gbr/en/cruises?search=departurePort:BCN,BYE,FLL,LAX,MIA,ROM,SIN,YOK|nights:6~8,9~11,gte12|ship:AL,AN,HM,IC,LE,OA,OV,OY,QN,ST,SY,UT,WN&country=IRL&market=gbr&language=en",https://www.royalcaribbean.com/gbr/en/cruises/itinerary/7-night-western-mediterranean-from-barcelona-on-harmony/HM07BCN-1230259724?sail-date=2026-07-12&currency=EUR&country=IRL,HM07BCN-1230259724,Western Mediterranean Cruise,7,Harmony of the Seas,HM,"Barcelona, Spain",BCN,"Barcelona, Spain - Palma de Mallorca, Spain - Florence/Pisa (La Spezia), Italy - Rome (Civitavecchia), Italy - Naples/Capri, Italy - Barcelona, Spain",HM07BCN-1230259724-2026-07-12,2026-07-12,Ocean View,1215
2025-11-22T22:09:05.857590,"https://www.royalcaribbean.com/gbr/en/cruises?search=departurePort:BCN,BYE,FLL,LAX,MIA,ROM,SIN,YOK|nights:6~8,9~11,gte12|ship:AL,AN,HM,IC,LE,OA,OV,OY,QN,ST,SY,UT,WN&country=IRL&market=gbr&language=en",https://www.royalcaribbean.com/gbr/en/cruises/itinerary/7-night-western-mediterranean-from-barcelona-on-harmony/HM07BCN-1230259724?sail-date=2026-07-12&currency=EUR&country=IRL,HM07BCN-1230259724,Western Mediterranean Cruise,7,Harmony of the Seas,HM,"Barcelona, Spain",BCN,"Barcelona, Spain - Palma de Mallorca, Spain - Florence/Pisa (La Spezia), Italy - Rome (Civitavecchia), Italy - Naples/Capri, Italy - Barcelona, Spain",HM07BCN-1230259724-2026-07-12,2026-07-12,Balcony,1160
2025-11-22T22:09:05.857590,"https://www.royalcaribbean.com/gbr/en/cruises?search=departurePort:BCN,BYE,FLL,LAX,MIA,ROM,SIN,YOK|nights:6~8,9~11,gte12|ship:AL,AN,HM,IC,LE,OA,OV,OY,QN,ST,SY,UT,WN&country=IRL&market=gbr&language=en",https://www.royalcaribbean.com/gbr/en/cruises/itinerary/7-night-western-mediterranean-from-barcelona-on-harmony/HM07BCN-1230259724?sail-date=2026-07-12&currency=EUR&country=IRL,HM07BCN-1230259724,Western Mediterranean Cruise,7,Harmony of the Seas,HM,"Barcelona, Spain",BCN,"Barcelona, Spain - Palma de Mallorca, Spain - Florence/Pisa (La Spezia), Italy - Rome (Civitavecchia), Italy - Naples/Capri, Italy - Barcelona, Spain",HM07BCN-1230259724-2026-07-12,2026-07-12,Suite Guarantee,2586
2025-11-22T22:09:05.857590,"https://www.royalcaribbean.com/gbr/en/cruises?search=departurePort:BCN,BYE,FLL,LAX,MIA,ROM,SIN,YOK|nights:6~8,9~11,gte12|ship:AL,AN,HM,IC,LE,OA,OV,OY,QN,ST,SY,UT,WN&country=IRL&market=gbr&language=en",https://www.royalcaribbean.com/gbr/en/cruises/itinerary/7-night-western-mediterranean-from-barcelona-on-harmony/HM07BCN-1230259724?sail-date=2026-07-12&currency=EUR&country=IRL,HM07BCN-1230259724,Western Mediterranean Cruise,7,Harmony of the Seas,HM,"Barcelona, Spain",BCN,"Barcelona, Spain - Palma de Mallorca, Spain - Florence/Pisa (La Spezia), Italy - Rome (Civitavecchia), Italy - Naples/Capri, Italy - Barcelona, Spain",HM07BCN-1230259724-2026-07-12,2026-07-12,We Choose Your Suite,2586
2025-11-22T22:09:05.857590,"https://www.royalcaribbean.com/gbr/en/cruises?search=departurePort:BCN,BYE,FLL,LAX,MIA,ROM,SIN,YOK|nights:6~8,9~11,gte12|ship:AL,AN,HM,IC,LE,OA,OV,OY,QN,ST,SY,UT,WN&country=IRL&market=gbr&language=en",https://www.royalcaribbean.com/gbr/en/cruises/itinerary/7-night-western-mediterranean-from-barcelona-on-harmony/HM07BCN-1230259724?sail-date=2026-07-12&currency=EUR&country=IRL,HM07BCN-1230259724,Western Mediterranean Cruise,7,Harmony of the Seas,HM,"Barcelona, Spain",BCN,"Barcelona, Spain - Palma de Mallorca, Spain - Florence/Pisa (La Spezia), Italy - Rome (Civitavecchia), Italy - Naples/Capri, Italy - Barcelona, Spain",HM07BCN-1230259724-2026-07-12,2026-07-12,Junior Suite,2849
2025-11-22T22:09:05.857590,"https://www.royalcaribbean.com/gbr/en/cruises?search=departurePort:BCN,BYE,FLL,LAX,MIA,ROM,SIN,YOK|nights:6~8,9~11,gte12|ship:AL,AN,HM,IC,LE,OA,OV,OY,QN,ST,SY,UT,WN&country=IRL&market=gbr&language=en",https://www.royalcaribbean.com/gbr/en/cruises/itinerary/7-night-western-mediterranean-from-barcelona-on-harmony/HM07BCN-1230259724?sail-date=2026-07-12&currency=EUR&country=IRL,HM07BCN-1230259724,Western Mediterranean Cruise,7,Harmony of the Seas,HM,"Barcelona, Spain",BCN,"Barcelona, Spain - Palma de Mallorca, Spain - Florence/Pisa (La Spezia), Italy - Rome (Civitavecchia), Italy - Naples/Capri, Italy - Barcelona, Spain",HM07BCN-1230259724-2026-07-12,2026-07-12,Sky Junior Suite,3680
2025-11-22T22:09:05.857590,"https://www.royalcaribbean.com/gbr/en/cruises?search=departurePort:BCN,BYE,FLL,LAX,MIA,ROM,SIN,YOK|nights:6~8,9~11,gte12|ship:AL,AN,HM,IC,LE,OA,OV,OY,QN,ST,SY,UT,WN&country=IRL&market=gbr&language=en",https://www.royalcaribbean.com/gbr/en/cruises/itinerary/7-night-western-mediterranean-from-barcelona-on-harmony/HM07BCN-1230259724?sail-date=2026-07-12&currency=EUR&country=IRL,HM07BCN-1230259724,Western Mediterranean Cruise,7,Harmony of the Seas,HM,"Barcelona, Spain",BCN,"Barcelona, Spain - Palma de Mallorca, Spain - Florence/Pisa (La Spezia), Italy - Rome (Civitavecchia), Italy - Naples/Capri, Italy - Barcelona, Spain",HM07BCN-1230259724-2026-07-12,2026-07-12,Ocean View Panoramic Suite No Balcony,4155
2025-11-22T22:09:05.857590,"https://www.royalcaribbean.com/gbr/en/cruises?search=departurePort:BCN,BYE,FLL,LAX,MIA,ROM,SIN,YOK|nights:6~8,9~11,gte12|ship:AL,AN,HM,IC,LE,OA,OV,OY,QN,ST,SY,UT,WN&country=IRL&market=gbr&language=en",https://www.royalcaribbean.com/gbr/en/cruises/itinerary/7-night-western-mediterranean-from-barcelona-on-harmony/HM07BCN-1230259724?sail-date=2026-07-12&currency=EUR&country=IRL,HM07BCN-1230259724,Western Mediterranean Cruise,7,Harmony of the Seas,HM,"Barcelona, Spain",BCN,"Barcelona, Spain - Palma de Mallorca, Spain - Florence/Pisa (La Spezia), Italy - Rome (Civitavecchia), Italy - Naples/Capri, Italy - Barcelona, Spain",HM07BCN-1230259724-2026-07-12,2026-07-12,Grand Suite 1 Bedroom,4323
2025-11-22T22:09:05.857590,"https://www.royalcaribbean.com/gbr/en/cruises?search=departurePort:BCN,BYE,FLL,LAX,MIA,ROM,SIN,YOK|nights:6~8,9~11,gte12|ship:AL,AN,HM,IC,LE,OA,OV,OY,QN,ST,SY,UT,WN&country=IRL&market=gbr&language=en",https://www.royalcaribbean.com/gbr/en/cruises/itinerary/7-night-western-mediterranean-from-barcelona-on-harmony/HM07BCN-1230259724?sail-date=2026-07-12&currency=EUR&country=IRL,HM07BCN-1230259724,Western Mediterranean Cruise,7,Harmony of the Seas,HM,"Barcelona, Spain",BCN,"Barcelona, Spain - Palma de Mallorca, Spain - Florence/Pisa (La Spezia), Italy - Rome (Civitavecchia), Italy - Naples/Capri, Italy - Barcelona, Spain",HM07BCN-1230259724-2026-07-12,2026-07-12,Crown Loft Suite,4806
2025-11-22T22:09:05.857590,"https://www.royalcaribbean.com/gbr/en/cruises?search=departurePort:BCN,BYE,FLL,LAX,MIA,ROM,SIN,YOK|nights:6~8,9~11,gte12|ship:AL,AN,HM,IC,LE,OA,OV,OY,QN,ST,SY,UT,WN&country=IRL&market=gbr&language=en",https://www.royalcaribbean.com/gbr/en/cruises/itinerary/7-night-western-mediterranean-from-barcelona-on-harmony/HM07BCN-1230259724?sail-date=2026-07-12&currency=EUR&country=IRL,HM07BCN-1230259724,Western Mediterranean Cruise,7,Harmony of the Seas,HM,"Barcelona, Spain",BCN,"Barcelona, Spain - Palma de Mallorca, Spain - Florence/Pisa (La Spezia), Italy - Rome (Civitavecchia), Italy - Naples/Capri, Italy - Barcelona, Spain",HM07BCN-1230259724-2026-07-12,2026-07-12,Owners Suite 1 Bedroom,5093
2025-11-22T22:09:05.857590,"https://www.royalcaribbean.com/gbr/en/cruises?search=departurePort:BCN,BYE,FLL,LAX,MIA,ROM,SIN,YOK|nights:6~8,9~11,gte12|ship:AL,AN,HM,IC,LE,OA,OV,OY,QN,ST,SY,UT,WN&country=IRL&market=gbr&language=en",https://www.royalcaribbean.com/gbr/en/cruises/itinerary/7-night-western-mediterranean-from-barcelona-on-harmony/HM07BCN-1230259724?sail-date=2026-07-12&currency=EUR&country=IRL,HM07BCN-1230259724,Western Mediterranean Cruise,7,Harmony of the Seas,HM,"Barcelona, Spain",BCN,"Barcelona, Spain - Palma de Mallorca, Spain - Florence/Pisa (La Spezia), Italy - Rome (Civitavecchia), Italy - Naples/Capri, Italy - Barcelona, Spain",HM07BCN-1230259724-2026-07-12,2026-07-12,Spacious Aquatheater Suite 1 Bedroom,5905
2025-11-22T22:09:05.857590,"https://www.royalcaribbean.com/gbr/en/cruises?search=departurePort:BCN,BYE,FLL,LAX,MIA,ROM,SIN,YOK|nights:6~8,9~11,gte12|ship:AL,AN,HM,IC,LE,OA,OV,OY,QN,ST,SY,UT,WN&country=IRL&market=gbr&language=en",https://www.royalcaribbean.com/gbr/en/cruises/itinerary/7-night-western-mediterranean-from-barcelona-on-harmony/HM07BCN-1230259724?sail-date=2026-07-12&currency=EUR&country=IRL,HM07BCN-1230259724,Western Mediterranean Cruise,7,Harmony of the Seas,HM,"Barcelona, Spain",BCN,"Barcelona, Spain - Palma de Mallorca, Spain - Florence/Pisa (La Spezia), Italy - Rome (Civitavecchia), Italy - Naples/Capri, Italy - Barcelona, Spain",HM07BCN-1230259724-2026-07-12,2026-07-12,Star Loft Suite,10969
2025-11-22T22:09:05.857590,"https://www.royalcaribbean.com/gbr/en/cruises?search=departurePort:BCN,BYE,FLL,LAX,MIA,ROM,SIN,YOK|nights:6~8,9~11,gte12|ship:AL,AN,HM,IC,LE,OA,OV,OY,QN,ST,SY,UT,WN&country=IRL&market=gbr&language=en",https://www.royalcaribbean.com/gbr/en/cruises/itinerary/7-night-western-mediterranean-from-barcelona-on-harmony/HM07BCN-1230259724?sail-date=2026-07-12&currency=EUR&country=IRL,HM07BCN-1230259724,Western Mediterranean Cruise,7,Harmony of the Seas,HM,"Barcelona, Spain",BCN,"Barcelona, Spain - Palma de Mallorca, Spain - Florence/Pisa (La Spezia), Italy - Rome (Civitavecchia), Italy - Naples/Capri, Italy - Barcelona, Spain",HM07BCN-1230259724-2026-07-12,2026-07-12,Ultimate Panoramic Suite,12481
2025-11-22T22:09:05.857590,"https://www.royalcaribbean.com/gbr/en/cruises?search=departurePort:BCN,BYE,FLL,LAX,MIA,ROM,SIN,YOK|nights:6~8,9~11,gte12|ship:AL,AN,HM,IC,LE,OA,OV,OY,QN,ST,SY,UT,WN&country=IRL&market=gbr&language=en",https://www.royalcaribbean.com/gbr/en/cruises/itinerary/7-night-western-mediterranean-from-barcelona-on-harmony/HM07BCN-1230259724?sail-date=2026-07-12&currency=EUR&country=IRL,HM07BCN-1230259724,Western Mediterranean Cruise,7,Harmony of the Seas,HM,"Barcelona, Spain",BCN,"Barcelona, Spain - Palma de Mallorca, Spain - Florence/Pisa (La Spezia), Italy - Rome (Civitavecchia), Italy - Naples/Capri, Italy - Barcelona, Spain",HM07BCN-1230259724-2026-06-28,2026-06-28,Interior,1124
2025-11-22T22:09:05.857590,"https://www.royalcaribbean.com/gbr/en/cruises?search=departurePort:BCN,BYE,FLL,LAX,MIA,ROM,SIN,YOK|nights:6~8,9~11,gte12|ship:AL,AN,HM,IC,LE,OA,OV,OY,QN,ST,SY,UT,WN&country=IRL&market=gbr&language=en",https://www.royalcaribbean.com/gbr/en/cruises/itinerary/7-night-western-mediterranean-from-barcelona-on-harmony/HM07BCN-1230259724?sail-date=2026-07-12&currency=EUR&country=IRL,HM07BCN-1230259724,Western Mediterranean Cruise,7,Harmony of the Seas,HM,"Barcelona, Spain",BCN,"Barcelona, Spain - Palma de Mallorca, Spain - Florence/Pisa (La Spezia), Italy - Rome (Civitavecchia), Italy - Naples/Capri, Italy - Barcelona, Spain",HM07BCN-1230259724-2026-06-28,2026-06-28,Ocean View,1219
2025-11-22T22:09:05.857590,"https://www.royalcaribbean.com/gbr/en/cruises?search=departurePort:BCN,BYE,FLL,LAX,MIA,ROM,SIN,YOK|nights:6~8,9~11,gte12|ship:AL,AN,HM,IC,LE,OA,OV,OY,QN,ST,SY,UT,WN&country=IRL&market=gbr&language=en",https://www.royalcaribbean.com/gbr/en/cruises/itinerary/7-night-western-mediterranean-from-barcelona-on-harmony/HM07BCN-1230259724?sail-date=2026-07-12&currency=EUR&country=IRL,HM07BCN-1230259724,Western Mediterranean Cruise,7,Harmony of the Seas,HM,"Barcelona, Spain",BCN,"Barcelona, Spain - Palma de Mallorca, Spain - Florence/Pisa (La Spezia), Italy - Rome (Civitavecchia), Italy - Naples/Capri, Italy - Barcelona, Spain",HM07BCN-1230259724-2026-06-28,2026-06-28,Balcony,1216
2025-11-22T22:09:05.857590,"https://www.royalcaribbean.com/gbr/en/cruises?search=departurePort:BCN,BYE,FLL,LAX,MIA,ROM,SIN,YOK|nights:6~8,9~11,gte12|ship:AL,AN,HM,IC,LE,OA,OV,OY,QN,ST,SY,UT,WN&country=IRL&market=gbr&language=en",https://www.royalcaribbean.com/gbr/en/cruises/itinerary/7-night-western-mediterranean-from-barcelona-on-harmony/HM07BCN-1230259724?sail-date=2026-07-12&currency=EUR&country=IRL,HM07BCN-1230259724,Western Mediterranean Cruise,7,Harmony of the Seas,HM,"Barcelona, Spain",BCN,"Barcelona, Spain - Palma de Mallorca, Spain - Florence/Pisa (La Spezia), Italy - Rome (Civitavecchia), Italy - Naples/Capri, Italy - Barcelona, Spain",HM07BCN-1230259724-2026-06-28,2026-06-28,Suite Guarantee,2691
2025-11-22T22:09:05.857590,"https://www.royalcaribbean.com/gbr/en/cruises?search=departurePort:BCN,BYE,FLL,LAX,MIA,ROM,SIN,YOK|nights:6~8,9~11,gte12|ship:AL,AN,HM,IC,LE,OA,OV,OY,QN,ST,SY,UT,WN&country=IRL&market=gbr&language=en",https://www.royalcaribbean.com/gbr/en/cruises/itinerary/7-night-western-mediterranean-from-barcelona-on-harmony/HM07BCN-1230259724?sail-date=2026-07-12&currency=EUR&country=IRL,HM07BCN-1230259724,Western Mediterranean Cruise,7,Harmony of the Seas,HM,"Barcelona, Spain",BCN,"Barcelona, Spain - Palma de Mallorca, Spain - Florence/Pisa (La Spezia), Italy - Rome (Civitavecchia), Italy - Naples/Capri, Italy - Barcelona, Spain",HM07BCN-1230259724-2026-06-28,2026-06-28,We Choose Your Suite,2586
2025-11-22T22:09:05.857590,"https://www.royalcaribbean.com/gbr/en/cruises?search=departurePort:BCN,BYE,FLL,LAX,MIA,ROM,SIN,YOK|nights:6~8,9~11,gte12|ship:AL,AN,HM,IC,LE,OA,OV,OY,QN,ST,SY,UT,WN&country=IRL&market=gbr&language=en",https://www.royalcaribbean.com/gbr/en/cruises/itinerary/7-night-western-mediterranean-from-barcelona-on-harmony/HM07BCN-1230259724?sail-date=2026-07-12&currency=EUR&country=IRL,HM07BCN-1230259724,Western Mediterranean Cruise,7,Harmony of the Seas,HM,"Barcelona, Spain",BCN,"Barcelona, Spain - Palma de Mallorca, Spain - Florence/Pisa (La Spezia), Italy - Rome (Civitavecchia), Italy - Naples/Capri, Italy - Barcelona, Spain",HM07BCN-1230259724-2026-06-28,2026-06-28,Junior Suite,2849
2025-11-22T22:09:05.857590,"https://www.royalcaribbean.com/gbr/en/cruises?search=departurePort:BCN,BYE,FLL,LAX,MIA,ROM,SIN,YOK|nights:6~8,9~11,gte12|ship:AL,AN,HM,IC,LE,OA,OV,OY,QN,ST,SY,UT,WN&country=IRL&market=gbr&language=en",https://www.royalcaribbean.com/gbr/en/cruises/itinerary/7-night-western-mediterranean-from-barcelona-on-harmony/HM07BCN-1230259724?sail-date=2026-07-12&currency=EUR&country=IRL,HM07BCN-1230259724,Western Mediterranean Cruise,7,Harmony of the Seas,HM,"Barcelona, Spain",BCN,"Barcelona, Spain - Palma de Mallorca, Spain - Florence/Pisa (La Spezia), Italy - Rome (Civitavecchia), Italy - Naples/Capri, Italy - Barcelona, Spain",HM07BCN-1230259724-2026-06-28,2026-06-28,Sky Junior Suite,3680
2025-11-22T22:09:05.857590,"https://www.royalcaribbean.com/gbr/en/cruises?search=departurePort:BCN,BYE,FLL,LAX,MIA,ROM,SIN,YOK|nights:6~8,9~11,gte12|ship:AL,AN,HM,IC,LE,OA,OV,OY,QN,ST,SY,UT,WN&country=IRL&market=gbr&language=en",https://www.royalcaribbean.com/gbr/en/cruises/itinerary/7-night-western-mediterranean-from-barcelona-on-harmony/HM07BCN-1230259724?sail-date=2026-07-12&currency=EUR&country=IRL,HM07BCN-1230259724,Western Mediterranean Cruise,7,Harmony of the Seas,HM,"Barcelona, Spain",BCN,"Barcelona, Spain - Palma de Mallorca, Spain - Florence/Pisa (La Spezia), Italy - Rome (Civitavecchia), Italy - Naples/Capri, Italy - Barcelona, Spain",HM07BCN-1230259724-2026-06-28,2026-06-28,Ocean View Panoramic Suite No Balcony,4155
2025-11-22T22:09:05.857590,"https://www.royalcaribbean.com/gbr/en/cruises?search=departurePort:BCN,BYE,FLL,LAX,MIA,ROM,SIN,YOK|nights:6~8,9~11,gte12|ship:AL,AN,HM,IC,LE,OA,OV,OY,QN,ST,SY,UT,WN&country=IRL&market=gbr&language=en",https://www.royalcaribbean.com/gbr/en/cruises/itinerary/7-night-western-mediterranean-from-barcelona-on-harmony/HM07BCN-1230259724?sail-date=2026-07-12&currency=EUR&country=IRL,HM07BCN-1230259724,Western Mediterranean Cruise,7,Harmony of the Seas,HM,"Barcelona, Spain",BCN,"Barcelona, Spain - Palma de Mallorca, Spain - Florence/Pisa (La Spezia), Italy - Rome (Civitavecchia), Italy - Naples/Capri, Italy - Barcelona, Spain",HM07BCN-1230259724-2026-06-28,2026-06-28,Grand Suite 1 Bedroom,4323
2025-11-22T22:09:05.857590,"https://www.royalcaribbean.com/gbr/en/cruises?search=departurePort:BCN,BYE,FLL,LAX,MIA,ROM,SIN,YOK|nights:6~8,9~11,gte12|ship:AL,AN,HM,IC,LE,OA,OV,OY,QN,ST,SY,UT,WN&country=IRL&market=gbr&language=en",https://www.royalcaribbean.com/gbr/en/cruises/itinerary/7-night-western-mediterranean-from-barcelona-on-harmony/HM07BCN-1230259724?sail-date=2026-07-12&currency=EUR&country=IRL,HM07BCN-1230259724,Western Mediterranean Cruise,7,Harmony of the Seas,HM,"Barcelona, Spain",BCN,"Barcelona, Spain - Palma de Mallorca, Spain - Florence/Pisa (La Spezia), Italy - Rome (Civitavecchia), Italy - Naples/Capri, Italy - Barcelona, Spain",HM07BCN-1230259724-2026-06-28,2026-06-28,Crown Loft Suite,4806
2025-11-22T22:09:05.857590,"https://www.royalcaribbean.com/gbr/en/cruises?search=departurePort:BCN,BYE,FLL,LAX,MIA,ROM,SIN,YOK|nights:6~8,9~11,gte12|ship:AL,AN,HM,IC,LE,OA,OV,OY,QN,ST,SY,UT,WN&country=IRL&market=gbr&language=en",https://www.royalcaribbean.com/gbr/en/cruises/itinerary/7-night-western-mediterranean-from-barcelona-on-harmony/HM07BCN-1230259724?sail-date=2026-07-12&currency=EUR&country=IRL,HM07BCN-1230259724,Western Mediterranean Cruise,7,Harmony of the Seas,HM,"Barcelona, Spain",BCN,"Barcelona, Spain - Palma de Mallorca, Spain - Florence/Pisa (La Spezia), Italy - Rome (Civitavecchia), Italy - Naples/Capri, Italy - Barcelona, Spain",HM07BCN-1230259724-2026-06-28,2026-06-28,Owners Suite 1 Bedroom,5093
2025-11-22T22:09:05.857590,"https://www.royalcaribbean.com/gbr/en/cruises?search=departurePort:BCN,BYE,FLL,LAX,MIA,ROM,SIN,YOK|nights:6~8,9~11,gte12|ship:AL,AN,HM,IC,LE,OA,OV,OY,QN,ST,SY,UT,WN&country=IRL&market=gbr&language=en",https://www.royalcaribbean.com/gbr/en/cruises/itinerary/7-night-western-mediterranean-from-barcelona-on-harmony/HM07BCN-1230259724?sail-date=2026-07-12&currency=EUR&country=IRL,HM07BCN-1230259724,Western Mediterranean Cruise,7,Harmony of the Seas,HM,"Barcelona, Spain",BCN,"Barcelona, Spain - Palma de Mallorca, Spain - Florence/Pisa (La Spezia), Italy - Rome (Civitavecchia), Italy - Naples/Capri, Italy - Barcelona, Spain",HM07BCN-1230259724-2026-06-28,2026-06-28,Spacious Aquatheater Suite 1 Bedroom,5905
2025-11-22T22:09:05.857590,"https://www.royalcaribbean.com/gbr/en/cruises?search=departurePort:BCN,BYE,FLL,LAX,MIA,ROM,SIN,YOK|nights:6~8,9~11,gte12|ship:AL,AN,HM,IC,LE,OA,OV,OY,QN,ST,SY,UT,WN&country=IRL&market=gbr&language=en",https://www.royalcaribbean.com/gbr/en/cruises/itinerary/7-night-western-mediterranean-from-barcelona-on-harmony/HM07BCN-1230259724?sail-date=2026-07-12&currency=EUR&country=IRL,HM07BCN-1230259724,Western Mediterranean Cruise,7,Harmony of the Seas,HM,"Barcelona, Spain",BCN,"Barcelona, Spain - Palma de Mallorca, Spain - Florence/Pisa (La Spezia), Italy - Rome (Civitavecchia), Italy - Naples/Capri, Italy - Barcelona, Spain",HM07BCN-1230259724-2026-06-28,2026-06-28,Star Loft Suite,10969
2025-11-22T22:09:05.857590,"https://www.royalcaribbean.com/gbr/en/cruises?search=departurePort:BCN,BYE,FLL,LAX,MIA,ROM,SIN,YOK|nights:6~8,9~11,gte12|ship:AL,AN,HM,IC,LE,OA,OV,OY,QN,ST,SY,UT,WN&country=IRL&market=gbr&language=en",https://www.royalcaribbean.com/gbr/en/cruises/itinerary/7-night-western-mediterranean-from-barcelona-on-harmony/HM07BCN-1230259724?sail-date=2026-07-12&currency=EUR&country=IRL,HM07BCN-1230259724,Western Mediterranean Cruise,7,Harmony of the Seas,HM,"Barcelona, Spain",BCN,"Barcelona, Spain - Palma de Mallorca, Spain - Florence/Pisa (La Spezia), Italy - Rome (Civitavecchia), Italy - Naples/Capri, Italy - Barcelona, Spain",HM07BCN-1230259724-2026-06-28,2026-06-28,Ultimate Panoramic Suite,12481
2025-11-22T22:09:05.857590,"https://www.royalcaribbean.com/gbr/en/cruises?search=departurePort:BCN,BYE,FLL,LAX,MIA,ROM,SIN,YOK|nights:6~8,9~11,gte12|ship:AL,AN,HM,IC,LE,OA,OV,OY,QN,ST,SY,UT,WN&country=IRL&market=gbr&language=en",https://www.royalcaribbean.com/gbr/en/cruises/itinerary/7-night-western-mediterranean-from-barcelona-on-harmony/HM07BCN-1230259724?sail-date=2026-07-12&currency=EUR&country=IRL,HM07BCN-1230259724,Western Mediterranean Cruise,7,Harmony of the Seas,HM,"Barcelona, Spain",BCN,"Barcelona, Spain - Palma de Mallorca, Spain - Florence/Pisa (La Spezia), Italy - Rome (Civitavecchia), Italy - Naples/Capri, Italy - Barcelona, Spain",HM07BCN-1230259724-2026-07-05,2026-07-05,Interior,1026
2025-11-22T22:09:05.857590,"https://www.royalcaribbean.com/gbr/en/cruises?search=departurePort:BCN,BYE,FLL,LAX,MIA,ROM,SIN,YOK|nights:6~8,9~11,gte12|ship:AL,AN,HM,IC,LE,OA,OV,OY,QN,ST,SY,UT,WN&country=IRL&market=gbr&language=en",https://www.royalcaribbean.com/gbr/en/cruises/itinerary/7-night-western-mediterranean-from-barcelona-on-harmony/HM07BCN-1230259724?sail-date=2026-07-12&currency=EUR&country=IRL,HM07BCN-1230259724,Western Mediterranean Cruise,7,Harmony of the Seas,HM,"Barcelona, Spain",BCN,"Barcelona, Spain - Palma de Mallorca, Spain - Florence/Pisa (La Spezia), Italy - Rome (Civitavecchia), Italy - Naples/Capri, Italy - Barcelona, Spain",HM07BCN-1230259724-2026-07-05,2026-07-05,Ocean View,1182
2025-11-22T22:09:05.857590,"https://www.royalcaribbean.com/gbr/en/cruises?search=departurePort:BCN,BYE,FLL,LAX,MIA,ROM,SIN,YOK|nights:6~8,9~11,gte12|ship:AL,AN,HM,IC,LE,OA,OV,OY,QN,ST,SY,UT,WN&country=IRL&market=gbr&language=en",https://www.royalcaribbean.com/gbr/en/cruises/itinerary/7-night-western-mediterranean-from-barcelona-on-harmony/HM07BCN-1230259724?sail-date=2026-07-12&currency=EUR&country=IRL,HM07BCN-1230259724,Western Mediterranean Cruise,7,Harmony of the Seas,HM,"Barcelona, Spain",BCN,"Barcelona, Spain - Palma de Mallorca, Spain - Florence/Pisa (La Spezia), Italy - Rome (Civitavecchia), Italy - Naples/Capri, Italy - Barcelona, Spain",HM07BCN-1230259724-2026-07-05,2026-07-05,Balcony,1150
2025-11-22T22:09:05.857590,"https://www.royalcaribbean.com/gbr/en/cruises?search=departurePort:BCN,BYE,FLL,LAX,MIA,ROM,SIN,YOK|nights:6~8,9~11,gte12|ship:AL,AN,HM,IC,LE,OA,OV,OY,QN,ST,SY,UT,WN&country=IRL&market=gbr&language=en",https://www.royalcaribbean.com/gbr/en/cruises/itinerary/7-night-western-mediterranean-from-barcelona-on-harmony/HM07BCN-1230259724?sail-date=2026-07-12&currency=EUR&country=IRL,HM07BCN-1230259724,Western Mediterranean Cruise,7,Harmony of the Seas,HM,"Barcelona, Spain",BCN,"Barcelona, Spain - Palma de Mallorca, Spain - Florence/Pisa (La Spezia), Italy - Rome (Civitavecchia), Italy - Naples/Capri, Italy - Barcelona, Spain",HM07BCN-1230259724-2026-07-05,2026-07-05,Suite Guarantee,2174
2025-11-22T22:09:05.857590,"https://www.royalcaribbean.com/gbr/en/cruises?search=departurePort:BCN,BYE,FLL,LAX,MIA,ROM,SIN,YOK|nights:6~8,9~11,gte12|ship:AL,AN,HM,IC,LE,OA,OV,OY,QN,ST,SY,UT,WN&country=IRL&market=gbr&language=en",https://www.royalcaribbean.com/gbr/en/cruises/itinerary/7-night-western-mediterranean-from-barcelona-on-harmony/HM07BCN-1230259724?sail-date=2026-07-12&currency=EUR&country=IRL,HM07BCN-1230259724,Western Mediterranean Cruise,7,Harmony of the Seas,HM,"Barcelona, Spain",BCN,"Barcelona, Spain - Palma de Mallorca, Spain - Florence/Pisa (La Spezia), Italy - Rome (Civitavecchia), Italy - Naples/Capri, Italy - Barcelona, Spain",HM07BCN-1230259724-2026-07-05,2026-07-05,We Choose Your Suite,2586
2025-11-22T22:09:05.857590,"https://www.royalcaribbean.com/gbr/en/cruises?search=departurePort:BCN,BYE,FLL,LAX,MIA,ROM,SIN,YOK|nights:6~8,9~11,gte12|ship:AL,AN,HM,IC,LE,OA,OV,OY,QN,ST,SY,UT,WN&country=IRL&market=gbr&language=en",https://www.royalcaribbean.com/gbr/en/cruises/itinerary/7-night-western-mediterranean-from-barcelona-on-harmony/HM07BCN-1230259724?sail-date=2026-07-12&currency=EUR&country=IRL,HM07BCN-1230259724,Western Mediterranean Cruise,7,Harmony of the Seas,HM,"Barcelona, Spain",BCN,"Barcelona, Spain - Palma de Mallorca, Spain - Florence/Pisa (La Spezia), Italy - Rome (Civitavecchia), Italy - Naples/Capri, Italy - Barcelona, Spain",HM07BCN-1230259724-2026-07-05,2026-07-05,Junior Suite,2849
2025-11-22T22:09:05.857590,"https://www.royalcaribbean.com/gbr/en/cruises?search=departurePort:BCN,BYE,FLL,LAX,MIA,ROM,SIN,YOK|nights:6~8,9~11,gte12|ship:AL,AN,HM,IC,LE,OA,OV,OY,QN,ST,SY,UT,WN&country=IRL&market=gbr&language=en",https://www.royalcaribbean.com/gbr/en/cruises/itinerary/7-night-western-mediterranean-from-barcelona-on-harmony/HM07BCN-1230259724?sail-date=2026-07-12&currency=EUR&country=IRL,HM07BCN-1230259724,Western Mediterranean Cruise,7,Harmony of the Seas,HM,"Barcelona, Spain",BCN,"Barcelona, Spain - Palma de Mallorca, Spain - Florence/Pisa (La Spezia), Italy - Rome (Civitavecchia), Italy - Naples/Capri, Italy - Barcelona, Spain",HM07BCN-1230259724-2026-07-05,2026-07-05,Sky Junior Suite,3680
2025-11-22T22:09:05.857590,"https://www.royalcaribbean.com/gbr/en/cruises?search=departurePort:BCN,BYE,FLL,LAX,MIA,ROM,SIN,YOK|nights:6~8,9~11,gte12|ship:AL,AN,HM,IC,LE,OA,OV,OY,QN,ST,SY,UT,WN&country=IRL&market=gbr&language=en",https://www.royalcaribbean.com/gbr/en/cruises/itinerary/7-night-western-mediterranean-from-barcelona-on-harmony/HM07BCN-1230259724?sail-date=2026-07-12&currency=EUR&country=IRL,HM07BCN-1230259724,Western Mediterranean Cruise,7,Harmony of the Seas,HM,"Barcelona, Spain",BCN,"Barcelona, Spain - Palma de Mallorca, Spain - Florence/Pisa (La Spezia), Italy - Rome (Civitavecchia), Italy - Naples/Capri, Italy - Barcelona, Spain",HM07BCN-1230259724-2026-07-05,2026-07-05,Ocean View Panoramic Suite No Balcony,4155
2025-11-22T22:09:05.857590,"https://www.royalcaribbean.com/gbr/en/cruises?search=departurePort:BCN,BYE,FLL,LAX,MIA,ROM,SIN,YOK|nights:6~8,9~11,gte12|ship:AL,AN,HM,IC,LE,OA,OV,OY,QN,ST,SY,UT,WN&country=IRL&market=gbr&language=en",https://www.royalcaribbean.com/gbr/en/cruises/itinerary/7-night-western-mediterranean-from-barcelona-on-harmony/HM07BCN-1230259724?sail-date=2026-07-12&currency=EUR&country=IRL,HM07BCN-1230259724,Western Mediterranean Cruise,7,Harmony of the Seas,HM,"Barcelona, Spain",BCN,"Barcelona, Spain - Palma de Mallorca, Spain - Florence/Pisa (La Spezia), Italy - Rome (Civitavecchia), Italy - Naples/Capri, Italy - Barcelona, Spain",HM07BCN-1230259724-2026-07-05,2026-07-05,Grand Suite 1 Bedroom,4323
2025-11-22T22:09:05.857590,"https://www.royalcaribbean.com/gbr/en/cruises?search=departurePort:BCN,BYE,FLL,LAX,MIA,ROM,SIN,YOK|nights:6~8,9~11,gte12|ship:AL,AN,HM,IC,LE,OA,OV,OY,QN,ST,SY,UT,WN&country=IRL&market=gbr&language=en",https://www.royalcaribbean.com/gbr/en/cruises/itinerary/7-night-western-mediterranean-from-barcelona-on-harmony/HM07BCN-1230259724?sail-date=2026-07-12&currency=EUR&country=IRL,HM07BCN-1230259724,Western Mediterranean Cruise,7,Harmony of the Seas,HM,"Barcelona, Spain",BCN,"Barcelona, Spain - Palma de Mallorca, Spain - Florence/Pisa (La Spezia), Italy - Rome (Civitavecchia), Italy - Naples/Capri, Italy - Barcelona, Spain",HM07BCN-1230259724-2026-07-05,2026-07-05,Crown Loft Suite,4806
2025-11-22T22:09:05.857590,"https://www.royalcaribbean.com/gbr/en/cruises?search=departurePort:BCN,BYE,FLL,LAX,MIA,ROM,SIN,YOK|nights:6~8,9~11,gte12|ship:AL,AN,HM,IC,LE,OA,OV,OY,QN,ST,SY,UT,WN&country=IRL&market=gbr&language=en",https://www.royalcaribbean.com/gbr/en/cruises/itinerary/7-night-western-mediterranean-from-barcelona-on-harmony/HM07BCN-1230259724?sail-date=2026-07-12&currency=EUR&country=IRL,HM07BCN-1230259724,Western Mediterranean Cruise,7,Harmony of the Seas,HM,"Barcelona, Spain",BCN,"Barcelona, Spain - Palma de Mallorca, Spain - Florence/Pisa (La Spezia), Italy - Rome (Civitavecchia), Italy - Naples/Capri, Italy - Barcelona, Spain",HM07BCN-1230259724-2026-07-05,2026-07-05,Owners Suite 1 Bedroom,5093
2025-11-22T22:09:05.857590,"https://www.royalcaribbean.com/gbr/en/cruises?search=departurePort:BCN,BYE,FLL,LAX,MIA,ROM,SIN,YOK|nights:6~8,9~11,gte12|ship:AL,AN,HM,IC,LE,OA,OV,OY,QN,ST,SY,UT,WN&country=IRL&market=gbr&language=en",https://www.royalcaribbean.com/gbr/en/cruises/itinerary/7-night-western-mediterranean-from-barcelona-on-harmony/HM07BCN-1230259724?sail-date=2026-07-12&currency=EUR&country=IRL,HM07BCN-1230259724,Western Mediterranean Cruise,7,Harmony of the Seas,HM,"Barcelona, Spain",BCN,"Barcelona, Spain - Palma de Mallorca, Spain - Florence/Pisa (La Spezia), Italy - Rome (Civitavecchia), Italy - Naples/Capri, Italy - Barcelona, Spain",HM07BCN-1230259724-2026-07-05,2026-07-05,Spacious Aquatheater Suite 1 Bedroom,5905
2025-11-22T22:09:05.857590,"https://www.royalcaribbean.com/gbr/en/cruises?search=departurePort:BCN,BYE,FLL,LAX,MIA,ROM,SIN,YOK|nights:6~8,9~11,gte12|ship:AL,AN,HM,IC,LE,OA,OV,OY,QN,ST,SY,UT,WN&country=IRL&market=gbr&language=en",https://www.royalcaribbean.com/gbr/en/cruises/itinerary/7-night-western-mediterranean-from-barcelona-on-harmony/HM07BCN-1230259724?sail-date=2026-07-12&currency=EUR&country=IRL,HM07BCN-1230259724,Western Mediterranean Cruise,7,Harmony of the Seas,HM,"Barcelona, Spain",BCN,"Barcelona, Spain - Palma de Mallorca, Spain - Florence/Pisa (La Spezia), Italy - Rome (Civitavecchia), Italy - Naples/Capri, Italy - Barcelona, Spain",HM07BCN-1230259724-2026-07-05,2026-07-05,Star Loft Suite,10969
2025-11-22T22:09:05.857590,"https://www.royalcaribbean.com/gbr/en/cruises?search=departurePort:BCN,BYE,FLL,LAX,MIA,ROM,SIN,YOK|nights:6~8,9~11,gte12|ship:AL,AN,HM,IC,LE,OA,OV,OY,QN,ST,SY,UT,WN&country=IRL&market=gbr&language=en",https://www.royalcaribbean.com/gbr/en/cruises/itinerary/7-night-western-mediterranean-from-barcelona-on-harmony/HM07BCN-1230259724?sail-date=2026-07-12&currency=EUR&country=IRL,HM07BCN-1230259724,Western Mediterranean Cruise,7,Harmony of the Seas,HM,"Barcelona, Spain",BCN,"Barcelona, Spain - Palma de Mallorca, Spain - Florence/Pisa (La Spezia), Italy - Rome (Civitavecchia), Italy - Naples/Capri, Italy - Barcelona, Spain",HM07BCN-1230259724-2026-07-05,2026-07-05,Ultimate Panoramic Suite,12481
2025-11-22T22:09:05.857590,"https://www.royalcaribbean.com/gbr/en/cruises?search=departurePort:BCN,BYE,FLL,LAX,MIA,ROM,SIN,YOK|nights:6~8,9~11,gte12|ship:AL,AN,HM,IC,LE,OA,OV,OY,QN,ST,SY,UT,WN&country=IRL&market=gbr&language=en",https://www.royalcaribbean.com/gbr/en/cruises/itinerary/7-night-western-mediterranean-from-barcelona-on-harmony/HM07BCN-1230259724?sail-date=2026-07-12&currency=EUR&country=IRL,HM07BCN-1230259724,Western Mediterranean Cruise,7,Harmony of the Seas,HM,"Barcelona, Spain",BCN,"Barcelona, Spain - Palma de Mallorca, Spain - Florence/Pisa (La Spezia), Italy - Rome (Civitavecchia), Italy - Naples/Capri, Italy - Barcelona, Spain",HM07BCN-1230259724-2026-07-19,2026-07-19,Interior,1089
2025-11-22T22:09:05.857590,"https://www.royalcaribbean.com/gbr/en/cruises?search=departurePort:BCN,BYE,FLL,LAX,MIA,ROM,SIN,YOK|nights:6~8,9~11,gte12|ship:AL,AN,HM,IC,LE,OA,OV,OY,QN,ST,SY,UT,WN&country=IRL&market=gbr&language=en",https://www.royalcaribbean.com/gbr/en/cruises/itinerary/7-night-western-mediterranean-from-barcelona-on-harmony/HM07BCN-1230259724?sail-date=2026-07-12&currency=EUR&country=IRL,HM07BCN-1230259724,Western Mediterranean Cruise,7,Harmony of the Seas,HM,"Barcelona, Spain",BCN,"Barcelona, Spain - Palma de Mallorca, Spain - Florence/Pisa (La Spezia), Italy - Rome (Civitavecchia), Italy - Naples/Capri, Italy - Barcelona, Spain",HM07BCN-1230259724-2026-07-19,2026-07-19,Ocean View,1265
2025-11-22T22:09:05.857590,"https://www.royalcaribbean.com/gbr/en/cruises?search=departurePort:BCN,BYE,FLL,LAX,MIA,ROM,SIN,YOK|nights:6~8,9~11,gte12|ship:AL,AN,HM,IC,LE,OA,OV,OY,QN,ST,SY,UT,WN&country=IRL&market=gbr&language=en",https://www.royalcaribbean.com/gbr/en/cruises/itinerary/7-night-western-mediterranean-from-barcelona-on-harmony/HM07BCN-1230259724?sail-date=2026-07-12&currency=EUR&country=IRL,HM07BCN-1230259724,Western Mediterranean Cruise,7,Harmony of the Seas,HM,"Barcelona, Spain",BCN,"Barcelona, Spain - Palma de Mallorca, Spain - Florence/Pisa (La Spezia), Italy - Rome (Civitavecchia), Italy - Naples/Capri, Italy - Barcelona, Spain",HM07BCN-1230259724-2026-07-19,2026-07-19,Balcony,1263
2025-11-22T22:09:05.857590,"https://www.royalcaribbean.com/gbr/en/cruises?search=departurePort:BCN,BYE,FLL,LAX,MIA,ROM,SIN,YOK|nights:6~8,9~11,gte12|ship:AL,AN,HM,IC,LE,OA,OV,OY,QN,ST,SY,UT,WN&country=IRL&market=gbr&language=en",https://www.royalcaribbean.com/gbr/en/cruises/itinerary/7-night-western-mediterranean-from-barcelona-on-harmony/HM07BCN-1230259724?sail-date=2026-07-12&currency=EUR&country=IRL,HM07BCN-1230259724,Western Mediterranean Cruise,7,Harmony of the Seas,HM,"Barcelona, Spain",BCN,"Barcelona, Spain - Palma de Mallorca, Spain - Florence/Pisa (La Spezia), Italy - Rome (Civitavecchia), Italy - Naples/Capri, Italy - Barcelona, Spain",HM07BCN-1230259724-2026-07-19,2026-07-19,Suite Guarantee,2595
2025-11-22T22:09:05.857590,"https://www.royalcaribbean.com/gbr/en/cruises?search=departurePort:BCN,BYE,FLL,LAX,MIA,ROM,SIN,YOK|nights:6~8,9~11,gte12|ship:AL,AN,HM,IC,LE,OA,OV,OY,QN,ST,SY,UT,WN&country=IRL&market=gbr&language=en",https://www.royalcaribbean.com/gbr/en/cruises/itinerary/7-night-western-mediterranean-from-barcelona-on-harmony/HM07BCN-1230259724?sail-date=2026-07-12&currency=EUR&country=IRL,HM07BCN-1230259724,Western Mediterranean Cruise,7,Harmony of the Seas,HM,"Barcelona, Spain",BCN,"Barcelona, Spain - Palma de Mallorca, Spain - Florence/Pisa (La Spezia), Italy - Rome (Civitavecchia), Italy - Naples/Capri, Italy - Barcelona, Spain",HM07BCN-1230259724-2026-07-19,2026-07-19,We Choose Your Suite,2586
2025-11-22T22:09:05.857590,"https://www.royalcaribbean.com/gbr/en/cruises?search=departurePort:BCN,BYE,FLL,LAX,MIA,ROM,SIN,YOK|nights:6~8,9~11,gte12|ship:AL,AN,HM,IC,LE,OA,OV,OY,QN,ST,SY,UT,WN&country=IRL&market=gbr&language=en",https://www.royalcaribbean.com/gbr/en/cruises/itinerary/7-night-western-mediterranean-from-barcelona-on-harmony/HM07BCN-1230259724?sail-date=2026-07-12&currency=EUR&country=IRL,HM07BCN-1230259724,Western Mediterranean Cruise,7,Harmony of the Seas,HM,"Barcelona, Spain",BCN,"Barcelona, Spain - Palma de Mallorca, Spain - Florence/Pisa (La Spezia), Italy - Rome (Civitavecchia), Italy - Naples/Capri, Italy - Barcelona, Spain",HM07BCN-1230259724-2026-07-19,2026-07-19,Junior Suite,2849
2025-11-22T22:09:05.857590,"https://www.royalcaribbean.com/gbr/en/cruises?search=departurePort:BCN,BYE,FLL,LAX,MIA,ROM,SIN,YOK|nights:6~8,9~11,gte12|ship:AL,AN,HM,IC,LE,OA,OV,OY,QN,ST,SY,UT,WN&country=IRL&market=gbr&language=en",https://www.royalcaribbean.com/gbr/en/cruises/itinerary/7-night-western-mediterranean-from-barcelona-on-harmony/HM07BCN-1230259724?sail-date=2026-07-12&currency=EUR&country=IRL,HM07BCN-1230259724,Western Mediterranean Cruise,7,Harmony of the Seas,HM,"Barcelona, Spain",BCN,"Barcelona, Spain - Palma de Mallorca, Spain - Florence/Pisa (La Spezia), Italy - Rome (Civitavecchia), Italy - Naples/Capri, Italy - Barcelona, Spain",HM07BCN-1230259724-2026-07-19,2026-07-19,Sky Junior Suite,3680
2025-11-22T22:09:05.857590,"https://www.royalcaribbean.com/gbr/en/cruises?search=departurePort:BCN,BYE,FLL,LAX,MIA,ROM,SIN,YOK|nights:6~8,9~11,gte12|ship:AL,AN,HM,IC,LE,OA,OV,OY,QN,ST,SY,UT,WN&country=IRL&market=gbr&language=en",https://www.royalcaribbean.com/gbr/en/cruises/itinerary/7-night-western-mediterranean-from-barcelona-on-harmony/HM07BCN-1230259724?sail-date=2026-07-12&currency=EUR&country=IRL,HM07BCN-1230259724,Western Mediterranean Cruise,7,Harmony of the Seas,HM,"Barcelona, Spain",BCN,"Barcelona, Spain - Palma de Mallorca, Spain - Florence/Pisa (La Spezia), Italy - Rome (Civitavecchia), Italy - Naples/Capri, Italy - Barcelona, Spain",HM07BCN-1230259724-2026-07-19,2026-07-19,Ocean View Panoramic Suite No Balcony,4155
2025-11-22T22:09:05.857590,"https://www.royalcaribbean.com/gbr/en/cruises?search=departurePort:BCN,BYE,FLL,LAX,MIA,ROM,SIN,YOK|nights:6~8,9~11,gte12|ship:AL,AN,HM,IC,LE,OA,OV,OY,QN,ST,SY,UT,WN&country=IRL&market=gbr&language=en",https://www.royalcaribbean.com/gbr/en/cruises/itinerary/7-night-western-mediterranean-from-barcelona-on-harmony/HM07BCN-1230259724?sail-date=2026-07-12&currency=EUR&country=IRL,HM07BCN-1230259724,Western Mediterranean Cruise,7,Harmony of the Seas,HM,"Barcelona, Spain",BCN,"Barcelona, Spain - Palma de Mallorca, Spain - Florence/Pisa (La Spezia), Italy - Rome (Civitavecchia), Italy - Naples/Capri, Italy - Barcelona, Spain",HM07BCN-1230259724-2026-07-19,2026-07-19,Grand Suite 1 Bedroom,4323
2025-11-22T22:09:05.857590,"https://www.royalcaribbean.com/gbr/en/cruises?search=departurePort:BCN,BYE,FLL,LAX,MIA,ROM,SIN,YOK|nights:6~8,9~11,gte12|ship:AL,AN,HM,IC,LE,OA,OV,OY,QN,ST,SY,UT,WN&country=IRL&market=gbr&language=en",https://www.royalcaribbean.com/gbr/en/cruises/itinerary/7-night-western-mediterranean-from-barcelona-on-harmony/HM07BCN-1230259724?sail-date=2026-07-12&currency=EUR&country=IRL,HM07BCN-1230259724,Western Mediterranean Cruise,7,Harmony of the Seas,HM,"Barcelona, Spain",BCN,"Barcelona, Spain - Palma de Mallorca, Spain - Florence/Pisa (La Spezia), Italy - Rome (Civitavecchia), Italy - Naples/Capri, Italy - Barcelona, Spain",HM07BCN-1230259724-2026-07-19,2026-07-19,Crown Loft Suite,4806
2025-11-22T22:09:05.857590,"https://www.royalcaribbean.com/gbr/en/cruises?search=departurePort:BCN,BYE,FLL,LAX,MIA,ROM,SIN,YOK|nights:6~8,9~11,gte12|ship:AL,AN,HM,IC,LE,OA,OV,OY,QN,ST,SY,UT,WN&country=IRL&market=gbr&language=en",https://www.royalcaribbean.com/gbr/en/cruises/itinerary/7-night-western-mediterranean-from-barcelona-on-harmony/HM07BCN-1230259724?sail-date=2026-07-12&currency=EUR&country=IRL,HM07BCN-1230259724,Western Mediterranean Cruise,7,Harmony of the Seas,HM,"Barcelona, Spain",BCN,"Barcelona, Spain - Palma de Mallorca, Spain - Florence/Pisa (La Spezia), Italy - Rome (Civitavecchia), Italy - Naples/Capri, Italy - Barcelona, Spain",HM07BCN-1230259724-2026-07-19,2026-07-19,Owners Suite 1 Bedroom,5093
2025-11-22T22:09:05.857590,"https://www.royalcaribbean.com/gbr/en/cruises?search=departurePort:BCN,BYE,FLL,LAX,MIA,ROM,SIN,YOK|nights:6~8,9~11,gte12|ship:AL,AN,HM,IC,LE,OA,OV,OY,QN,ST,SY,UT,WN&country=IRL&market=gbr&language=en",https://www.royalcaribbean.com/gbr/en/cruises/itinerary/7-night-western-mediterranean-from-barcelona-on-harmony/HM07BCN-1230259724?sail-date=2026-07-12&currency=EUR&country=IRL,HM07BCN-1230259724,Western Mediterranean Cruise,7,Harmony of the Seas,HM,"Barcelona, Spain",BCN,"Barcelona, Spain - Palma de Mallorca, Spain - Florence/Pisa (La Spezia), Italy - Rome (Civitavecchia), Italy - Naples/Capri, Italy - Barcelona, Spain",HM07BCN-1230259724-2026-07-19,2026-07-19,Spacious Aquatheater Suite 1 Bedroom,5905
2025-11-22T22:09:05.857590,"https://www.royalcaribbean.com/gbr/en/cruises?search=departurePort:BCN,BYE,FLL,LAX,MIA,ROM,SIN,YOK|nights:6~8,9~11,gte12|ship:AL,AN,HM,IC,LE,OA,OV,OY,QN,ST,SY,UT,WN&country=IRL&market=gbr&language=en",https://www.royalcaribbean.com/gbr/en/cruises/itinerary/7-night-western-mediterranean-from-barcelona-on-harmony/HM07BCN-1230259724?sail-date=2026-07-12&currency=EUR&country=IRL,HM07BCN-1230259724,Western Mediterranean Cruise,7,Harmony of the Seas,HM,"Barcelona, Spain",BCN,"Barcelona, Spain - Palma de Mallorca, Spain - Florence/Pisa (La Spezia), Italy - Rome (Civitavecchia), Italy - Naples/Capri, Italy - Barcelona, Spain",HM07BCN-1230259724-2026-07-19,2026-07-19,Star Loft Suite,10969
2025-11-22T22:09:05.857590,"https://www.royalcaribbean.com/gbr/en/cruises?search=departurePort:BCN,BYE,FLL,LAX,MIA,ROM,SIN,YOK|nights:6~8,9~11,gte12|ship:AL,AN,HM,IC,LE,OA,OV,OY,QN,ST,SY,UT,WN&country=IRL&market=gbr&language=en",https://www.royalcaribbean.com/gbr/en/cruises/itinerary/7-night-western-mediterranean-from-barcelona-on-harmony/HM07BCN-1230259724?sail-date=2026-07-12&currency=EUR&country=IRL,HM07BCN-1230259724,Western Mediterranean Cruise,7,Harmony of the Seas,HM,"Barcelona, Spain",BCN,"Barcelona, Spain - Palma de Mallorca, Spain - Florence/Pisa (La Spezia), Italy - Rome (Civitavecchia), Italy - Naples/Capri, Italy - Barcelona, Spain",HM07BCN-1230259724-2026-07-19,2026-07-19,Ultimate Panoramic Suite,12481
2025-11-22T22:09:05.857590,"https://www.royalcaribbean.com/gbr/en/cruises?search=departurePort:BCN,BYE,FLL,LAX,MIA,ROM,SIN,YOK|nights:6~8,9~11,gte12|ship:AL,AN,HM,IC,LE,OA,OV,OY,QN,ST,SY,UT,WN&country=IRL&market=gbr&language=en",https://www.royalcaribbean.com/gbr/en/cruises/itinerary/7-night-perfect-day-bahamas-from-cape-on-odyssey/OY07BYE-3974839358?sail-date=2025-11-30&currency=EUR&country=IRL,OY07BYE-3974839358,Perfect Day Bahamas Cruise,7,Odyssey of the Seas,OY,"Cape Liberty (New York), New Jersey",BYE,"Cape Liberty (New York), New Jersey - Orlando (Port Canaveral), Florida - Perfect Day at CocoCay, Bahamas - Nassau, Bahamas - Cape Liberty (New York), New Jersey",OY07BYE-3974839358-2025-11-30,2025-11-30,Interior,738
2025-11-22T22:09:05.857590,"https://www.royalcaribbean.com/gbr/en/cruises?search=departurePort:BCN,BYE,FLL,LAX,MIA,ROM,SIN,YOK|nights:6~8,9~11,gte12|ship:AL,AN,HM,IC,LE,OA,OV,OY,QN,ST,SY,UT,WN&country=IRL&market=gbr&language=en",https://www.royalcaribbean.com/gbr/en/cruises/itinerary/7-night-perfect-day-bahamas-from-cape-on-odyssey/OY07BYE-3974839358?sail-date=2025-11-30&currency=EUR&country=IRL,OY07BYE-3974839358,Perfect Day Bahamas Cruise,7,Odyssey of the Seas,OY,"Cape Liberty (New York), New Jersey",BYE,"Cape Liberty (New York), New Jersey - Orlando (Port Canaveral), Florida - Perfect Day at CocoCay, Bahamas - Nassau, Bahamas - Cape Liberty (New York), New Jersey",OY07BYE-3974839358-2025-11-30,2025-11-30,Ocean View,1090
2025-11-22T22:09:05.857590,"https://www.royalcaribbean.com/gbr/en/cruises?search=departurePort:BCN,BYE,FLL,LAX,MIA,ROM,SIN,YOK|nights:6~8,9~11,gte12|ship:AL,AN,HM,IC,LE,OA,OV,OY,QN,ST,SY,UT,WN&country=IRL&market=gbr&language=en",https://www.royalcaribbean.com/gbr/en/cruises/itinerary/7-night-perfect-day-bahamas-from-cape-on-odyssey/OY07BYE-3974839358?sail-date=2025-11-30&currency=EUR&country=IRL,OY07BYE-3974839358,Perfect Day Bahamas Cruise,7,Odyssey of the Seas,OY,"Cape Liberty (New York), New Jersey",BYE,"Cape Liberty (New York), New Jersey - Orlando (Port Canaveral), Florida - Perfect Day at CocoCay, Bahamas - Nassau, Bahamas - Cape Liberty (New York), New Jersey",OY07BYE-3974839358-2025-11-30,2025-11-30,Balcony,1203
2025-11-22T22:09:05.857590,"https://www.royalcaribbean.com/gbr/en/cruises?search=departurePort:BCN,BYE,FLL,LAX,MIA,ROM,SIN,YOK|nights:6~8,9~11,gte12|ship:AL,AN,HM,IC,LE,OA,OV,OY,QN,ST,SY,UT,WN&country=IRL&market=gbr&language=en",https://www.royalcaribbean.com/gbr/en/cruises/itinerary/7-night-perfect-day-bahamas-from-cape-on-odyssey/OY07BYE-3974839358?sail-date=2025-11-30&currency=EUR&country=IRL,OY07BYE-3974839358,Perfect Day Bahamas Cruise,7,Odyssey of the Seas,OY,"Cape Liberty (New York), New Jersey",BYE,"Cape Liberty (New York), New Jersey - Orlando (Port Canaveral), Florida - Perfect Day at CocoCay, Bahamas - Nassau, Bahamas - Cape Liberty (New York), New Jersey",OY07BYE-3974839358-2025-11-30,2025-11-30,Interior,738
2025-11-22T22:09:05.857590,"https://www.royalcaribbean.com/gbr/en/cruises?search=departurePort:BCN,BYE,FLL,LAX,MIA,ROM,SIN,YOK|nights:6~8,9~11,gte12|ship:AL,AN,HM,IC,LE,OA,OV,OY,QN,ST,SY,UT,WN&country=IRL&market=gbr&language=en",https://www.royalcaribbean.com/gbr/en/cruises/itinerary/7-night-perfect-day-bahamas-from-cape-on-odyssey/OY07BYE-3974839358?sail-date=2025-11-30&currency=EUR&country=IRL,OY07BYE-3974839358,Perfect Day Bahamas Cruise,7,Odyssey of the Seas,OY,"Cape Liberty (New York), New Jersey",BYE,"Cape Liberty (New York), New Jersey - Orlando (Port Canaveral), Florida - Perfect Day at CocoCay, Bahamas - Nassau, Bahamas - Cape Liberty (New York), New Jersey",OY07BYE-3974839358-2025-11-30,2025-11-30,Ocean View,1090
2025-11-22T22:09:05.857590,"https://www.royalcaribbean.com/gbr/en/cruises?search=departurePort:BCN,BYE,FLL,LAX,MIA,ROM,SIN,YOK|nights:6~8,9~11,gte12|ship:AL,AN,HM,IC,LE,OA,OV,OY,QN,ST,SY,UT,WN&country=IRL&market=gbr&language=en",https://www.royalcaribbean.com/gbr/en/cruises/itinerary/7-night-perfect-day-bahamas-from-cape-on-odyssey/OY07BYE-3974839358?sail-date=2025-11-30&currency=EUR&country=IRL,OY07BYE-3974839358,Perfect Day Bahamas Cruise,7,Odyssey of the Seas,OY,"Cape Liberty (New York), New Jersey",BYE,"Cape Liberty (New York), New Jersey - Orlando (Port Canaveral), Florida - Perfect Day at CocoCay, Bahamas - Nassau, Bahamas - Cape Liberty (New York), New Jersey",OY07BYE-3974839358-2025-11-30,2025-11-30,Balcony,1203
2025-11-22T22:09:05.857590,"https://www.royalcaribbean.com/gbr/en/cruises?search=departurePort:BCN,BYE,FLL,LAX,MIA,ROM,SIN,YOK|nights:6~8,9~11,gte12|ship:AL,AN,HM,IC,LE,OA,OV,OY,QN,ST,SY,UT,WN&country=IRL&market=gbr&language=en",https://www.royalcaribbean.com/gbr/en/cruises/itinerary/7-night-perfect-day-bahamas-from-cape-on-odyssey/OY07BYE-3974839358?sail-date=2025-11-30&currency=EUR&country=IRL,OY07BYE-3974839358,Perfect Day Bahamas Cruise,7,Odyssey of the Seas,OY,"Cape Liberty (New York), New Jersey",BYE,"Cape Liberty (New York), New Jersey - Orlando (Port Canaveral), Florida - Perfect Day at CocoCay, Bahamas - Nassau, Bahamas - Cape Liberty (New York), New Jersey",OY07BYE-3974839358-2025-12-07,2025-12-07,Interior,870
2025-11-22T22:09:05.857590,"https://www.royalcaribbean.com/gbr/en/cruises?search=departurePort:BCN,BYE,FLL,LAX,MIA,ROM,SIN,YOK|nights:6~8,9~11,gte12|ship:AL,AN,HM,IC,LE,OA,OV,OY,QN,ST,SY,UT,WN&country=IRL&market=gbr&language=en",https://www.royalcaribbean.com/gbr/en/cruises/itinerary/7-night-perfect-day-bahamas-from-cape-on-odyssey/OY07BYE-3974839358?sail-date=2025-11-30&currency=EUR&country=IRL,OY07BYE-3974839358,Perfect Day Bahamas Cruise,7,Odyssey of the Seas,OY,"Cape Liberty (New York), New Jersey",BYE,"Cape Liberty (New York), New Jersey - Orlando (Port Canaveral), Florida - Perfect Day at CocoCay, Bahamas - Nassau, Bahamas - Cape Liberty (New York), New Jersey",OY07BYE-3974839358-2025-12-07,2025-12-07,Ocean View,1167
2025-11-22T22:09:05.857590,"https://www.royalcaribbean.com/gbr/en/cruises?search=departurePort:BCN,BYE,FLL,LAX,MIA,ROM,SIN,YOK|nights:6~8,9~11,gte12|ship:AL,AN,HM,IC,LE,OA,OV,OY,QN,ST,SY,UT,WN&country=IRL&market=gbr&language=en",https://www.royalcaribbean.com/gbr/en/cruises/itinerary/7-night-perfect-day-bahamas-from-cape-on-odyssey/OY07BYE-3974839358?sail-date=2025-11-30&currency=EUR&country=IRL,OY07BYE-3974839358,Perfect Day Bahamas Cruise,7,Odyssey of the Seas,OY,"Cape Liberty (New York), New Jersey",BYE,"Cape Liberty (New York), New Jersey - Orlando (Port Canaveral), Florida - Perfect Day at CocoCay, Bahamas - Nassau, Bahamas - Cape Liberty (New York), New Jersey",OY07BYE-3974839358-2025-12-07,2025-12-07,Balcony,1242
2025-11-22T22:09:05.857590,"https://www.royalcaribbean.com/gbr/en/cruises?search=departurePort:BCN,BYE,FLL,LAX,MIA,ROM,SIN,YOK|nights:6~8,9~11,gte12|ship:AL,AN,HM,IC,LE,OA,OV,OY,QN,ST,SY,UT,WN&country=IRL&market=gbr&language=en",https://www.royalcaribbean.com/gbr/en/cruises/itinerary/7-night-perfect-day-bahamas-from-cape-on-odyssey/OY07BYE-3974839358?sail-date=2025-11-30&currency=EUR&country=IRL,OY07BYE-3974839358,Perfect Day Bahamas Cruise,7,Odyssey of the Seas,OY,"Cape Liberty (New York), New Jersey",BYE,"Cape Liberty (New York), New Jersey - Orlando (Port Canaveral), Florida - Perfect Day at CocoCay, Bahamas - Nassau, Bahamas - Cape Liberty (New York), New Jersey",OY07BYE-3974839358-2025-12-14,2025-12-14,Interior,869
2025-11-22T22:09:05.857590,"https://www.royalcaribbean.com/gbr/en/cruises?search=departurePort:BCN,BYE,FLL,LAX,MIA,ROM,SIN,YOK|nights:6~8,9~11,gte12|ship:AL,AN,HM,IC,LE,OA,OV,OY,QN,ST,SY,UT,WN&country=IRL&market=gbr&language=en",https://www.royalcaribbean.com/gbr/en/cruises/itinerary/7-night-perfect-day-bahamas-from-cape-on-odyssey/OY07BYE-3974839358?sail-date=2025-11-30&currency=EUR&country=IRL,OY07BYE-3974839358,Perfect Day Bahamas Cruise,7,Odyssey of the Seas,OY,"Cape Liberty (New York), New Jersey",BYE,"Cape Liberty (New York), New Jersey - Orlando (Port Canaveral), Florida - Perfect Day at CocoCay, Bahamas - Nassau, Bahamas - Cape Liberty (New York), New Jersey",OY07BYE-3974839358-2025-12-14,2025-12-14,Balcony,1154
2025-11-22T22:09:05.857590,"https://www.royalcaribbean.com/gbr/en/cruises?search=departurePort:BCN,BYE,FLL,LAX,MIA,ROM,SIN,YOK|nights:6~8,9~11,gte12|ship:AL,AN,HM,IC,LE,OA,OV,OY,QN,ST,SY,UT,WN&country=IRL&market=gbr&language=en",https://www.royalcaribbean.com/gbr/en/cruises/itinerary/7-night-perfect-day-bahamas-from-cape-on-odyssey/OY07BYE-3974839358?sail-date=2025-11-30&currency=EUR&country=IRL,OY07BYE-3974839358,Perfect Day Bahamas Cruise,7,Odyssey of the Seas,OY,"Cape Liberty (New York), New Jersey",BYE,"Cape Liberty (New York), New Jersey - Orlando (Port Canaveral), Florida - Perfect Day at CocoCay, Bahamas - Nassau, Bahamas - Cape Liberty (New York), New Jersey",OY07BYE-3974839358-2025-12-14,2025-12-14,Suite,2163
2025-11-22T22:09:05.857590,"https://www.royalcaribbean.com/gbr/en/cruises?search=departurePort:BCN,BYE,FLL,LAX,MIA,ROM,SIN,YOK|nights:6~8,9~11,gte12|ship:AL,AN,HM,IC,LE,OA,OV,OY,QN,ST,SY,UT,WN&country=IRL&market=gbr&language=en",https://www.royalcaribbean.com/gbr/en/cruises/itinerary/7-night-perfect-day-bahamas-from-cape-on-odyssey/OY07BYE-3974839358?sail-date=2025-11-30&currency=EUR&country=IRL,OY07BYE-3974839358,Perfect Day Bahamas Cruise,7,Odyssey of the Seas,OY,"Cape Liberty (New York), New Jersey",BYE,"Cape Liberty (New York), New Jersey - Orlando (Port Canaveral), Florida - Perfect Day at CocoCay, Bahamas - Nassau, Bahamas - Cape Liberty (New York), New Jersey",OY07BYE-3974839358-2025-12-21,2025-12-21,Interior,1360
2025-11-22T22:09:05.857590,"https://www.royalcaribbean.com/gbr/en/cruises?search=departurePort:BCN,BYE,FLL,LAX,MIA,ROM,SIN,YOK|nights:6~8,9~11,gte12|ship:AL,AN,HM,IC,LE,OA,OV,OY,QN,ST,SY,UT,WN&country=IRL&market=gbr&language=en",https://www.royalcaribbean.com/gbr/en/cruises/itinerary/7-night-perfect-day-bahamas-from-cape-on-oasis/OA07BYE-1123910495?sail-date=2026-05-08&currency=EUR&country=IRL,OA07BYE-1123910495,Perfect Day Bahamas Cruise,7,Oasis of the Seas,OA,"Cape Liberty (New York), New Jersey",BYE,"Cape Liberty (New York), New Jersey - Nassau, Bahamas - Perfect Day at CocoCay, Bahamas - Cape Liberty (New York), New Jersey",OA07BYE-1123910495-2026-05-08,2026-05-08,Interior,711
2025-11-22T22:09:05.857590,"https://www.royalcaribbean.com/gbr/en/cruises?search=departurePort:BCN,BYE,FLL,LAX,MIA,ROM,SIN,YOK|nights:6~8,9~11,gte12|ship:AL,AN,HM,IC,LE,OA,OV,OY,QN,ST,SY,UT,WN&country=IRL&market=gbr&language=en",https://www.royalcaribbean.com/gbr/en/cruises/itinerary/7-night-perfect-day-bahamas-from-cape-on-oasis/OA07BYE-1123910495?sail-date=2026-05-08&currency=EUR&country=IRL,OA07BYE-1123910495,Perfect Day Bahamas Cruise,7,Oasis of the Seas,OA,"Cape Liberty (New York), New Jersey",BYE,"Cape Liberty (New York), New Jersey - Nassau, Bahamas - Perfect Day at CocoCay, Bahamas - Cape Liberty (New York), New Jersey",OA07BYE-1123910495-2026-05-08,2026-05-08,Ocean View,814
2025-11-22T22:09:05.857590,"https://www.royalcaribbean.com/gbr/en/cruises?search=departurePort:BCN,BYE,FLL,LAX,MIA,ROM,SIN,YOK|nights:6~8,9~11,gte12|ship:AL,AN,HM,IC,LE,OA,OV,OY,QN,ST,SY,UT,WN&country=IRL&market=gbr&language=en",https://www.royalcaribbean.com/gbr/en/cruises/itinerary/7-night-perfect-day-bahamas-from-cape-on-oasis/OA07BYE-1123910495?sail-date=2026-05-08&currency=EUR&country=IRL,OA07BYE-1123910495,Perfect Day Bahamas Cruise,7,Oasis of the Seas,OA,"Cape Liberty (New York), New Jersey",BYE,"Cape Liberty (New York), New Jersey - Nassau, Bahamas - Perfect Day at CocoCay, Bahamas - Cape Liberty (New York), New Jersey",OA07BYE-1123910495-2026-05-08,2026-05-08,Balcony,981
2025-11-22T22:09:05.857590,"https://www.royalcaribbean.com/gbr/en/cruises?search=departurePort:BCN,BYE,FLL,LAX,MIA,ROM,SIN,YOK|nights:6~8,9~11,gte12|ship:AL,AN,HM,IC,LE,OA,OV,OY,QN,ST,SY,UT,WN&country=IRL&market=gbr&language=en",https://www.royalcaribbean.com/gbr/en/cruises/itinerary/7-night-perfect-day-bahamas-from-cape-on-oasis/OA07BYE-1123910495?sail-date=2026-05-08&currency=EUR&country=IRL,OA07BYE-1123910495,Perfect Day Bahamas Cruise,7,Oasis of the Seas,OA,"Cape Liberty (New York), New Jersey",BYE,"Cape Liberty (New York), New Jersey - Nassau, Bahamas - Perfect Day at CocoCay, Bahamas - Cape Liberty (New York), New Jersey",OA07BYE-1123910495-2026-05-08,2026-05-08,Suite Guarantee,1597
2025-11-22T22:09:05.857590,"https://www.royalcaribbean.com/gbr/en/cruises?search=departurePort:BCN,BYE,FLL,LAX,MIA,ROM,SIN,YOK|nights:6~8,9~11,gte12|ship:AL,AN,HM,IC,LE,OA,OV,OY,QN,ST,SY,UT,WN&country=IRL&market=gbr&language=en",https://www.royalcaribbean.com/gbr/en/cruises/itinerary/7-night-perfect-day-bahamas-from-cape-on-oasis/OA07BYE-1123910495?sail-date=2026-05-08&currency=EUR&country=IRL,OA07BYE-1123910495,Perfect Day Bahamas Cruise,7,Oasis of the Seas,OA,"Cape Liberty (New York), New Jersey",BYE,"Cape Liberty (New York), New Jersey - Nassau, Bahamas - Perfect Day at CocoCay, Bahamas - Cape Liberty (New York), New Jersey",OA07BYE-1123910495-2026-05-08,2026-05-08,We Choose Your Suite,1597
2025-11-22T22:09:05.857590,"https://www.royalcaribbean.com/gbr/en/cruises?search=departurePort:BCN,BYE,FLL,LAX,MIA,ROM,SIN,YOK|nights:6~8,9~11,gte12|ship:AL,AN,HM,IC,LE,OA,OV,OY,QN,ST,SY,UT,WN&country=IRL&market=gbr&language=en",https://www.royalcaribbean.com/gbr/en/cruises/itinerary/7-night-perfect-day-bahamas-from-cape-on-oasis/OA07BYE-1123910495?sail-date=2026-05-08&currency=EUR&country=IRL,OA07BYE-1123910495,Perfect Day Bahamas Cruise,7,Oasis of the Seas,OA,"Cape Liberty (New York), New Jersey",BYE,"Cape Liberty (New York), New Jersey - Nassau, Bahamas - Perfect Day at CocoCay, Bahamas - Cape Liberty (New York), New Jersey",OA07BYE-1123910495-2026-05-08,2026-05-08,Junior Suite,2117
2025-11-22T22:09:05.857590,"https://www.royalcaribbean.com/gbr/en/cruises?search=departurePort:BCN,BYE,FLL,LAX,MIA,ROM,SIN,YOK|nights:6~8,9~11,gte12|ship:AL,AN,HM,IC,LE,OA,OV,OY,QN,ST,SY,UT,WN&country=IRL&market=gbr&language=en",https://www.royalcaribbean.com/gbr/en/cruises/itinerary/7-night-perfect-day-bahamas-from-cape-on-oasis/OA07BYE-1123910495?sail-date=2026-05-08&currency=EUR&country=IRL,OA07BYE-1123910495,Perfect Day Bahamas Cruise,7,Oasis of the Seas,OA,"Cape Liberty (New York), New Jersey",BYE,"Cape Liberty (New York), New Jersey - Nassau, Bahamas - Perfect Day at CocoCay, Bahamas - Cape Liberty (New York), New Jersey",OA07BYE-1123910495-2026-05-08,2026-05-08,Sky Junior Suite,2217
2025-11-22T22:09:05.857590,"https://www.royalcaribbean.com/gbr/en/cruises?search=departurePort:BCN,BYE,FLL,LAX,MIA,ROM,SIN,YOK|nights:6~8,9~11,gte12|ship:AL,AN,HM,IC,LE,OA,OV,OY,QN,ST,SY,UT,WN&country=IRL&market=gbr&language=en",https://www.royalcaribbean.com/gbr/en/cruises/itinerary/7-night-perfect-day-bahamas-from-cape-on-oasis/OA07BYE-1123910495?sail-date=2026-05-08&currency=EUR&country=IRL,OA07BYE-1123910495,Perfect Day Bahamas Cruise,7,Oasis of the Seas,OA,"Cape Liberty (New York), New Jersey",BYE,"Cape Liberty (New York), New Jersey - Nassau, Bahamas - Perfect Day at CocoCay, Bahamas - Cape Liberty (New York), New Jersey",OA07BYE-1123910495-2026-05-08,2026-05-08,Grand Suite 1 Bedroom,2588
2025-11-22T22:09:05.857590,"https://www.royalcaribbean.com/gbr/en/cruises?search=departurePort:BCN,BYE,FLL,LAX,MIA,ROM,SIN,YOK|nights:6~8,9~11,gte12|ship:AL,AN,HM,IC,LE,OA,OV,OY,QN,ST,SY,UT,WN&country=IRL&market=gbr&language=en",https://www.royalcaribbean.com/gbr/en/cruises/itinerary/7-night-perfect-day-bahamas-from-cape-on-oasis/OA07BYE-1123910495?sail-date=2026-05-08&currency=EUR&country=IRL,OA07BYE-1123910495,Perfect Day Bahamas Cruise,7,Oasis of the Seas,OA,"Cape Liberty (New York), New Jersey",BYE,"Cape Liberty (New York), New Jersey - Nassau, Bahamas - Perfect Day at CocoCay, Bahamas - Cape Liberty (New York), New Jersey",OA07BYE-1123910495-2026-05-08,2026-05-08,Crown Loft Suite,3090
2025-11-22T22:09:05.857590,"https://www.royalcaribbean.com/gbr/en/cruises?search=departurePort:BCN,BYE,FLL,LAX,MIA,ROM,SIN,YOK|nights:6~8,9~11,gte12|ship:AL,AN,HM,IC,LE,OA,OV,OY,QN,ST,SY,UT,WN&country=IRL&market=gbr&language=en",https://www.royalcaribbean.com/gbr/en/cruises/itinerary/7-night-perfect-day-bahamas-from-cape-on-oasis/OA07BYE-1123910495?sail-date=2026-05-08&currency=EUR&country=IRL,OA07BYE-1123910495,Perfect Day Bahamas Cruise,7,Oasis of the Seas,OA,"Cape Liberty (New York), New Jersey",BYE,"Cape Liberty (New York), New Jersey - Nassau, Bahamas - Perfect Day at CocoCay, Bahamas - Cape Liberty (New York), New Jersey",OA07BYE-1123910495-2026-05-08,2026-05-08,Aquatheater Suite 1 Bedroom,3129
2025-11-22T22:09:05.857590,"https://www.royalcaribbean.com/gbr/en/cruises?search=departurePort:BCN,BYE,FLL,LAX,MIA,ROM,SIN,YOK|nights:6~8,9~11,gte12|ship:AL,AN,HM,IC,LE,OA,OV,OY,QN,ST,SY,UT,WN&country=IRL&market=gbr&language=en",https://www.royalcaribbean.com/gbr/en/cruises/itinerary/7-night-perfect-day-bahamas-from-cape-on-oasis/OA07BYE-1123910495?sail-date=2026-05-08&currency=EUR&country=IRL,OA07BYE-1123910495,Perfect Day Bahamas Cruise,7,Oasis of the Seas,OA,"Cape Liberty (New York), New Jersey",BYE,"Cape Liberty (New York), New Jersey - Nassau, Bahamas - Perfect Day at CocoCay, Bahamas - Cape Liberty (New York), New Jersey",OA07BYE-1123910495-2026-05-08,2026-05-08,Owners Suite 1 Bedroom,3242
2025-11-22T22:09:05.857590,"https://www.royalcaribbean.com/gbr/en/cruises?search=departurePort:BCN,BYE,FLL,LAX,MIA,ROM,SIN,YOK|nights:6~8,9~11,gte12|ship:AL,AN,HM,IC,LE,OA,OV,OY,QN,ST,SY,UT,WN&country=IRL&market=gbr&language=en",https://www.royalcaribbean.com/gbr/en/cruises/itinerary/7-night-perfect-day-bahamas-from-cape-on-oasis/OA07BYE-1123910495?sail-date=2026-05-08&currency=EUR&country=IRL,OA07BYE-1123910495,Perfect Day Bahamas Cruise,7,Oasis of the Seas,OA,"Cape Liberty (New York), New Jersey",BYE,"Cape Liberty (New York), New Jersey - Nassau, Bahamas - Perfect Day at CocoCay, Bahamas - Cape Liberty (New York), New Jersey",OA07BYE-1123910495-2026-05-08,2026-05-08,Ultimate Panoramic Suite,5404
2025-11-22T22:09:05.857590,"https://www.royalcaribbean.com/gbr/en/cruises?search=departurePort:BCN,BYE,FLL,LAX,MIA,ROM,SIN,YOK|nights:6~8,9~11,gte12|ship:AL,AN,HM,IC,LE,OA,OV,OY,QN,ST,SY,UT,WN&country=IRL&market=gbr&language=en",https://www.royalcaribbean.com/gbr/en/cruises/itinerary/7-night-perfect-day-bahamas-from-cape-on-oasis/OA07BYE-1123910495?sail-date=2026-05-08&currency=EUR&country=IRL,OA07BYE-1123910495,Perfect Day Bahamas Cruise,7,Oasis of the Seas,OA,"Cape Liberty (New York), New Jersey",BYE,"Cape Liberty (New York), New Jersey - Nassau, Bahamas - Perfect Day at CocoCay, Bahamas - Cape Liberty (New York), New Jersey",OA07BYE-1123910495-2026-05-08,2026-05-08,Star Loft Suite,6731
2025-11-22T22:09:05.857590,"https://www.royalcaribbean.com/gbr/en/cruises?search=departurePort:BCN,BYE,FLL,LAX,MIA,ROM,SIN,YOK|nights:6~8,9~11,gte12|ship:AL,AN,HM,IC,LE,OA,OV,OY,QN,ST,SY,UT,WN&country=IRL&market=gbr&language=en",https://www.royalcaribbean.com/gbr/en/cruises/itinerary/7-night-perfect-day-bahamas-from-cape-on-oasis/OA07BYE-1123910495?sail-date=2026-05-08&currency=EUR&country=IRL,OA07BYE-1123910495,Perfect Day Bahamas Cruise,7,Oasis of the Seas,OA,"Cape Liberty (New York), New Jersey",BYE,"Cape Liberty (New York), New Jersey - Nassau, Bahamas - Perfect Day at CocoCay, Bahamas - Cape Liberty (New York), New Jersey",OA07BYE-1123910495-2026-05-15,2026-05-15,Interior,779
2025-11-22T22:09:05.857590,"https://www.royalcaribbean.com/gbr/en/cruises?search=departurePort:BCN,BYE,FLL,LAX,MIA,ROM,SIN,YOK|nights:6~8,9~11,gte12|ship:AL,AN,HM,IC,LE,OA,OV,OY,QN,ST,SY,UT,WN&country=IRL&market=gbr&language=en",https://www.royalcaribbean.com/gbr/en/cruises/itinerary/7-night-perfect-day-bahamas-from-cape-on-oasis/OA07BYE-1123910495?sail-date=2026-05-08&currency=EUR&country=IRL,OA07BYE-1123910495,Perfect Day Bahamas Cruise,7,Oasis of the Seas,OA,"Cape Liberty (New York), New Jersey",BYE,"Cape Liberty (New York), New Jersey - Nassau, Bahamas - Perfect Day at CocoCay, Bahamas - Cape Liberty (New York), New Jersey",OA07BYE-1123910495-2026-05-15,2026-05-15,Ocean View,848
2025-11-22T22:09:05.857590,"https://www.royalcaribbean.com/gbr/en/cruises?search=departurePort:BCN,BYE,FLL,LAX,MIA,ROM,SIN,YOK|nights:6~8,9~11,gte12|ship:AL,AN,HM,IC,LE,OA,OV,OY,QN,ST,SY,UT,WN&country=IRL&market=gbr&language=en",https://www.royalcaribbean.com/gbr/en/cruises/itinerary/7-night-perfect-day-bahamas-from-cape-on-oasis/OA07BYE-1123910495?sail-date=2026-05-08&currency=EUR&country=IRL,OA07BYE-1123910495,Perfect Day Bahamas Cruise,7,Oasis of the Seas,OA,"Cape Liberty (New York), New Jersey",BYE,"Cape Liberty (New York), New Jersey - Nassau, Bahamas - Perfect Day at CocoCay, Bahamas - Cape Liberty (New York), New Jersey",OA07BYE-1123910495-2026-05-15,2026-05-15,Balcony,969
2025-11-22T22:09:05.857590,"https://www.royalcaribbean.com/gbr/en/cruises?search=departurePort:BCN,BYE,FLL,LAX,MIA,ROM,SIN,YOK|nights:6~8,9~11,gte12|ship:AL,AN,HM,IC,LE,OA,OV,OY,QN,ST,SY,UT,WN&country=IRL&market=gbr&language=en",https://www.royalcaribbean.com/gbr/en/cruises/itinerary/7-night-perfect-day-bahamas-from-cape-on-oasis/OA07BYE-1123910495?sail-date=2026-05-08&currency=EUR&country=IRL,OA07BYE-1123910495,Perfect Day Bahamas Cruise,7,Oasis of the Seas,OA,"Cape Liberty (New York), New Jersey",BYE,"Cape Liberty (New York), New Jersey - Nassau, Bahamas - Perfect Day at CocoCay, Bahamas - Cape Liberty (New York), New Jersey",OA07BYE-1123910495-2026-05-15,2026-05-15,Suite Guarantee,1674
2025-11-22T22:09:05.857590,"https://www.royalcaribbean.com/gbr/en/cruises?search=departurePort:BCN,BYE,FLL,LAX,MIA,ROM,SIN,YOK|nights:6~8,9~11,gte12|ship:AL,AN,HM,IC,LE,OA,OV,OY,QN,ST,SY,UT,WN&country=IRL&market=gbr&language=en",https://www.royalcaribbean.com/gbr/en/cruises/itinerary/7-night-perfect-day-bahamas-from-cape-on-oasis/OA07BYE-1123910495?sail-date=2026-05-08&currency=EUR&country=IRL,OA07BYE-1123910495,Perfect Day Bahamas Cruise,7,Oasis of the Seas,OA,"Cape Liberty (New York), New Jersey",BYE,"Cape Liberty (New York), New Jersey - Nassau, Bahamas - Perfect Day at CocoCay, Bahamas - Cape Liberty (New York), New Jersey",OA07BYE-1123910495-2026-05-15,2026-05-15,We Choose Your Suite,1597
2025-11-22T22:09:05.857590,"https://www.royalcaribbean.com/gbr/en/cruises?search=departurePort:BCN,BYE,FLL,LAX,MIA,ROM,SIN,YOK|nights:6~8,9~11,gte12|ship:AL,AN,HM,IC,LE,OA,OV,OY,QN,ST,SY,UT,WN&country=IRL&market=gbr&language=en",https://www.royalcaribbean.com/gbr/en/cruises/itinerary/7-night-perfect-day-bahamas-from-cape-on-oasis/OA07BYE-1123910495?sail-date=2026-05-08&currency=EUR&country=IRL,OA07BYE-1123910495,Perfect Day Bahamas Cruise,7,Oasis of the Seas,OA,"Cape Liberty (New York), New Jersey",BYE,"Cape Liberty (New York), New Jersey - Nassau, Bahamas - Perfect Day at CocoCay, Bahamas - Cape Liberty (New York), New Jersey",OA07BYE-1123910495-2026-05-15,2026-05-15,Junior Suite,2117
2025-11-22T22:09:05.857590,"https://www.royalcaribbean.com/gbr/en/cruises?search=departurePort:BCN,BYE,FLL,LAX,MIA,ROM,SIN,YOK|nights:6~8,9~11,gte12|ship:AL,AN,HM,IC,LE,OA,OV,OY,QN,ST,SY,UT,WN&country=IRL&market=gbr&language=en",https://www.royalcaribbean.com/gbr/en/cruises/itinerary/7-night-perfect-day-bahamas-from-cape-on-oasis/OA07BYE-1123910495?sail-date=2026-05-08&currency=EUR&country=IRL,OA07BYE-1123910495,Perfect Day Bahamas Cruise,7,Oasis of the Seas,OA,"Cape Liberty (New York), New Jersey",BYE,"Cape Liberty (New York), New Jersey - Nassau, Bahamas - Perfect Day at CocoCay, Bahamas - Cape Liberty (New York), New Jersey",OA07BYE-1123910495-2026-05-15,2026-05-15,Sky Junior Suite,2217
2025-11-22T22:09:05.857590,"https://www.royalcaribbean.com/gbr/en/cruises?search=departurePort:BCN,BYE,FLL,LAX,MIA,ROM,SIN,YOK|nights:6~8,9~11,gte12|ship:AL,AN,HM,IC,LE,OA,OV,OY,QN,ST,SY,UT,WN&country=IRL&market=gbr&language=en",https://www.royalcaribbean.com/gbr/en/cruises/itinerary/7-night-perfect-day-bahamas-from-cape-on-oasis/OA07BYE-1123910495?sail-date=2026-05-08&currency=EUR&country=IRL,OA07BYE-1123910495,Perfect Day Bahamas Cruise,7,Oasis of the Seas,OA,"Cape Liberty (New York), New Jersey",BYE,"Cape Liberty (New York), New Jersey - Nassau, Bahamas - Perfect Day at CocoCay, Bahamas - Cape Liberty (New York), New Jersey",OA07BYE-1123910495-2026-05-15,2026-05-15,Grand Suite 1 Bedroom,2588
2025-11-22T22:09:05.857590,"https://www.royalcaribbean.com/gbr/en/cruises?search=departurePort:BCN,BYE,FLL,LAX,MIA,ROM,SIN,YOK|nights:6~8,9~11,gte12|ship:AL,AN,HM,IC,LE,OA,OV,OY,QN,ST,SY,UT,WN&country=IRL&market=gbr&language=en",https://www.royalcaribbean.com/gbr/en/cruises/itinerary/7-night-perfect-day-bahamas-from-cape-on-oasis/OA07BYE-1123910495?sail-date=2026-05-08&currency=EUR&country=IRL,OA07BYE-1123910495,Perfect Day Bahamas Cruise,7,Oasis of the Seas,OA,"Cape Liberty (New York), New Jersey",BYE,"Cape Liberty (New York), New Jersey - Nassau, Bahamas - Perfect Day at CocoCay, Bahamas - Cape Liberty (New York), New Jersey",OA07BYE-1123910495-2026-05-15,2026-05-15,Crown Loft Suite,3090
2025-11-22T22:09:05.857590,"https://www.royalcaribbean.com/gbr/en/cruises?search=departurePort:BCN,BYE,FLL,LAX,MIA,ROM,SIN,YOK|nights:6~8,9~11,gte12|ship:AL,AN,HM,IC,LE,OA,OV,OY,QN,ST,SY,UT,WN&country=IRL&market=gbr&language=en",https://www.royalcaribbean.com/gbr/en/cruises/itinerary/7-night-perfect-day-bahamas-from-cape-on-oasis/OA07BYE-1123910495?sail-date=2026-05-08&currency=EUR&country=IRL,OA07BYE-1123910495,Perfect Day Bahamas Cruise,7,Oasis of the Seas,OA,"Cape Liberty (New York), New Jersey",BYE,"Cape Liberty (New York), New Jersey - Nassau, Bahamas - Perfect Day at CocoCay, Bahamas - Cape Liberty (New York), New Jersey",OA07BYE-1123910495-2026-05-15,2026-05-15,Aquatheater Suite 1 Bedroom,3129
2025-11-22T22:09:05.857590,"https://www.royalcaribbean.com/gbr/en/cruises?search=departurePort:BCN,BYE,FLL,LAX,MIA,ROM,SIN,YOK|nights:6~8,9~11,gte12|ship:AL,AN,HM,IC,LE,OA,OV,OY,QN,ST,SY,UT,WN&country=IRL&market=gbr&language=en",https://www.royalcaribbean.com/gbr/en/cruises/itinerary/7-night-perfect-day-bahamas-from-cape-on-oasis/OA07BYE-1123910495?sail-date=2026-05-08&currency=EUR&country=IRL,OA07BYE-1123910495,Perfect Day Bahamas Cruise,7,Oasis of the Seas,OA,"Cape Liberty (New York), New Jersey",BYE,"Cape Liberty (New York), New Jersey - Nassau, Bahamas - Perfect Day at CocoCay, Bahamas - Cape Liberty (New York), New Jersey",OA07BYE-1123910495-2026-05-15,2026-05-15,Owners Suite 1 Bedroom,3242
2025-11-22T22:09:05.857590,"https://www.royalcaribbean.com/gbr/en/cruises?search=departurePort:BCN,BYE,FLL,LAX,MIA,ROM,SIN,YOK|nights:6~8,9~11,gte12|ship:AL,AN,HM,IC,LE,OA,OV,OY,QN,ST,SY,UT,WN&country=IRL&market=gbr&language=en",https://www.royalcaribbean.com/gbr/en/cruises/itinerary/7-night-perfect-day-bahamas-from-cape-on-oasis/OA07BYE-1123910495?sail-date=2026-05-08&currency=EUR&country=IRL,OA07BYE-1123910495,Perfect Day Bahamas Cruise,7,Oasis of the Seas,OA,"Cape Liberty (New York), New Jersey",BYE,"Cape Liberty (New York), New Jersey - Nassau, Bahamas - Perfect Day at CocoCay, Bahamas - Cape Liberty (New York), New Jersey",OA07BYE-1123910495-2026-05-15,2026-05-15,Ultimate Panoramic Suite,5404
2025-11-22T22:09:05.857590,"https://www.royalcaribbean.com/gbr/en/cruises?search=departurePort:BCN,BYE,FLL,LAX,MIA,ROM,SIN,YOK|nights:6~8,9~11,gte12|ship:AL,AN,HM,IC,LE,OA,OV,OY,QN,ST,SY,UT,WN&country=IRL&market=gbr&language=en",https://www.royalcaribbean.com/gbr/en/cruises/itinerary/7-night-perfect-day-bahamas-from-cape-on-oasis/OA07BYE-1123910495?sail-date=2026-05-08&currency=EUR&country=IRL,OA07BYE-1123910495,Perfect Day Bahamas Cruise,7,Oasis of the Seas,OA,"Cape Liberty (New York), New Jersey",BYE,"Cape Liberty (New York), New Jersey - Nassau, Bahamas - Perfect Day at CocoCay, Bahamas - Cape Liberty (New York), New Jersey",OA07BYE-1123910495-2026-05-15,2026-05-15,Star Loft Suite,6731
2025-11-22T22:09:05.857590,"https://www.royalcaribbean.com/gbr/en/cruises?search=departurePort:BCN,BYE,FLL,LAX,MIA,ROM,SIN,YOK|nights:6~8,9~11,gte12|ship:AL,AN,HM,IC,LE,OA,OV,OY,QN,ST,SY,UT,WN&country=IRL&market=gbr&language=en",https://www.royalcaribbean.com/gbr/en/cruises/itinerary/7-night-perfect-day-bahamas-from-cape-on-oasis/OA07BYE-1123910495?sail-date=2026-05-08&currency=EUR&country=IRL,OA07BYE-1123910495,Perfect Day Bahamas Cruise,7,Oasis of the Seas,OA,"Cape Liberty (New York), New Jersey",BYE,"Cape Liberty (New York), New Jersey - Nassau, Bahamas - Perfect Day at CocoCay, Bahamas - Cape Liberty (New York), New Jersey",OA07BYE-1123910495-2026-05-22,2026-05-22,Interior,774
2025-11-22T22:09:05.857590,"https://www.royalcaribbean.com/gbr/en/cruises?search=departurePort:BCN,BYE,FLL,LAX,MIA,ROM,SIN,YOK|nights:6~8,9~11,gte12|ship:AL,AN,HM,IC,LE,OA,OV,OY,QN,ST,SY,UT,WN&country=IRL&market=gbr&language=en",https://www.royalcaribbean.com/gbr/en/cruises/itinerary/7-night-perfect-day-bahamas-from-cape-on-oasis/OA07BYE-1123910495?sail-date=2026-05-08&currency=EUR&country=IRL,OA07BYE-1123910495,Perfect Day Bahamas Cruise,7,Oasis of the Seas,OA,"Cape Liberty (New York), New Jersey",BYE,"Cape Liberty (New York), New Jersey - Nassau, Bahamas - Perfect Day at CocoCay, Bahamas - Cape Liberty (New York), New Jersey",OA07BYE-1123910495-2026-05-22,2026-05-22,Ocean View,931
2025-11-22T22:09:05.857590,"https://www.royalcaribbean.com/gbr/en/cruises?search=departurePort:BCN,BYE,FLL,LAX,MIA,ROM,SIN,YOK|nights:6~8,9~11,gte12|ship:AL,AN,HM,IC,LE,OA,OV,OY,QN,ST,SY,UT,WN&country=IRL&market=gbr&language=en",https://www.royalcaribbean.com/gbr/en/cruises/itinerary/7-night-perfect-day-bahamas-from-cape-on-oasis/OA07BYE-1123910495?sail-date=2026-05-08&currency=EUR&country=IRL,OA07BYE-1123910495,Perfect Day Bahamas Cruise,7,Oasis of the Seas,OA,"Cape Liberty (New York), New Jersey",BYE,"Cape Liberty (New York), New Jersey - Nassau, Bahamas - Perfect Day at CocoCay, Bahamas - Cape Liberty (New York), New Jersey",OA07BYE-1123910495-2026-05-22,2026-05-22,Balcony,892
2025-11-22T22:09:05.857590,"https://www.royalcaribbean.com/gbr/en/cruises?search=departurePort:BCN,BYE,FLL,LAX,MIA,ROM,SIN,YOK|nights:6~8,9~11,gte12|ship:AL,AN,HM,IC,LE,OA,OV,OY,QN,ST,SY,UT,WN&country=IRL&market=gbr&language=en",https://www.royalcaribbean.com/gbr/en/cruises/itinerary/7-night-perfect-day-bahamas-from-cape-on-oasis/OA07BYE-1123910495?sail-date=2026-05-08&currency=EUR&country=IRL,OA07BYE-1123910495,Perfect Day Bahamas Cruise,7,Oasis of the Seas,OA,"Cape Liberty (New York), New Jersey",BYE,"Cape Liberty (New York), New Jersey - Nassau, Bahamas - Perfect Day at CocoCay, Bahamas - Cape Liberty (New York), New Jersey",OA07BYE-1123910495-2026-05-22,2026-05-22,Suite Guarantee,2470
2025-11-22T22:09:05.857590,"https://www.royalcaribbean.com/gbr/en/cruises?search=departurePort:BCN,BYE,FLL,LAX,MIA,ROM,SIN,YOK|nights:6~8,9~11,gte12|ship:AL,AN,HM,IC,LE,OA,OV,OY,QN,ST,SY,UT,WN&country=IRL&market=gbr&language=en",https://www.royalcaribbean.com/gbr/en/cruises/itinerary/7-night-perfect-day-bahamas-from-cape-on-oasis/OA07BYE-1123910495?sail-date=2026-05-08&currency=EUR&country=IRL,OA07BYE-1123910495,Perfect Day Bahamas Cruise,7,Oasis of the Seas,OA,"Cape Liberty (New York), New Jersey",BYE,"Cape Liberty (New York), New Jersey - Nassau, Bahamas - Perfect Day at CocoCay, Bahamas - Cape Liberty (New York), New Jersey",OA07BYE-1123910495-2026-05-22,2026-05-22,We Choose Your Suite,1597
2025-11-22T22:09:05.857590,"https://www.royalcaribbean.com/gbr/en/cruises?search=departurePort:BCN,BYE,FLL,LAX,MIA,ROM,SIN,YOK|nights:6~8,9~11,gte12|ship:AL,AN,HM,IC,LE,OA,OV,OY,QN,ST,SY,UT,WN&country=IRL&market=gbr&language=en",https://www.royalcaribbean.com/gbr/en/cruises/itinerary/7-night-perfect-day-bahamas-from-cape-on-oasis/OA07BYE-1123910495?sail-date=2026-05-08&currency=EUR&country=IRL,OA07BYE-1123910495,Perfect Day Bahamas Cruise,7,Oasis of the Seas,OA,"Cape Liberty (New York), New Jersey",BYE,"Cape Liberty (New York), New Jersey - Nassau, Bahamas - Perfect Day at CocoCay, Bahamas - Cape Liberty (New York), New Jersey",OA07BYE-1123910495-2026-05-22,2026-05-22,Junior Suite,2117
2025-11-22T22:09:05.857590,"https://www.royalcaribbean.com/gbr/en/cruises?search=departurePort:BCN,BYE,FLL,LAX,MIA,ROM,SIN,YOK|nights:6~8,9~11,gte12|ship:AL,AN,HM,IC,LE,OA,OV,OY,QN,ST,SY,UT,WN&country=IRL&market=gbr&language=en",https://www.royalcaribbean.com/gbr/en/cruises/itinerary/7-night-perfect-day-bahamas-from-cape-on-oasis/OA07BYE-1123910495?sail-date=2026-05-08&currency=EUR&country=IRL,OA07BYE-1123910495,Perfect Day Bahamas Cruise,7,Oasis of the Seas,OA,"Cape Liberty (New York), New Jersey",BYE,"Cape Liberty (New York), New Jersey - Nassau, Bahamas - Perfect Day at CocoCay, Bahamas - Cape Liberty (New York), New Jersey",OA07BYE-1123910495-2026-05-22,2026-05-22,Sky Junior Suite,2217
2025-11-22T22:09:05.857590,"https://www.royalcaribbean.com/gbr/en/cruises?search=departurePort:BCN,BYE,FLL,LAX,MIA,ROM,SIN,YOK|nights:6~8,9~11,gte12|ship:AL,AN,HM,IC,LE,OA,OV,OY,QN,ST,SY,UT,WN&country=IRL&market=gbr&language=en",https://www.royalcaribbean.com/gbr/en/cruises/itinerary/7-night-perfect-day-bahamas-from-cape-on-oasis/OA07BYE-1123910495?sail-date=2026-05-08&currency=EUR&country=IRL,OA07BYE-1123910495,Perfect Day Bahamas Cruise,7,Oasis of the Seas,OA,"Cape Liberty (New York), New Jersey",BYE,"Cape Liberty (New York), New Jersey - Nassau, Bahamas - Perfect Day at CocoCay, Bahamas - Cape Liberty (New York), New Jersey",OA07BYE-1123910495-2026-05-22,2026-05-22,Grand Suite 1 Bedroom,2588
2025-11-22T22:09:05.857590,"https://www.royalcaribbean.com/gbr/en/cruises?search=departurePort:BCN,BYE,FLL,LAX,MIA,ROM,SIN,YOK|nights:6~8,9~11,gte12|ship:AL,AN,HM,IC,LE,OA,OV,OY,QN,ST,SY,UT,WN&country=IRL&market=gbr&language=en",https://www.royalcaribbean.com/gbr/en/cruises/itinerary/7-night-perfect-day-bahamas-from-cape-on-oasis/OA07BYE-1123910495?sail-date=2026-05-08&currency=EUR&country=IRL,OA07BYE-1123910495,Perfect Day Bahamas Cruise,7,Oasis of the Seas,OA,"Cape Liberty (New York), New Jersey",BYE,"Cape Liberty (New York), New Jersey - Nassau, Bahamas - Perfect Day at CocoCay, Bahamas - Cape Liberty (New York), New Jersey",OA07BYE-1123910495-2026-05-22,2026-05-22,Crown Loft Suite,3090
2025-11-22T22:09:05.857590,"https://www.royalcaribbean.com/gbr/en/cruises?search=departurePort:BCN,BYE,FLL,LAX,MIA,ROM,SIN,YOK|nights:6~8,9~11,gte12|ship:AL,AN,HM,IC,LE,OA,OV,OY,QN,ST,SY,UT,WN&country=IRL&market=gbr&language=en",https://www.royalcaribbean.com/gbr/en/cruises/itinerary/7-night-perfect-day-bahamas-from-cape-on-oasis/OA07BYE-1123910495?sail-date=2026-05-08&currency=EUR&country=IRL,OA07BYE-1123910495,Perfect Day Bahamas Cruise,7,Oasis of the Seas,OA,"Cape Liberty (New York), New Jersey",BYE,"Cape Liberty (New York), New Jersey - Nassau, Bahamas - Perfect Day at CocoCay, Bahamas - Cape Liberty (New York), New Jersey",OA07BYE-1123910495-2026-05-22,2026-05-22,Aquatheater Suite 1 Bedroom,3129
2025-11-22T22:09:05.857590,"https://www.royalcaribbean.com/gbr/en/cruises?search=departurePort:BCN,BYE,FLL,LAX,MIA,ROM,SIN,YOK|nights:6~8,9~11,gte12|ship:AL,AN,HM,IC,LE,OA,OV,OY,QN,ST,SY,UT,WN&country=IRL&market=gbr&language=en",https://www.royalcaribbean.com/gbr/en/cruises/itinerary/7-night-perfect-day-bahamas-from-cape-on-oasis/OA07BYE-1123910495?sail-date=2026-05-08&currency=EUR&country=IRL,OA07BYE-1123910495,Perfect Day Bahamas Cruise,7,Oasis of the Seas,OA,"Cape Liberty (New York), New Jersey",BYE,"Cape Liberty (New York), New Jersey - Nassau, Bahamas - Perfect Day at CocoCay, Bahamas - Cape Liberty (New York), New Jersey",OA07BYE-1123910495-2026-05-22,2026-05-22,Owners Suite 1 Bedroom,3242
2025-11-22T22:09:05.857590,"https://www.royalcaribbean.com/gbr/en/cruises?search=departurePort:BCN,BYE,FLL,LAX,MIA,ROM,SIN,YOK|nights:6~8,9~11,gte12|ship:AL,AN,HM,IC,LE,OA,OV,OY,QN,ST,SY,UT,WN&country=IRL&market=gbr&language=en",https://www.royalcaribbean.com/gbr/en/cruises/itinerary/7-night-perfect-day-bahamas-from-cape-on-oasis/OA07BYE-1123910495?sail-date=2026-05-08&currency=EUR&country=IRL,OA07BYE-1123910495,Perfect Day Bahamas Cruise,7,Oasis of the Seas,OA,"Cape Liberty (New York), New Jersey",BYE,"Cape Liberty (New York), New Jersey - Nassau, Bahamas - Perfect Day at CocoCay, Bahamas - Cape Liberty (New York), New Jersey",OA07BYE-1123910495-2026-05-22,2026-05-22,Ultimate Panoramic Suite,5404
2025-11-22T22:09:05.857590,"https://www.royalcaribbean.com/gbr/en/cruises?search=departurePort:BCN,BYE,FLL,LAX,MIA,ROM,SIN,YOK|nights:6~8,9~11,gte12|ship:AL,AN,HM,IC,LE,OA,OV,OY,QN,ST,SY,UT,WN&country=IRL&market=gbr&language=en",https://www.royalcaribbean.com/gbr/en/cruises/itinerary/7-night-perfect-day-bahamas-from-cape-on-oasis/OA07BYE-1123910495?sail-date=2026-05-08&currency=EUR&country=IRL,OA07BYE-1123910495,Perfect Day Bahamas Cruise,7,Oasis of the Seas,OA,"Cape Liberty (New York), New Jersey",BYE,"Cape Liberty (New York), New Jersey - Nassau, Bahamas - Perfect Day at CocoCay, Bahamas - Cape Liberty (New York), New Jersey",OA07BYE-1123910495-2026-05-22,2026-05-22,Star Loft Suite,6731
2025-11-22T22:09:05.857590,"https://www.royalcaribbean.com/gbr/en/cruises?search=departurePort:BCN,BYE,FLL,LAX,MIA,ROM,SIN,YOK|nights:6~8,9~11,gte12|ship:AL,AN,HM,IC,LE,OA,OV,OY,QN,ST,SY,UT,WN&country=IRL&market=gbr&language=en",https://www.royalcaribbean.com/gbr/en/cruises/itinerary/7-night-perfect-day-bahamas-from-cape-on-oasis/OA07BYE-1123910495?sail-date=2026-05-08&currency=EUR&country=IRL,OA07BYE-1123910495,Perfect Day Bahamas Cruise,7,Oasis of the Seas,OA,"Cape Liberty (New York), New Jersey",BYE,"Cape Liberty (New York), New Jersey - Nassau, Bahamas - Perfect Day at CocoCay, Bahamas - Cape Liberty (New York), New Jersey",OA07BYE-1123910495-2026-06-05,2026-06-05,Interior,804
2025-11-22T22:09:05.857590,"https://www.royalcaribbean.com/gbr/en/cruises?search=departurePort:BCN,BYE,FLL,LAX,MIA,ROM,SIN,YOK|nights:6~8,9~11,gte12|ship:AL,AN,HM,IC,LE,OA,OV,OY,QN,ST,SY,UT,WN&country=IRL&market=gbr&language=en",https://www.royalcaribbean.com/gbr/en/cruises/itinerary/7-night-perfect-day-bahamas-from-cape-on-oasis/OA07BYE-1123910495?sail-date=2026-05-08&currency=EUR&country=IRL,OA07BYE-1123910495,Perfect Day Bahamas Cruise,7,Oasis of the Seas,OA,"Cape Liberty (New York), New Jersey",BYE,"Cape Liberty (New York), New Jersey - Nassau, Bahamas - Perfect Day at CocoCay, Bahamas - Cape Liberty (New York), New Jersey",OA07BYE-1123910495-2026-06-05,2026-06-05,Ocean View,904
2025-11-22T22:09:05.857590,"https://www.royalcaribbean.com/gbr/en/cruises?search=departurePort:BCN,BYE,FLL,LAX,MIA,ROM,SIN,YOK|nights:6~8,9~11,gte12|ship:AL,AN,HM,IC,LE,OA,OV,OY,QN,ST,SY,UT,WN&country=IRL&market=gbr&language=en",https://www.royalcaribbean.com/gbr/en/cruises/itinerary/7-night-perfect-day-bahamas-from-cape-on-oasis/OA07BYE-1123910495?sail-date=2026-05-08&currency=EUR&country=IRL,OA07BYE-1123910495,Perfect Day Bahamas Cruise,7,Oasis of the Seas,OA,"Cape Liberty (New York), New Jersey",BYE,"Cape Liberty (New York), New Jersey - Nassau, Bahamas - Perfect Day at CocoCay, Bahamas - Cape Liberty (New York), New Jersey",OA07BYE-1123910495-2026-06-05,2026-06-05,Balcony,901
2025-11-22T22:09:05.857590,"https://www.royalcaribbean.com/gbr/en/cruises?search=departurePort:BCN,BYE,FLL,LAX,MIA,ROM,SIN,YOK|nights:6~8,9~11,gte12|ship:AL,AN,HM,IC,LE,OA,OV,OY,QN,ST,SY,UT,WN&country=IRL&market=gbr&language=en",https://www.royalcaribbean.com/gbr/en/cruises/itinerary/7-night-perfect-day-bahamas-from-cape-on-oasis/OA07BYE-1123910495?sail-date=2026-05-08&currency=EUR&country=IRL,OA07BYE-1123910495,Perfect Day Bahamas Cruise,7,Oasis of the Seas,OA,"Cape Liberty (New York), New Jersey",BYE,"Cape Liberty (New York), New Jersey - Nassau, Bahamas - Perfect Day at CocoCay, Bahamas - Cape Liberty (New York), New Jersey",OA07BYE-1123910495-2026-06-05,2026-06-05,Suite Guarantee,1593
2025-11-22T22:09:05.857590,"https://www.royalcaribbean.com/gbr/en/cruises?search=departurePort:BCN,BYE,FLL,LAX,MIA,ROM,SIN,YOK|nights:6~8,9~11,gte12|ship:AL,AN,HM,IC,LE,OA,OV,OY,QN,ST,SY,UT,WN&country=IRL&market=gbr&language=en",https://www.royalcaribbean.com/gbr/en/cruises/itinerary/7-night-perfect-day-bahamas-from-cape-on-oasis/OA07BYE-1123910495?sail-date=2026-05-08&currency=EUR&country=IRL,OA07BYE-1123910495,Perfect Day Bahamas Cruise,7,Oasis of the Seas,OA,"Cape Liberty (New York), New Jersey",BYE,"Cape Liberty (New York), New Jersey - Nassau, Bahamas - Perfect Day at CocoCay, Bahamas - Cape Liberty (New York), New Jersey",OA07BYE-1123910495-2026-06-05,2026-06-05,We Choose Your Suite,1597
2025-11-22T22:09:05.857590,"https://www.royalcaribbean.com/gbr/en/cruises?search=departurePort:BCN,BYE,FLL,LAX,MIA,ROM,SIN,YOK|nights:6~8,9~11,gte12|ship:AL,AN,HM,IC,LE,OA,OV,OY,QN,ST,SY,UT,WN&country=IRL&market=gbr&language=en",https://www.royalcaribbean.com/gbr/en/cruises/itinerary/7-night-perfect-day-bahamas-from-cape-on-oasis/OA07BYE-1123910495?sail-date=2026-05-08&currency=EUR&country=IRL,OA07BYE-1123910495,Perfect Day Bahamas Cruise,7,Oasis of the Seas,OA,"Cape Liberty (New York), New Jersey",BYE,"Cape Liberty (New York), New Jersey - Nassau, Bahamas - Perfect Day at CocoCay, Bahamas - Cape Liberty (New York), New Jersey",OA07BYE-1123910495-2026-06-05,2026-06-05,Junior Suite,2117
2025-11-22T22:09:05.857590,"https://www.royalcaribbean.com/gbr/en/cruises?search=departurePort:BCN,BYE,FLL,LAX,MIA,ROM,SIN,YOK|nights:6~8,9~11,gte12|ship:AL,AN,HM,IC,LE,OA,OV,OY,QN,ST,SY,UT,WN&country=IRL&market=gbr&language=en",https://www.royalcaribbean.com/gbr/en/cruises/itinerary/7-night-perfect-day-bahamas-from-cape-on-oasis/OA07BYE-1123910495?sail-date=2026-05-08&currency=EUR&country=IRL,OA07BYE-1123910495,Perfect Day Bahamas Cruise,7,Oasis of the Seas,OA,"Cape Liberty (New York), New Jersey",BYE,"Cape Liberty (New York), New Jersey - Nassau, Bahamas - Perfect Day at CocoCay, Bahamas - Cape Liberty (New York), New Jersey",OA07BYE-1123910495-2026-06-05,2026-06-05,Sky Junior Suite,2217
2025-11-22T22:09:05.857590,"https://www.royalcaribbean.com/gbr/en/cruises?search=departurePort:BCN,BYE,FLL,LAX,MIA,ROM,SIN,YOK|nights:6~8,9~11,gte12|ship:AL,AN,HM,IC,LE,OA,OV,OY,QN,ST,SY,UT,WN&country=IRL&market=gbr&language=en",https://www.royalcaribbean.com/gbr/en/cruises/itinerary/7-night-perfect-day-bahamas-from-cape-on-oasis/OA07BYE-1123910495?sail-date=2026-05-08&currency=EUR&country=IRL,OA07BYE-1123910495,Perfect Day Bahamas Cruise,7,Oasis of the Seas,OA,"Cape Liberty (New York), New Jersey",BYE,"Cape Liberty (New York), New Jersey - Nassau, Bahamas - Perfect Day at CocoCay, Bahamas - Cape Liberty (New York), New Jersey",OA07BYE-1123910495-2026-06-05,2026-06-05,Grand Suite 1 Bedroom,2588
2025-11-22T22:09:05.857590,"https://www.royalcaribbean.com/gbr/en/cruises?search=departurePort:BCN,BYE,FLL,LAX,MIA,ROM,SIN,YOK|nights:6~8,9~11,gte12|ship:AL,AN,HM,IC,LE,OA,OV,OY,QN,ST,SY,UT,WN&country=IRL&market=gbr&language=en",https://www.royalcaribbean.com/gbr/en/cruises/itinerary/7-night-perfect-day-bahamas-from-cape-on-oasis/OA07BYE-1123910495?sail-date=2026-05-08&currency=EUR&country=IRL,OA07BYE-1123910495,Perfect Day Bahamas Cruise,7,Oasis of the Seas,OA,"Cape Liberty (New York), New Jersey",BYE,"Cape Liberty (New York), New Jersey - Nassau, Bahamas - Perfect Day at CocoCay, Bahamas - Cape Liberty (New York), New Jersey",OA07BYE-1123910495-2026-06-05,2026-06-05,Crown Loft Suite,3090
2025-11-22T22:09:05.857590,"https://www.royalcaribbean.com/gbr/en/cruises?search=departurePort:BCN,BYE,FLL,LAX,MIA,ROM,SIN,YOK|nights:6~8,9~11,gte12|ship:AL,AN,HM,IC,LE,OA,OV,OY,QN,ST,SY,UT,WN&country=IRL&market=gbr&language=en",https://www.royalcaribbean.com/gbr/en/cruises/itinerary/7-night-perfect-day-bahamas-from-cape-on-oasis/OA07BYE-1123910495?sail-date=2026-05-08&currency=EUR&country=IRL,OA07BYE-1123910495,Perfect Day Bahamas Cruise,7,Oasis of the Seas,OA,"Cape Liberty (New York), New Jersey",BYE,"Cape Liberty (New York), New Jersey - Nassau, Bahamas - Perfect Day at CocoCay, Bahamas - Cape Liberty (New York), New Jersey",OA07BYE-1123910495-2026-06-05,2026-06-05,Aquatheater Suite 1 Bedroom,3129
2025-11-22T22:09:05.857590,"https://www.royalcaribbean.com/gbr/en/cruises?search=departurePort:BCN,BYE,FLL,LAX,MIA,ROM,SIN,YOK|nights:6~8,9~11,gte12|ship:AL,AN,HM,IC,LE,OA,OV,OY,QN,ST,SY,UT,WN&country=IRL&market=gbr&language=en",https://www.royalcaribbean.com/gbr/en/cruises/itinerary/7-night-perfect-day-bahamas-from-cape-on-oasis/OA07BYE-1123910495?sail-date=2026-05-08&currency=EUR&country=IRL,OA07BYE-1123910495,Perfect Day Bahamas Cruise,7,Oasis of the Seas,OA,"Cape Liberty (New York), New Jersey",BYE,"Cape Liberty (New York), New Jersey - Nassau, Bahamas - Perfect Day at CocoCay, Bahamas - Cape Liberty (New York), New Jersey",OA07BYE-1123910495-2026-06-05,2026-06-05,Owners Suite 1 Bedroom,3242
2025-11-22T22:09:05.857590,"https://www.royalcaribbean.com/gbr/en/cruises?search=departurePort:BCN,BYE,FLL,LAX,MIA,ROM,SIN,YOK|nights:6~8,9~11,gte12|ship:AL,AN,HM,IC,LE,OA,OV,OY,QN,ST,SY,UT,WN&country=IRL&market=gbr&language=en",https://www.royalcaribbean.com/gbr/en/cruises/itinerary/7-night-perfect-day-bahamas-from-cape-on-oasis/OA07BYE-1123910495?sail-date=2026-05-08&currency=EUR&country=IRL,OA07BYE-1123910495,Perfect Day Bahamas Cruise,7,Oasis of the Seas,OA,"Cape Liberty (New York), New Jersey",BYE,"Cape Liberty (New York), New Jersey - Nassau, Bahamas - Perfect Day at CocoCay, Bahamas - Cape Liberty (New York), New Jersey",OA07BYE-1123910495-2026-06-05,2026-06-05,Ultimate Panoramic Suite,5404
2025-11-22T22:09:05.857590,"https://www.royalcaribbean.com/gbr/en/cruises?search=departurePort:BCN,BYE,FLL,LAX,MIA,ROM,SIN,YOK|nights:6~8,9~11,gte12|ship:AL,AN,HM,IC,LE,OA,OV,OY,QN,ST,SY,UT,WN&country=IRL&market=gbr&language=en",https://www.royalcaribbean.com/gbr/en/cruises/itinerary/7-night-perfect-day-bahamas-from-cape-on-oasis/OA07BYE-1123910495?sail-date=2026-05-08&currency=EUR&country=IRL,OA07BYE-1123910495,Perfect Day Bahamas Cruise,7,Oasis of the Seas,OA,"Cape Liberty (New York), New Jersey",BYE,"Cape Liberty (New York), New Jersey - Nassau, Bahamas - Perfect Day at CocoCay, Bahamas - Cape Liberty (New York), New Jersey",OA07BYE-1123910495-2026-06-05,2026-06-05,Star Loft Suite,6731
2025-11-22T22:09:05.857590,"https://www.royalcaribbean.com/gbr/en/cruises?search=departurePort:BCN,BYE,FLL,LAX,MIA,ROM,SIN,YOK|nights:6~8,9~11,gte12|ship:AL,AN,HM,IC,LE,OA,OV,OY,QN,ST,SY,UT,WN&country=IRL&market=gbr&language=en",https://www.royalcaribbean.com/gbr/en/cruises/itinerary/7-night-perfect-day-bahamas-from-cape-on-oasis/OA07BYE-1123910495?sail-date=2026-05-08&currency=EUR&country=IRL,OA07BYE-1123910495,Perfect Day Bahamas Cruise,7,Oasis of the Seas,OA,"Cape Liberty (New York), New Jersey",BYE,"Cape Liberty (New York), New Jersey - Nassau, Bahamas - Perfect Day at CocoCay, Bahamas - Cape Liberty (New York), New Jersey",OA07BYE-1123910495-2027-05-07,2027-05-07,Interior,831
2025-11-22T22:09:05.857590,"https://www.royalcaribbean.com/gbr/en/cruises?search=departurePort:BCN,BYE,FLL,LAX,MIA,ROM,SIN,YOK|nights:6~8,9~11,gte12|ship:AL,AN,HM,IC,LE,OA,OV,OY,QN,ST,SY,UT,WN&country=IRL&market=gbr&language=en",https://www.royalcaribbean.com/gbr/en/cruises/itinerary/7-night-perfect-day-bahamas-from-cape-on-oasis/OA07BYE-1123910495?sail-date=2026-05-08&currency=EUR&country=IRL,OA07BYE-1123910495,Perfect Day Bahamas Cruise,7,Oasis of the Seas,OA,"Cape Liberty (New York), New Jersey",BYE,"Cape Liberty (New York), New Jersey - Nassau, Bahamas - Perfect Day at CocoCay, Bahamas - Cape Liberty (New York), New Jersey",OA07BYE-1123910495-2027-05-07,2027-05-07,Ocean View,944
2025-11-22T22:09:05.857590,"https://www.royalcaribbean.com/gbr/en/cruises?search=departurePort:BCN,BYE,FLL,LAX,MIA,ROM,SIN,YOK|nights:6~8,9~11,gte12|ship:AL,AN,HM,IC,LE,OA,OV,OY,QN,ST,SY,UT,WN&country=IRL&market=gbr&language=en",https://www.royalcaribbean.com/gbr/en/cruises/itinerary/7-night-perfect-day-bahamas-from-cape-on-oasis/OA07BYE-1123910495?sail-date=2026-05-08&currency=EUR&country=IRL,OA07BYE-1123910495,Perfect Day Bahamas Cruise,7,Oasis of the Seas,OA,"Cape Liberty (New York), New Jersey",BYE,"Cape Liberty (New York), New Jersey - Nassau, Bahamas - Perfect Day at CocoCay, Bahamas - Cape Liberty (New York), New Jersey",OA07BYE-1123910495-2027-05-07,2027-05-07,Balcony,1000
2025-11-22T22:09:05.857590,"https://www.royalcaribbean.com/gbr/en/cruises?search=departurePort:BCN,BYE,FLL,LAX,MIA,ROM,SIN,YOK|nights:6~8,9~11,gte12|ship:AL,AN,HM,IC,LE,OA,OV,OY,QN,ST,SY,UT,WN&country=IRL&market=gbr&language=en",https://www.royalcaribbean.com/gbr/en/cruises/itinerary/7-night-perfect-day-bahamas-from-cape-on-oasis/OA07BYE-1123910495?sail-date=2026-05-08&currency=EUR&country=IRL,OA07BYE-1123910495,Perfect Day Bahamas Cruise,7,Oasis of the Seas,OA,"Cape Liberty (New York), New Jersey",BYE,"Cape Liberty (New York), New Jersey - Nassau, Bahamas - Perfect Day at CocoCay, Bahamas - Cape Liberty (New York), New Jersey",OA07BYE-1123910495-2027-05-07,2027-05-07,Suite Guarantee,1903
2025-11-22T22:09:05.857590,"https://www.royalcaribbean.com/gbr/en/cruises?search=departurePort:BCN,BYE,FLL,LAX,MIA,ROM,SIN,YOK|nights:6~8,9~11,gte12|ship:AL,AN,HM,IC,LE,OA,OV,OY,QN,ST,SY,UT,WN&country=IRL&market=gbr&language=en",https://www.royalcaribbean.com/gbr/en/cruises/itinerary/7-night-perfect-day-bahamas-from-cape-on-oasis/OA07BYE-1123910495?sail-date=2026-05-08&currency=EUR&country=IRL,OA07BYE-1123910495,Perfect Day Bahamas Cruise,7,Oasis of the Seas,OA,"Cape Liberty (New York), New Jersey",BYE,"Cape Liberty (New York), New Jersey - Nassau, Bahamas - Perfect Day at CocoCay, Bahamas - Cape Liberty (New York), New Jersey",OA07BYE-1123910495-2027-05-07,2027-05-07,We Choose Your Suite,1597
2025-11-22T22:09:05.857590,"https://www.royalcaribbean.com/gbr/en/cruises?search=departurePort:BCN,BYE,FLL,LAX,MIA,ROM,SIN,YOK|nights:6~8,9~11,gte12|ship:AL,AN,HM,IC,LE,OA,OV,OY,QN,ST,SY,UT,WN&country=IRL&market=gbr&language=en",https://www.royalcaribbean.com/gbr/en/cruises/itinerary/7-night-perfect-day-bahamas-from-cape-on-oasis/OA07BYE-1123910495?sail-date=2026-05-08&currency=EUR&country=IRL,OA07BYE-1123910495,Perfect Day Bahamas Cruise,7,Oasis of the Seas,OA,"Cape Liberty (New York), New Jersey",BYE,"Cape Liberty (New York), New Jersey - Nassau, Bahamas - Perfect Day at CocoCay, Bahamas - Cape Liberty (New York), New Jersey",OA07BYE-1123910495-2027-05-07,2027-05-07,Junior Suite,2117
2025-11-22T22:09:05.857590,"https://www.royalcaribbean.com/gbr/en/cruises?search=departurePort:BCN,BYE,FLL,LAX,MIA,ROM,SIN,YOK|nights:6~8,9~11,gte12|ship:AL,AN,HM,IC,LE,OA,OV,OY,QN,ST,SY,UT,WN&country=IRL&market=gbr&language=en",https://www.royalcaribbean.com/gbr/en/cruises/itinerary/7-night-perfect-day-bahamas-from-cape-on-oasis/OA07BYE-1123910495?sail-date=2026-05-08&currency=EUR&country=IRL,OA07BYE-1123910495,Perfect Day Bahamas Cruise,7,Oasis of the Seas,OA,"Cape Liberty (New York), New Jersey",BYE,"Cape Liberty (New York), New Jersey - Nassau, Bahamas - Perfect Day at CocoCay, Bahamas - Cape Liberty (New York), New Jersey",OA07BYE-1123910495-2027-05-07,2027-05-07,Sky Junior Suite,2217
2025-11-22T22:09:05.857590,"https://www.royalcaribbean.com/gbr/en/cruises?search=departurePort:BCN,BYE,FLL,LAX,MIA,ROM,SIN,YOK|nights:6~8,9~11,gte12|ship:AL,AN,HM,IC,LE,OA,OV,OY,QN,ST,SY,UT,WN&country=IRL&market=gbr&language=en",https://www.royalcaribbean.com/gbr/en/cruises/itinerary/7-night-perfect-day-bahamas-from-cape-on-oasis/OA07BYE-1123910495?sail-date=2026-05-08&currency=EUR&country=IRL,OA07BYE-1123910495,Perfect Day Bahamas Cruise,7,Oasis of the Seas,OA,"Cape Liberty (New York), New Jersey",BYE,"Cape Liberty (New York), New Jersey - Nassau, Bahamas - Perfect Day at CocoCay, Bahamas - Cape Liberty (New York), New Jersey",OA07BYE-1123910495-2027-05-07,2027-05-07,Grand Suite 1 Bedroom,2588
2025-11-22T22:09:05.857590,"https://www.royalcaribbean.com/gbr/en/cruises?search=departurePort:BCN,BYE,FLL,LAX,MIA,ROM,SIN,YOK|nights:6~8,9~11,gte12|ship:AL,AN,HM,IC,LE,OA,OV,OY,QN,ST,SY,UT,WN&country=IRL&market=gbr&language=en",https://www.royalcaribbean.com/gbr/en/cruises/itinerary/7-night-perfect-day-bahamas-from-cape-on-oasis/OA07BYE-1123910495?sail-date=2026-05-08&currency=EUR&country=IRL,OA07BYE-1123910495,Perfect Day Bahamas Cruise,7,Oasis of the Seas,OA,"Cape Liberty (New York), New Jersey",BYE,"Cape Liberty (New York), New Jersey - Nassau, Bahamas - Perfect Day at CocoCay, Bahamas - Cape Liberty (New York), New Jersey",OA07BYE-1123910495-2027-05-07,2027-05-07,Crown Loft Suite,3090
2025-11-22T22:09:05.857590,"https://www.royalcaribbean.com/gbr/en/cruises?search=departurePort:BCN,BYE,FLL,LAX,MIA,ROM,SIN,YOK|nights:6~8,9~11,gte12|ship:AL,AN,HM,IC,LE,OA,OV,OY,QN,ST,SY,UT,WN&country=IRL&market=gbr&language=en",https://www.royalcaribbean.com/gbr/en/cruises/itinerary/7-night-perfect-day-bahamas-from-cape-on-oasis/OA07BYE-1123910495?sail-date=2026-05-08&currency=EUR&country=IRL,OA07BYE-1123910495,Perfect Day Bahamas Cruise,7,Oasis of the Seas,OA,"Cape Liberty (New York), New Jersey",BYE,"Cape Liberty (New York), New Jersey - Nassau, Bahamas - Perfect Day at CocoCay, Bahamas - Cape Liberty (New York), New Jersey",OA07BYE-1123910495-2027-05-07,2027-05-07,Aquatheater Suite 1 Bedroom,3129
2025-11-22T22:09:05.857590,"https://www.royalcaribbean.com/gbr/en/cruises?search=departurePort:BCN,BYE,FLL,LAX,MIA,ROM,SIN,YOK|nights:6~8,9~11,gte12|ship:AL,AN,HM,IC,LE,OA,OV,OY,QN,ST,SY,UT,WN&country=IRL&market=gbr&language=en",https://www.royalcaribbean.com/gbr/en/cruises/itinerary/7-night-perfect-day-bahamas-from-cape-on-oasis/OA07BYE-1123910495?sail-date=2026-05-08&currency=EUR&country=IRL,OA07BYE-1123910495,Perfect Day Bahamas Cruise,7,Oasis of the Seas,OA,"Cape Liberty (New York), New Jersey",BYE,"Cape Liberty (New York), New Jersey - Nassau, Bahamas - Perfect Day at CocoCay, Bahamas - Cape Liberty (New York), New Jersey",OA07BYE-1123910495-2027-05-07,2027-05-07,Owners Suite 1 Bedroom,3242
2025-11-22T22:09:05.857590,"https://www.royalcaribbean.com/gbr/en/cruises?search=departurePort:BCN,BYE,FLL,LAX,MIA,ROM,SIN,YOK|nights:6~8,9~11,gte12|ship:AL,AN,HM,IC,LE,OA,OV,OY,QN,ST,SY,UT,WN&country=IRL&market=gbr&language=en",https://www.royalcaribbean.com/gbr/en/cruises/itinerary/7-night-perfect-day-bahamas-from-cape-on-oasis/OA07BYE-1123910495?sail-date=2026-05-08&currency=EUR&country=IRL,OA07BYE-1123910495,Perfect Day Bahamas Cruise,7,Oasis of the Seas,OA,"Cape Liberty (New York), New Jersey",BYE,"Cape Liberty (New York), New Jersey - Nassau, Bahamas - Perfect Day at CocoCay, Bahamas - Cape Liberty (New York), New Jersey",OA07BYE-1123910495-2027-05-07,2027-05-07,Ultimate Panoramic Suite,5404
2025-11-22T22:09:05.857590,"https://www.royalcaribbean.com/gbr/en/cruises?search=departurePort:BCN,BYE,FLL,LAX,MIA,ROM,SIN,YOK|nights:6~8,9~11,gte12|ship:AL,AN,HM,IC,LE,OA,OV,OY,QN,ST,SY,UT,WN&country=IRL&market=gbr&language=en",https://www.royalcaribbean.com/gbr/en/cruises/itinerary/7-night-perfect-day-bahamas-from-cape-on-oasis/OA07BYE-1123910495?sail-date=2026-05-08&currency=EUR&country=IRL,OA07BYE-1123910495,Perfect Day Bahamas Cruise,7,Oasis of the Seas,OA,"Cape Liberty (New York), New Jersey",BYE,"Cape Liberty (New York), New Jersey - Nassau, Bahamas - Perfect Day at CocoCay, Bahamas - Cape Liberty (New York), New Jersey",OA07BYE-1123910495-2027-05-07,2027-05-07,Star Loft Suite,6731
2025-11-22T22:09:05.857590,"https://www.royalcaribbean.com/gbr/en/cruises?search=departurePort:BCN,BYE,FLL,LAX,MIA,ROM,SIN,YOK|nights:6~8,9~11,gte12|ship:AL,AN,HM,IC,LE,OA,OV,OY,QN,ST,SY,UT,WN&country=IRL&market=gbr&language=en",https://www.royalcaribbean.com/gbr/en/cruises/itinerary/7-night-western-mediterranean-from-barcelona-on-legend/LE07BCN-1495935368?sail-date=2027-10-17&currency=EUR&country=IRL,LE07BCN-1495935368,Western Mediterranean Cruise,7,Legend of the Seas,LE,"Barcelona, Spain",BCN,"Barcelona, Spain - Palma de Mallorca, Spain - Provence (Marseille), France - Florence/Pisa (La Spezia), Italy - Rome (Civitavecchia), Italy - Naples/Capri, Italy - Barcelona, Spain",LE07BCN-1495935368-2027-10-17,2027-10-17,Interior,1408
2025-11-22T22:09:05.857590,"https://www.royalcaribbean.com/gbr/en/cruises?search=departurePort:BCN,BYE,FLL,LAX,MIA,ROM,SIN,YOK|nights:6~8,9~11,gte12|ship:AL,AN,HM,IC,LE,OA,OV,OY,QN,ST,SY,UT,WN&country=IRL&market=gbr&language=en",https://www.royalcaribbean.com/gbr/en/cruises/itinerary/7-night-western-mediterranean-from-barcelona-on-legend/LE07BCN-1495935368?sail-date=2027-10-17&currency=EUR&country=IRL,LE07BCN-1495935368,Western Mediterranean Cruise,7,Legend of the Seas,LE,"Barcelona, Spain",BCN,"Barcelona, Spain - Palma de Mallorca, Spain - Provence (Marseille), France - Florence/Pisa (La Spezia), Italy - Rome (Civitavecchia), Italy - Naples/Capri, Italy - Barcelona, Spain",LE07BCN-1495935368-2027-10-17,2027-10-17,Ocean View,1469
2025-11-22T22:09:05.857590,"https://www.royalcaribbean.com/gbr/en/cruises?search=departurePort:BCN,BYE,FLL,LAX,MIA,ROM,SIN,YOK|nights:6~8,9~11,gte12|ship:AL,AN,HM,IC,LE,OA,OV,OY,QN,ST,SY,UT,WN&country=IRL&market=gbr&language=en",https://www.royalcaribbean.com/gbr/en/cruises/itinerary/7-night-western-mediterranean-from-barcelona-on-legend/LE07BCN-1495935368?sail-date=2027-10-17&currency=EUR&country=IRL,LE07BCN-1495935368,Western Mediterranean Cruise,7,Legend of the Seas,LE,"Barcelona, Spain",BCN,"Barcelona, Spain - Palma de Mallorca, Spain - Provence (Marseille), France - Florence/Pisa (La Spezia), Italy - Rome (Civitavecchia), Italy - Naples/Capri, Italy - Barcelona, Spain",LE07BCN-1495935368-2027-10-17,2027-10-17,Balcony,1497
2025-11-22T22:09:05.857590,"https://www.royalcaribbean.com/gbr/en/cruises?search=departurePort:BCN,BYE,FLL,LAX,MIA,ROM,SIN,YOK|nights:6~8,9~11,gte12|ship:AL,AN,HM,IC,LE,OA,OV,OY,QN,ST,SY,UT,WN&country=IRL&market=gbr&language=en",https://www.royalcaribbean.com/gbr/en/cruises/itinerary/7-night-western-mediterranean-from-barcelona-on-legend/LE07BCN-1495935368?sail-date=2027-10-17&currency=EUR&country=IRL,LE07BCN-1495935368,Western Mediterranean Cruise,7,Legend of the Seas,LE,"Barcelona, Spain",BCN,"Barcelona, Spain - Palma de Mallorca, Spain - Provence (Marseille), France - Florence/Pisa (La Spezia), Italy - Rome (Civitavecchia), Italy - Naples/Capri, Italy - Barcelona, Spain",LE07BCN-1495935368-2027-10-17,2027-10-17,Suite Guarantee,2348
2025-11-22T22:09:05.857590,"https://www.royalcaribbean.com/gbr/en/cruises?search=departurePort:BCN,BYE,FLL,LAX,MIA,ROM,SIN,YOK|nights:6~8,9~11,gte12|ship:AL,AN,HM,IC,LE,OA,OV,OY,QN,ST,SY,UT,WN&country=IRL&market=gbr&language=en",https://www.royalcaribbean.com/gbr/en/cruises/itinerary/7-night-western-mediterranean-from-barcelona-on-legend/LE07BCN-1495935368?sail-date=2027-10-17&currency=EUR&country=IRL,LE07BCN-1495935368,Western Mediterranean Cruise,7,Legend of the Seas,LE,"Barcelona, Spain",BCN,"Barcelona, Spain - Palma de Mallorca, Spain - Provence (Marseille), France - Florence/Pisa (La Spezia), Italy - Rome (Civitavecchia), Italy - Naples/Capri, Italy - Barcelona, Spain",LE07BCN-1495935368-2027-10-17,2027-10-17,We Choose Your Suite,2348
2025-11-22T22:09:05.857590,"https://www.royalcaribbean.com/gbr/en/cruises?search=departurePort:BCN,BYE,FLL,LAX,MIA,ROM,SIN,YOK|nights:6~8,9~11,gte12|ship:AL,AN,HM,IC,LE,OA,OV,OY,QN,ST,SY,UT,WN&country=IRL&market=gbr&language=en",https://www.royalcaribbean.com/gbr/en/cruises/itinerary/7-night-western-mediterranean-from-barcelona-on-legend/LE07BCN-1495935368?sail-date=2027-10-17&currency=EUR&country=IRL,LE07BCN-1495935368,Western Mediterranean Cruise,7,Legend of the Seas,LE,"Barcelona, Spain",BCN,"Barcelona, Spain - Palma de Mallorca, Spain - Provence (Marseille), France - Florence/Pisa (La Spezia), Italy - Rome (Civitavecchia), Italy - Naples/Capri, Italy - Barcelona, Spain",LE07BCN-1495935368-2027-10-17,2027-10-17,Surfside Family Suite,2401
2025-11-22T22:09:05.857590,"https://www.royalcaribbean.com/gbr/en/cruises?search=departurePort:BCN,BYE,FLL,LAX,MIA,ROM,SIN,YOK|nights:6~8,9~11,gte12|ship:AL,AN,HM,IC,LE,OA,OV,OY,QN,ST,SY,UT,WN&country=IRL&market=gbr&language=en",https://www.royalcaribbean.com/gbr/en/cruises/itinerary/7-night-western-mediterranean-from-barcelona-on-legend/LE07BCN-1495935368?sail-date=2027-10-17&currency=EUR&country=IRL,LE07BCN-1495935368,Western Mediterranean Cruise,7,Legend of the Seas,LE,"Barcelona, Spain",BCN,"Barcelona, Spain - Palma de Mallorca, Spain - Provence (Marseille), France - Florence/Pisa (La Spezia), Italy - Rome (Civitavecchia), Italy - Naples/Capri, Italy - Barcelona, Spain",LE07BCN-1495935368-2027-10-17,2027-10-17,Junior Suite,2540
2025-11-22T22:09:05.857590,"https://www.royalcaribbean.com/gbr/en/cruises?search=departurePort:BCN,BYE,FLL,LAX,MIA,ROM,SIN,YOK|nights:6~8,9~11,gte12|ship:AL,AN,HM,IC,LE,OA,OV,OY,QN,ST,SY,UT,WN&country=IRL&market=gbr&language=en",https://www.royalcaribbean.com/gbr/en/cruises/itinerary/7-night-western-mediterranean-from-barcelona-on-legend/LE07BCN-1495935368?sail-date=2027-10-17&currency=EUR&country=IRL,LE07BCN-1495935368,Western Mediterranean Cruise,7,Legend of the Seas,LE,"Barcelona, Spain",BCN,"Barcelona, Spain - Palma de Mallorca, Spain - Provence (Marseille), France - Florence/Pisa (La Spezia), Italy - Rome (Civitavecchia), Italy - Naples/Capri, Italy - Barcelona, Spain",LE07BCN-1495935368-2027-10-17,2027-10-17,Ocean View Panoramic Suite No Balcony,3210
2025-11-22T22:09:05.857590,"https://www.royalcaribbean.com/gbr/en/cruises?search=departurePort:BCN,BYE,FLL,LAX,MIA,ROM,SIN,YOK|nights:6~8,9~11,gte12|ship:AL,AN,HM,IC,LE,OA,OV,OY,QN,ST,SY,UT,WN&country=IRL&market=gbr&language=en",https://www.royalcaribbean.com/gbr/en/cruises/itinerary/7-night-western-mediterranean-from-barcelona-on-legend/LE07BCN-1495935368?sail-date=2027-10-17&currency=EUR&country=IRL,LE07BCN-1495935368,Western Mediterranean Cruise,7,Legend of the Seas,LE,"Barcelona, Spain",BCN,"Barcelona, Spain - Palma de Mallorca, Spain - Provence (Marseille), France - Florence/Pisa (La Spezia), Italy - Rome (Civitavecchia), Italy - Naples/Capri, Italy - Barcelona, Spain",LE07BCN-1495935368-2027-10-17,2027-10-17,Sky Junior Suite,3333
2025-11-22T22:09:05.857590,"https://www.royalcaribbean.com/gbr/en/cruises?search=departurePort:BCN,BYE,FLL,LAX,MIA,ROM,SIN,YOK|nights:6~8,9~11,gte12|ship:AL,AN,HM,IC,LE,OA,OV,OY,QN,ST,SY,UT,WN&country=IRL&market=gbr&language=en",https://www.royalcaribbean.com/gbr/en/cruises/itinerary/7-night-western-mediterranean-from-barcelona-on-legend/LE07BCN-1495935368?sail-date=2027-10-17&currency=EUR&country=IRL,LE07BCN-1495935368,Western Mediterranean Cruise,7,Legend of the Seas,LE,"Barcelona, Spain",BCN,"Barcelona, Spain - Palma de Mallorca, Spain - Provence (Marseille), France - Florence/Pisa (La Spezia), Italy - Rome (Civitavecchia), Italy - Naples/Capri, Italy - Barcelona, Spain",LE07BCN-1495935368-2027-10-17,2027-10-17,Sunset Junior Suite,3680
2025-11-22T22:09:05.857590,"https://www.royalcaribbean.com/gbr/en/cruises?search=departurePort:BCN,BYE,FLL,LAX,MIA,ROM,SIN,YOK|nights:6~8,9~11,gte12|ship:AL,AN,HM,IC,LE,OA,OV,OY,QN,ST,SY,UT,WN&country=IRL&market=gbr&language=en",https://www.royalcaribbean.com/gbr/en/cruises/itinerary/7-night-western-mediterranean-from-barcelona-on-legend/LE07BCN-1495935368?sail-date=2027-10-17&currency=EUR&country=IRL,LE07BCN-1495935368,Western Mediterranean Cruise,7,Legend of the Seas,LE,"Barcelona, Spain",BCN,"Barcelona, Spain - Palma de Mallorca, Spain - Provence (Marseille), France - Florence/Pisa (La Spezia), Italy - Rome (Civitavecchia), Italy - Naples/Capri, Italy - Barcelona, Spain",LE07BCN-1495935368-2027-10-17,2027-10-17,Infinite Grand Suite,4717
2025-11-22T22:09:05.857590,"https://www.royalcaribbean.com/gbr/en/cruises?search=departurePort:BCN,BYE,FLL,LAX,MIA,ROM,SIN,YOK|nights:6~8,9~11,gte12|ship:AL,AN,HM,IC,LE,OA,OV,OY,QN,ST,SY,UT,WN&country=IRL&market=gbr&language=en",https://www.royalcaribbean.com/gbr/en/cruises/itinerary/7-night-western-mediterranean-from-barcelona-on-legend/LE07BCN-1495935368?sail-date=2027-10-17&currency=EUR&country=IRL,LE07BCN-1495935368,Western Mediterranean Cruise,7,Legend of the Seas,LE,"Barcelona, Spain",BCN,"Barcelona, Spain - Palma de Mallorca, Spain - Provence (Marseille), France - Florence/Pisa (La Spezia), Italy - Rome (Civitavecchia), Italy - Naples/Capri, Italy - Barcelona, Spain",LE07BCN-1495935368-2027-10-17,2027-10-17,Grand Suite,4717
2025-11-22T22:09:05.857590,"https://www.royalcaribbean.com/gbr/en/cruises?search=departurePort:BCN,BYE,FLL,LAX,MIA,ROM,SIN,YOK|nights:6~8,9~11,gte12|ship:AL,AN,HM,IC,LE,OA,OV,OY,QN,ST,SY,UT,WN&country=IRL&market=gbr&language=en",https://www.royalcaribbean.com/gbr/en/cruises/itinerary/7-night-western-mediterranean-from-barcelona-on-legend/LE07BCN-1495935368?sail-date=2027-10-17&currency=EUR&country=IRL,LE07BCN-1495935368,Western Mediterranean Cruise,7,Legend of the Seas,LE,"Barcelona, Spain",BCN,"Barcelona, Spain - Palma de Mallorca, Spain - Provence (Marseille), France - Florence/Pisa (La Spezia), Italy - Rome (Civitavecchia), Italy - Naples/Capri, Italy - Barcelona, Spain",LE07BCN-1495935368-2027-10-17,2027-10-17,Sunset Suite,4814
2025-11-22T22:09:05.857590,"https://www.royalcaribbean.com/gbr/en/cruises?search=departurePort:BCN,BYE,FLL,LAX,MIA,ROM,SIN,YOK|nights:6~8,9~11,gte12|ship:AL,AN,HM,IC,LE,OA,OV,OY,QN,ST,SY,UT,WN&country=IRL&market=gbr&language=en",https://www.royalcaribbean.com/gbr/en/cruises/itinerary/7-night-western-mediterranean-from-barcelona-on-legend/LE07BCN-1495935368?sail-date=2027-10-17&currency=EUR&country=IRL,LE07BCN-1495935368,Western Mediterranean Cruise,7,Legend of the Seas,LE,"Barcelona, Spain",BCN,"Barcelona, Spain - Palma de Mallorca, Spain - Provence (Marseille), France - Florence/Pisa (La Spezia), Italy - Rome (Civitavecchia), Italy - Naples/Capri, Italy - Barcelona, Spain",LE07BCN-1495935368-2027-10-17,2027-10-17,Sunset Corner Suite,5187
2025-11-22T22:09:05.857590,"https://www.royalcaribbean.com/gbr/en/cruises?search=departurePort:BCN,BYE,FLL,LAX,MIA,ROM,SIN,YOK|nights:6~8,9~11,gte12|ship:AL,AN,HM,IC,LE,OA,OV,OY,QN,ST,SY,UT,WN&country=IRL&market=gbr&language=en",https://www.royalcaribbean.com/gbr/en/cruises/itinerary/7-night-western-mediterranean-from-barcelona-on-legend/LE07BCN-1495935368?sail-date=2027-10-17&currency=EUR&country=IRL,LE07BCN-1495935368,Western Mediterranean Cruise,7,Legend of the Seas,LE,"Barcelona, Spain",BCN,"Barcelona, Spain - Palma de Mallorca, Spain - Provence (Marseille), France - Florence/Pisa (La Spezia), Italy - Rome (Civitavecchia), Italy - Naples/Capri, Italy - Barcelona, Spain",LE07BCN-1495935368-2027-10-17,2027-10-17,Owners Suite,6808
2025-11-22T22:09:05.857590,"https://www.royalcaribbean.com/gbr/en/cruises?search=departurePort:BCN,BYE,FLL,LAX,MIA,ROM,SIN,YOK|nights:6~8,9~11,gte12|ship:AL,AN,HM,IC,LE,OA,OV,OY,QN,ST,SY,UT,WN&country=IRL&market=gbr&language=en",https://www.royalcaribbean.com/gbr/en/cruises/itinerary/7-night-western-mediterranean-from-barcelona-on-legend/LE07BCN-1495935368?sail-date=2027-10-17&currency=EUR&country=IRL,LE07BCN-1495935368,Western Mediterranean Cruise,7,Legend of the Seas,LE,"Barcelona, Spain",BCN,"Barcelona, Spain - Palma de Mallorca, Spain - Provence (Marseille), France - Florence/Pisa (La Spezia), Italy - Rome (Civitavecchia), Italy - Naples/Capri, Italy - Barcelona, Spain",LE07BCN-1495935368-2027-10-17,2027-10-17,Icon Loft Suite,9352
2025-11-22T22:09:05.857590,"https://www.royalcaribbean.com/gbr/en/cruises?search=departurePort:BCN,BYE,FLL,LAX,MIA,ROM,SIN,YOK|nights:6~8,9~11,gte12|ship:AL,AN,HM,IC,LE,OA,OV,OY,QN,ST,SY,UT,WN&country=IRL&market=gbr&language=en",https://www.royalcaribbean.com/gbr/en/cruises/itinerary/7-night-western-mediterranean-from-barcelona-on-legend/LE07BCN-1495935368?sail-date=2027-10-17&currency=EUR&country=IRL,LE07BCN-1495935368,Western Mediterranean Cruise,7,Legend of the Seas,LE,"Barcelona, Spain",BCN,"Barcelona, Spain - Palma de Mallorca, Spain - Provence (Marseille), France - Florence/Pisa (La Spezia), Italy - Rome (Civitavecchia), Italy - Naples/Capri, Italy - Barcelona, Spain",LE07BCN-1495935368-2027-10-17,2027-10-17,Ultimate Family Townhouse,26964
2025-11-22T22:09:05.857590,"https://www.royalcaribbean.com/gbr/en/cruises?search=departurePort:BCN,BYE,FLL,LAX,MIA,ROM,SIN,YOK|nights:6~8,9~11,gte12|ship:AL,AN,HM,IC,LE,OA,OV,OY,QN,ST,SY,UT,WN&country=IRL&market=gbr&language=en",https://www.royalcaribbean.com/gbr/en/cruises/itinerary/7-night-western-mediterranean-from-barcelona-on-legend/LE07BCN-1495935368?sail-date=2027-10-17&currency=EUR&country=IRL,LE07BCN-1495935368,Western Mediterranean Cruise,7,Legend of the Seas,LE,"Barcelona, Spain",BCN,"Barcelona, Spain - Palma de Mallorca, Spain - Provence (Marseille), France - Florence/Pisa (La Spezia), Italy - Rome (Civitavecchia), Italy - Naples/Capri, Italy - Barcelona, Spain",LE07BCN-1495935368-2027-10-17,2027-10-17,Royal Loft Suite,28350
2025-11-22T22:09:05.857590,"https://www.royalcaribbean.com/gbr/en/cruises?search=departurePort:BCN,BYE,FLL,LAX,MIA,ROM,SIN,YOK|nights:6~8,9~11,gte12|ship:AL,AN,HM,IC,LE,OA,OV,OY,QN,ST,SY,UT,WN&country=IRL&market=gbr&language=en",https://www.royalcaribbean.com/gbr/en/cruises/itinerary/7-night-western-mediterranean-from-barcelona-on-legend/LE07BCN-1495935368?sail-date=2027-10-17&currency=EUR&country=IRL,LE07BCN-1495935368,Western Mediterranean Cruise,7,Legend of the Seas,LE,"Barcelona, Spain",BCN,"Barcelona, Spain - Palma de Mallorca, Spain - Provence (Marseille), France - Florence/Pisa (La Spezia), Italy - Rome (Civitavecchia), Italy - Naples/Capri, Italy - Barcelona, Spain",LE07BCN-1495935368-2026-08-30,2026-08-30,Interior,2197
2025-11-22T22:09:05.857590,"https://www.royalcaribbean.com/gbr/en/cruises?search=departurePort:BCN,BYE,FLL,LAX,MIA,ROM,SIN,YOK|nights:6~8,9~11,gte12|ship:AL,AN,HM,IC,LE,OA,OV,OY,QN,ST,SY,UT,WN&country=IRL&market=gbr&language=en",https://www.royalcaribbean.com/gbr/en/cruises/itinerary/7-night-western-mediterranean-from-barcelona-on-legend/LE07BCN-1495935368?sail-date=2027-10-17&currency=EUR&country=IRL,LE07BCN-1495935368,Western Mediterranean Cruise,7,Legend of the Seas,LE,"Barcelona, Spain",BCN,"Barcelona, Spain - Palma de Mallorca, Spain - Provence (Marseille), France - Florence/Pisa (La Spezia), Italy - Rome (Civitavecchia), Italy - Naples/Capri, Italy - Barcelona, Spain",LE07BCN-1495935368-2026-08-30,2026-08-30,Balcony,2282
2025-11-22T22:09:05.857590,"https://www.royalcaribbean.com/gbr/en/cruises?search=departurePort:BCN,BYE,FLL,LAX,MIA,ROM,SIN,YOK|nights:6~8,9~11,gte12|ship:AL,AN,HM,IC,LE,OA,OV,OY,QN,ST,SY,UT,WN&country=IRL&market=gbr&language=en",https://www.royalcaribbean.com/gbr/en/cruises/itinerary/7-night-western-mediterranean-from-barcelona-on-legend/LE07BCN-1495935368?sail-date=2027-10-17&currency=EUR&country=IRL,LE07BCN-1495935368,Western Mediterranean Cruise,7,Legend of the Seas,LE,"Barcelona, Spain",BCN,"Barcelona, Spain - Palma de Mallorca, Spain - Provence (Marseille), France - Florence/Pisa (La Spezia), Italy - Rome (Civitavecchia), Italy - Naples/Capri, Italy - Barcelona, Spain",LE07BCN-1495935368-2026-08-30,2026-08-30,Suite Guarantee,2765
2025-11-22T22:09:05.857590,"https://www.royalcaribbean.com/gbr/en/cruises?search=departurePort:BCN,BYE,FLL,LAX,MIA,ROM,SIN,YOK|nights:6~8,9~11,gte12|ship:AL,AN,HM,IC,LE,OA,OV,OY,QN,ST,SY,UT,WN&country=IRL&market=gbr&language=en",https://www.royalcaribbean.com/gbr/en/cruises/itinerary/7-night-western-mediterranean-from-barcelona-on-legend/LE07BCN-1495935368?sail-date=2027-10-17&currency=EUR&country=IRL,LE07BCN-1495935368,Western Mediterranean Cruise,7,Legend of the Seas,LE,"Barcelona, Spain",BCN,"Barcelona, Spain - Palma de Mallorca, Spain - Provence (Marseille), France - Florence/Pisa (La Spezia), Italy - Rome (Civitavecchia), Italy - Naples/Capri, Italy - Barcelona, Spain",LE07BCN-1495935368-2026-08-30,2026-08-30,We Choose Your Suite,2348
2025-11-22T22:09:05.857590,"https://www.royalcaribbean.com/gbr/en/cruises?search=departurePort:BCN,BYE,FLL,LAX,MIA,ROM,SIN,YOK|nights:6~8,9~11,gte12|ship:AL,AN,HM,IC,LE,OA,OV,OY,QN,ST,SY,UT,WN&country=IRL&market=gbr&language=en",https://www.royalcaribbean.com/gbr/en/cruises/itinerary/7-night-western-mediterranean-from-barcelona-on-legend/LE07BCN-1495935368?sail-date=2027-10-17&currency=EUR&country=IRL,LE07BCN-1495935368,Western Mediterranean Cruise,7,Legend of the Seas,LE,"Barcelona, Spain",BCN,"Barcelona, Spain - Palma de Mallorca, Spain - Provence (Marseille), France - Florence/Pisa (La Spezia), Italy - Rome (Civitavecchia), Italy - Naples/Capri, Italy - Barcelona, Spain",LE07BCN-1495935368-2026-08-30,2026-08-30,Surfside Family Suite,2401
2025-11-22T22:09:05.857590,"https://www.royalcaribbean.com/gbr/en/cruises?search=departurePort:BCN,BYE,FLL,LAX,MIA,ROM,SIN,YOK|nights:6~8,9~11,gte12|ship:AL,AN,HM,IC,LE,OA,OV,OY,QN,ST,SY,UT,WN&country=IRL&market=gbr&language=en",https://www.royalcaribbean.com/gbr/en/cruises/itinerary/7-night-western-mediterranean-from-barcelona-on-legend/LE07BCN-1495935368?sail-date=2027-10-17&currency=EUR&country=IRL,LE07BCN-1495935368,Western Mediterranean Cruise,7,Legend of the Seas,LE,"Barcelona, Spain",BCN,"Barcelona, Spain - Palma de Mallorca, Spain - Provence (Marseille), France - Florence/Pisa (La Spezia), Italy - Rome (Civitavecchia), Italy - Naples/Capri, Italy - Barcelona, Spain",LE07BCN-1495935368-2026-08-30,2026-08-30,Junior Suite,2540
2025-11-22T22:09:05.857590,"https://www.royalcaribbean.com/gbr/en/cruises?search=departurePort:BCN,BYE,FLL,LAX,MIA,ROM,SIN,YOK|nights:6~8,9~11,gte12|ship:AL,AN,HM,IC,LE,OA,OV,OY,QN,ST,SY,UT,WN&country=IRL&market=gbr&language=en",https://www.royalcaribbean.com/gbr/en/cruises/itinerary/7-night-western-mediterranean-from-barcelona-on-legend/LE07BCN-1495935368?sail-date=2027-10-17&currency=EUR&country=IRL,LE07BCN-1495935368,Western Mediterranean Cruise,7,Legend of the Seas,LE,"Barcelona, Spain",BCN,"Barcelona, Spain - Palma de Mallorca, Spain - Provence (Marseille), France - Florence/Pisa (La Spezia), Italy - Rome (Civitavecchia), Italy - Naples/Capri, Italy - Barcelona, Spain",LE07BCN-1495935368-2026-08-30,2026-08-30,Ocean View Panoramic Suite No Balcony,3210
2025-11-22T22:09:05.857590,"https://www.royalcaribbean.com/gbr/en/cruises?search=departurePort:BCN,BYE,FLL,LAX,MIA,ROM,SIN,YOK|nights:6~8,9~11,gte12|ship:AL,AN,HM,IC,LE,OA,OV,OY,QN,ST,SY,UT,WN&country=IRL&market=gbr&language=en",https://www.royalcaribbean.com/gbr/en/cruises/itinerary/7-night-western-mediterranean-from-barcelona-on-legend/LE07BCN-1495935368?sail-date=2027-10-17&currency=EUR&country=IRL,LE07BCN-1495935368,Western Mediterranean Cruise,7,Legend of the Seas,LE,"Barcelona, Spain",BCN,"Barcelona, Spain - Palma de Mallorca, Spain - Provence (Marseille), France - Florence/Pisa (La Spezia), Italy - Rome (Civitavecchia), Italy - Naples/Capri, Italy - Barcelona, Spain",LE07BCN-1495935368-2026-08-30,2026-08-30,Sky Junior Suite,3333
2025-11-22T22:09:05.857590,"https://www.royalcaribbean.com/gbr/en/cruises?search=departurePort:BCN,BYE,FLL,LAX,MIA,ROM,SIN,YOK|nights:6~8,9~11,gte12|ship:AL,AN,HM,IC,LE,OA,OV,OY,QN,ST,SY,UT,WN&country=IRL&market=gbr&language=en",https://www.royalcaribbean.com/gbr/en/cruises/itinerary/7-night-western-mediterranean-from-barcelona-on-legend/LE07BCN-1495935368?sail-date=2027-10-17&currency=EUR&country=IRL,LE07BCN-1495935368,Western Mediterranean Cruise,7,Legend of the Seas,LE,"Barcelona, Spain",BCN,"Barcelona, Spain - Palma de Mallorca, Spain - Provence (Marseille), France - Florence/Pisa (La Spezia), Italy - Rome (Civitavecchia), Italy - Naples/Capri, Italy - Barcelona, Spain",LE07BCN-1495935368-2026-08-30,2026-08-30,Sunset Junior Suite,3680
2025-11-22T22:09:05.857590,"https://www.royalcaribbean.com/gbr/en/cruises?search=departurePort:BCN,BYE,FLL,LAX,MIA,ROM,SIN,YOK|nights:6~8,9~11,gte12|ship:AL,AN,HM,IC,LE,OA,OV,OY,QN,ST,SY,UT,WN&country=IRL&market=gbr&language=en",https://www.royalcaribbean.com/gbr/en/cruises/itinerary/7-night-western-mediterranean-from-barcelona-on-legend/LE07BCN-1495935368?sail-date=2027-10-17&currency=EUR&country=IRL,LE07BCN-1495935368,Western Mediterranean Cruise,7,Legend of the Seas,LE,"Barcelona, Spain",BCN,"Barcelona, Spain - Palma de Mallorca, Spain - Provence (Marseille), France - Florence/Pisa (La Spezia), Italy - Rome (Civitavecchia), Italy - Naples/Capri, Italy - Barcelona, Spain",LE07BCN-1495935368-2026-08-30,2026-08-30,Infinite Grand Suite,4717
2025-11-22T22:09:05.857590,"https://www.royalcaribbean.com/gbr/en/cruises?search=departurePort:BCN,BYE,FLL,LAX,MIA,ROM,SIN,YOK|nights:6~8,9~11,gte12|ship:AL,AN,HM,IC,LE,OA,OV,OY,QN,ST,SY,UT,WN&country=IRL&market=gbr&language=en",https://www.royalcaribbean.com/gbr/en/cruises/itinerary/7-night-western-mediterranean-from-barcelona-on-legend/LE07BCN-1495935368?sail-date=2027-10-17&currency=EUR&country=IRL,LE07BCN-1495935368,Western Mediterranean Cruise,7,Legend of the Seas,LE,"Barcelona, Spain",BCN,"Barcelona, Spain - Palma de Mallorca, Spain - Provence (Marseille), France - Florence/Pisa (La Spezia), Italy - Rome (Civitavecchia), Italy - Naples/Capri, Italy - Barcelona, Spain",LE07BCN-1495935368-2026-08-30,2026-08-30,Grand Suite,4717
2025-11-22T22:09:05.857590,"https://www.royalcaribbean.com/gbr/en/cruises?search=departurePort:BCN,BYE,FLL,LAX,MIA,ROM,SIN,YOK|nights:6~8,9~11,gte12|ship:AL,AN,HM,IC,LE,OA,OV,OY,QN,ST,SY,UT,WN&country=IRL&market=gbr&language=en",https://www.royalcaribbean.com/gbr/en/cruises/itinerary/7-night-western-mediterranean-from-barcelona-on-legend/LE07BCN-1495935368?sail-date=2027-10-17&currency=EUR&country=IRL,LE07BCN-1495935368,Western Mediterranean Cruise,7,Legend of the Seas,LE,"Barcelona, Spain",BCN,"Barcelona, Spain - Palma de Mallorca, Spain - Provence (Marseille), France - Florence/Pisa (La Spezia), Italy - Rome (Civitavecchia), Italy - Naples/Capri, Italy - Barcelona, Spain",LE07BCN-1495935368-2026-08-30,2026-08-30,Sunset Suite,4814
2025-11-22T22:09:05.857590,"https://www.royalcaribbean.com/gbr/en/cruises?search=departurePort:BCN,BYE,FLL,LAX,MIA,ROM,SIN,YOK|nights:6~8,9~11,gte12|ship:AL,AN,HM,IC,LE,OA,OV,OY,QN,ST,SY,UT,WN&country=IRL&market=gbr&language=en",https://www.royalcaribbean.com/gbr/en/cruises/itinerary/7-night-western-mediterranean-from-barcelona-on-legend/LE07BCN-1495935368?sail-date=2027-10-17&currency=EUR&country=IRL,LE07BCN-1495935368,Western Mediterranean Cruise,7,Legend of the Seas,LE,"Barcelona, Spain",BCN,"Barcelona, Spain - Palma de Mallorca, Spain - Provence (Marseille), France - Florence/Pisa (La Spezia), Italy - Rome (Civitavecchia), Italy - Naples/Capri, Italy - Barcelona, Spain",LE07BCN-1495935368-2026-08-30,2026-08-30,Sunset Corner Suite,5187
2025-11-22T22:09:05.857590,"https://www.royalcaribbean.com/gbr/en/cruises?search=departurePort:BCN,BYE,FLL,LAX,MIA,ROM,SIN,YOK|nights:6~8,9~11,gte12|ship:AL,AN,HM,IC,LE,OA,OV,OY,QN,ST,SY,UT,WN&country=IRL&market=gbr&language=en",https://www.royalcaribbean.com/gbr/en/cruises/itinerary/7-night-western-mediterranean-from-barcelona-on-legend/LE07BCN-1495935368?sail-date=2027-10-17&currency=EUR&country=IRL,LE07BCN-1495935368,Western Mediterranean Cruise,7,Legend of the Seas,LE,"Barcelona, Spain",BCN,"Barcelona, Spain - Palma de Mallorca, Spain - Provence (Marseille), France - Florence/Pisa (La Spezia), Italy - Rome (Civitavecchia), Italy - Naples/Capri, Italy - Barcelona, Spain",LE07BCN-1495935368-2026-08-30,2026-08-30,Owners Suite,6808
2025-11-22T22:09:05.857590,"https://www.royalcaribbean.com/gbr/en/cruises?search=departurePort:BCN,BYE,FLL,LAX,MIA,ROM,SIN,YOK|nights:6~8,9~11,gte12|ship:AL,AN,HM,IC,LE,OA,OV,OY,QN,ST,SY,UT,WN&country=IRL&market=gbr&language=en",https://www.royalcaribbean.com/gbr/en/cruises/itinerary/7-night-western-mediterranean-from-barcelona-on-legend/LE07BCN-1495935368?sail-date=2027-10-17&currency=EUR&country=IRL,LE07BCN-1495935368,Western Mediterranean Cruise,7,Legend of the Seas,LE,"Barcelona, Spain",BCN,"Barcelona, Spain - Palma de Mallorca, Spain - Provence (Marseille), France - Florence/Pisa (La Spezia), Italy - Rome (Civitavecchia), Italy - Naples/Capri, Italy - Barcelona, Spain",LE07BCN-1495935368-2026-08-30,2026-08-30,Icon Loft Suite,9352
2025-11-22T22:09:05.857590,"https://www.royalcaribbean.com/gbr/en/cruises?search=departurePort:BCN,BYE,FLL,LAX,MIA,ROM,SIN,YOK|nights:6~8,9~11,gte12|ship:AL,AN,HM,IC,LE,OA,OV,OY,QN,ST,SY,UT,WN&country=IRL&market=gbr&language=en",https://www.royalcaribbean.com/gbr/en/cruises/itinerary/7-night-western-mediterranean-from-barcelona-on-legend/LE07BCN-1495935368?sail-date=2027-10-17&currency=EUR&country=IRL,LE07BCN-1495935368,Western Mediterranean Cruise,7,Legend of the Seas,LE,"Barcelona, Spain",BCN,"Barcelona, Spain - Palma de Mallorca, Spain - Provence (Marseille), France - Florence/Pisa (La Spezia), Italy - Rome (Civitavecchia), Italy - Naples/Capri, Italy - Barcelona, Spain",LE07BCN-1495935368-2026-08-30,2026-08-30,Ultimate Family Townhouse,26964
2025-11-22T22:09:05.857590,"https://www.royalcaribbean.com/gbr/en/cruises?search=departurePort:BCN,BYE,FLL,LAX,MIA,ROM,SIN,YOK|nights:6~8,9~11,gte12|ship:AL,AN,HM,IC,LE,OA,OV,OY,QN,ST,SY,UT,WN&country=IRL&market=gbr&language=en",https://www.royalcaribbean.com/gbr/en/cruises/itinerary/7-night-western-mediterranean-from-barcelona-on-legend/LE07BCN-1495935368?sail-date=2027-10-17&currency=EUR&country=IRL,LE07BCN-1495935368,Western Mediterranean Cruise,7,Legend of the Seas,LE,"Barcelona, Spain",BCN,"Barcelona, Spain - Palma de Mallorca, Spain - Provence (Marseille), France - Florence/Pisa (La Spezia), Italy - Rome (Civitavecchia), Italy - Naples/Capri, Italy - Barcelona, Spain",LE07BCN-1495935368-2026-08-30,2026-08-30,Royal Loft Suite,28350
2025-11-22T22:09:05.857590,"https://www.royalcaribbean.com/gbr/en/cruises?search=departurePort:BCN,BYE,FLL,LAX,MIA,ROM,SIN,YOK|nights:6~8,9~11,gte12|ship:AL,AN,HM,IC,LE,OA,OV,OY,QN,ST,SY,UT,WN&country=IRL&market=gbr&language=en",https://www.royalcaribbean.com/gbr/en/cruises/itinerary/7-night-western-mediterranean-from-barcelona-on-legend/LE07BCN-1495935368?sail-date=2027-10-17&currency=EUR&country=IRL,LE07BCN-1495935368,Western Mediterranean Cruise,7,Legend of the Seas,LE,"Barcelona, Spain",BCN,"Barcelona, Spain - Palma de Mallorca, Spain - Provence (Marseille), France - Florence/Pisa (La Spezia), Italy - Rome (Civitavecchia), Italy - Naples/Capri, Italy - Barcelona, Spain",LE07BCN-1495935368-2026-09-06,2026-09-06,Interior,2080
2025-11-22T22:09:05.857590,"https://www.royalcaribbean.com/gbr/en/cruises?search=departurePort:BCN,BYE,FLL,LAX,MIA,ROM,SIN,YOK|nights:6~8,9~11,gte12|ship:AL,AN,HM,IC,LE,OA,OV,OY,QN,ST,SY,UT,WN&country=IRL&market=gbr&language=en",https://www.royalcaribbean.com/gbr/en/cruises/itinerary/7-night-western-mediterranean-from-barcelona-on-legend/LE07BCN-1495935368?sail-date=2027-10-17&currency=EUR&country=IRL,LE07BCN-1495935368,Western Mediterranean Cruise,7,Legend of the Seas,LE,"Barcelona, Spain",BCN,"Barcelona, Spain - Palma de Mallorca, Spain - Provence (Marseille), France - Florence/Pisa (La Spezia), Italy - Rome (Civitavecchia), Italy - Naples/Capri, Italy - Barcelona, Spain",LE07BCN-1495935368-2026-09-06,2026-09-06,Ocean View,2084
2025-11-22T22:09:05.857590,"https://www.royalcaribbean.com/gbr/en/cruises?search=departurePort:BCN,BYE,FLL,LAX,MIA,ROM,SIN,YOK|nights:6~8,9~11,gte12|ship:AL,AN,HM,IC,LE,OA,OV,OY,QN,ST,SY,UT,WN&country=IRL&market=gbr&language=en",https://www.royalcaribbean.com/gbr/en/cruises/itinerary/7-night-western-mediterranean-from-barcelona-on-legend/LE07BCN-1495935368?sail-date=2027-10-17&currency=EUR&country=IRL,LE07BCN-1495935368,Western Mediterranean Cruise,7,Legend of the Seas,LE,"Barcelona, Spain",BCN,"Barcelona, Spain - Palma de Mallorca, Spain - Provence (Marseille), France - Florence/Pisa (La Spezia), Italy - Rome (Civitavecchia), Italy - Naples/Capri, Italy - Barcelona, Spain",LE07BCN-1495935368-2026-09-06,2026-09-06,Balcony,2128
2025-11-22T22:09:05.857590,"https://www.royalcaribbean.com/gbr/en/cruises?search=departurePort:BCN,BYE,FLL,LAX,MIA,ROM,SIN,YOK|nights:6~8,9~11,gte12|ship:AL,AN,HM,IC,LE,OA,OV,OY,QN,ST,SY,UT,WN&country=IRL&market=gbr&language=en",https://www.royalcaribbean.com/gbr/en/cruises/itinerary/7-night-western-mediterranean-from-barcelona-on-legend/LE07BCN-1495935368?sail-date=2027-10-17&currency=EUR&country=IRL,LE07BCN-1495935368,Western Mediterranean Cruise,7,Legend of the Seas,LE,"Barcelona, Spain",BCN,"Barcelona, Spain - Palma de Mallorca, Spain - Provence (Marseille), France - Florence/Pisa (La Spezia), Italy - Rome (Civitavecchia), Italy - Naples/Capri, Italy - Barcelona, Spain",LE07BCN-1495935368-2026-09-06,2026-09-06,Suite Guarantee,2585
2025-11-22T22:09:05.857590,"https://www.royalcaribbean.com/gbr/en/cruises?search=departurePort:BCN,BYE,FLL,LAX,MIA,ROM,SIN,YOK|nights:6~8,9~11,gte12|ship:AL,AN,HM,IC,LE,OA,OV,OY,QN,ST,SY,UT,WN&country=IRL&market=gbr&language=en",https://www.royalcaribbean.com/gbr/en/cruises/itinerary/7-night-western-mediterranean-from-barcelona-on-legend/LE07BCN-1495935368?sail-date=2027-10-17&currency=EUR&country=IRL,LE07BCN-1495935368,Western Mediterranean Cruise,7,Legend of the Seas,LE,"Barcelona, Spain",BCN,"Barcelona, Spain - Palma de Mallorca, Spain - Provence (Marseille), France - Florence/Pisa (La Spezia), Italy - Rome (Civitavecchia), Italy - Naples/Capri, Italy - Barcelona, Spain",LE07BCN-1495935368-2026-09-06,2026-09-06,We Choose Your Suite,2348
2025-11-22T22:09:05.857590,"https://www.royalcaribbean.com/gbr/en/cruises?search=departurePort:BCN,BYE,FLL,LAX,MIA,ROM,SIN,YOK|nights:6~8,9~11,gte12|ship:AL,AN,HM,IC,LE,OA,OV,OY,QN,ST,SY,UT,WN&country=IRL&market=gbr&language=en",https://www.royalcaribbean.com/gbr/en/cruises/itinerary/7-night-western-mediterranean-from-barcelona-on-legend/LE07BCN-1495935368?sail-date=2027-10-17&currency=EUR&country=IRL,LE07BCN-1495935368,Western Mediterranean Cruise,7,Legend of the Seas,LE,"Barcelona, Spain",BCN,"Barcelona, Spain - Palma de Mallorca, Spain - Provence (Marseille), France - Florence/Pisa (La Spezia), Italy - Rome (Civitavecchia), Italy - Naples/Capri, Italy - Barcelona, Spain",LE07BCN-1495935368-2026-09-06,2026-09-06,Surfside Family Suite,2401
2025-11-22T22:09:05.857590,"https://www.royalcaribbean.com/gbr/en/cruises?search=departurePort:BCN,BYE,FLL,LAX,MIA,ROM,SIN,YOK|nights:6~8,9~11,gte12|ship:AL,AN,HM,IC,LE,OA,OV,OY,QN,ST,SY,UT,WN&country=IRL&market=gbr&language=en",https://www.royalcaribbean.com/gbr/en/cruises/itinerary/7-night-western-mediterranean-from-barcelona-on-legend/LE07BCN-1495935368?sail-date=2027-10-17&currency=EUR&country=IRL,LE07BCN-1495935368,Western Mediterranean Cruise,7,Legend of the Seas,LE,"Barcelona, Spain",BCN,"Barcelona, Spain - Palma de Mallorca, Spain - Provence (Marseille), France - Florence/Pisa (La Spezia), Italy - Rome (Civitavecchia), Italy - Naples/Capri, Italy - Barcelona, Spain",LE07BCN-1495935368-2026-09-06,2026-09-06,Junior Suite,2540
2025-11-22T22:09:05.857590,"https://www.royalcaribbean.com/gbr/en/cruises?search=departurePort:BCN,BYE,FLL,LAX,MIA,ROM,SIN,YOK|nights:6~8,9~11,gte12|ship:AL,AN,HM,IC,LE,OA,OV,OY,QN,ST,SY,UT,WN&country=IRL&market=gbr&language=en",https://www.royalcaribbean.com/gbr/en/cruises/itinerary/7-night-western-mediterranean-from-barcelona-on-legend/LE07BCN-1495935368?sail-date=2027-10-17&currency=EUR&country=IRL,LE07BCN-1495935368,Western Mediterranean Cruise,7,Legend of the Seas,LE,"Barcelona, Spain",BCN,"Barcelona, Spain - Palma de Mallorca, Spain - Provence (Marseille), France - Florence/Pisa (La Spezia), Italy - Rome (Civitavecchia), Italy - Naples/Capri, Italy - Barcelona, Spain",LE07BCN-1495935368-2026-09-06,2026-09-06,Ocean View Panoramic Suite No Balcony,3210
2025-11-22T22:09:05.857590,"https://www.royalcaribbean.com/gbr/en/cruises?search=departurePort:BCN,BYE,FLL,LAX,MIA,ROM,SIN,YOK|nights:6~8,9~11,gte12|ship:AL,AN,HM,IC,LE,OA,OV,OY,QN,ST,SY,UT,WN&country=IRL&market=gbr&language=en",https://www.royalcaribbean.com/gbr/en/cruises/itinerary/7-night-western-mediterranean-from-barcelona-on-legend/LE07BCN-1495935368?sail-date=2027-10-17&currency=EUR&country=IRL,LE07BCN-1495935368,Western Mediterranean Cruise,7,Legend of the Seas,LE,"Barcelona, Spain",BCN,"Barcelona, Spain - Palma de Mallorca, Spain - Provence (Marseille), France - Florence/Pisa (La Spezia), Italy - Rome (Civitavecchia), Italy - Naples/Capri, Italy - Barcelona, Spain",LE07BCN-1495935368-2026-09-06,2026-09-06,Sky Junior Suite,3333
2025-11-22T22:09:05.857590,"https://www.royalcaribbean.com/gbr/en/cruises?search=departurePort:BCN,BYE,FLL,LAX,MIA,ROM,SIN,YOK|nights:6~8,9~11,gte12|ship:AL,AN,HM,IC,LE,OA,OV,OY,QN,ST,SY,UT,WN&country=IRL&market=gbr&language=en",https://www.royalcaribbean.com/gbr/en/cruises/itinerary/7-night-western-mediterranean-from-barcelona-on-legend/LE07BCN-1495935368?sail-date=2027-10-17&currency=EUR&country=IRL,LE07BCN-1495935368,Western Mediterranean Cruise,7,Legend of the Seas,LE,"Barcelona, Spain",BCN,"Barcelona, Spain - Palma de Mallorca, Spain - Provence (Marseille), France - Florence/Pisa (La Spezia), Italy - Rome (Civitavecchia), Italy - Naples/Capri, Italy - Barcelona, Spain",LE07BCN-1495935368-2026-09-06,2026-09-06,Sunset Junior Suite,3680
2025-11-22T22:09:05.857590,"https://www.royalcaribbean.com/gbr/en/cruises?search=departurePort:BCN,BYE,FLL,LAX,MIA,ROM,SIN,YOK|nights:6~8,9~11,gte12|ship:AL,AN,HM,IC,LE,OA,OV,OY,QN,ST,SY,UT,WN&country=IRL&market=gbr&language=en",https://www.royalcaribbean.com/gbr/en/cruises/itinerary/7-night-western-mediterranean-from-barcelona-on-legend/LE07BCN-1495935368?sail-date=2027-10-17&currency=EUR&country=IRL,LE07BCN-1495935368,Western Mediterranean Cruise,7,Legend of the Seas,LE,"Barcelona, Spain",BCN,"Barcelona, Spain - Palma de Mallorca, Spain - Provence (Marseille), France - Florence/Pisa (La Spezia), Italy - Rome (Civitavecchia), Italy - Naples/Capri, Italy - Barcelona, Spain",LE07BCN-1495935368-2026-09-06,2026-09-06,Infinite Grand Suite,4717
2025-11-22T22:09:05.857590,"https://www.royalcaribbean.com/gbr/en/cruises?search=departurePort:BCN,BYE,FLL,LAX,MIA,ROM,SIN,YOK|nights:6~8,9~11,gte12|ship:AL,AN,HM,IC,LE,OA,OV,OY,QN,ST,SY,UT,WN&country=IRL&market=gbr&language=en",https://www.royalcaribbean.com/gbr/en/cruises/itinerary/7-night-western-mediterranean-from-barcelona-on-legend/LE07BCN-1495935368?sail-date=2027-10-17&currency=EUR&country=IRL,LE07BCN-1495935368,Western Mediterranean Cruise,7,Legend of the Seas,LE,"Barcelona, Spain",BCN,"Barcelona, Spain - Palma de Mallorca, Spain - Provence (Marseille), France - Florence/Pisa (La Spezia), Italy - Rome (Civitavecchia), Italy - Naples/Capri, Italy - Barcelona, Spain",LE07BCN-1495935368-2026-09-06,2026-09-06,Grand Suite,4717
2025-11-22T22:09:05.857590,"https://www.royalcaribbean.com/gbr/en/cruises?search=departurePort:BCN,BYE,FLL,LAX,MIA,ROM,SIN,YOK|nights:6~8,9~11,gte12|ship:AL,AN,HM,IC,LE,OA,OV,OY,QN,ST,SY,UT,WN&country=IRL&market=gbr&language=en",https://www.royalcaribbean.com/gbr/en/cruises/itinerary/7-night-western-mediterranean-from-barcelona-on-legend/LE07BCN-1495935368?sail-date=2027-10-17&currency=EUR&country=IRL,LE07BCN-1495935368,Western Mediterranean Cruise,7,Legend of the Seas,LE,"Barcelona, Spain",BCN,"Barcelona, Spain - Palma de Mallorca, Spain - Provence (Marseille), France - Florence/Pisa (La Spezia), Italy - Rome (Civitavecchia), Italy - Naples/Capri, Italy - Barcelona, Spain",LE07BCN-1495935368-2026-09-06,2026-09-06,Sunset Suite,4814
2025-11-22T22:09:05.857590,"https://www.royalcaribbean.com/gbr/en/cruises?search=departurePort:BCN,BYE,FLL,LAX,MIA,ROM,SIN,YOK|nights:6~8,9~11,gte12|ship:AL,AN,HM,IC,LE,OA,OV,OY,QN,ST,SY,UT,WN&country=IRL&market=gbr&language=en",https://www.royalcaribbean.com/gbr/en/cruises/itinerary/7-night-western-mediterranean-from-barcelona-on-legend/LE07BCN-1495935368?sail-date=2027-10-17&currency=EUR&country=IRL,LE07BCN-1495935368,Western Mediterranean Cruise,7,Legend of the Seas,LE,"Barcelona, Spain",BCN,"Barcelona, Spain - Palma de Mallorca, Spain - Provence (Marseille), France - Florence/Pisa (La Spezia), Italy - Rome (Civitavecchia), Italy - Naples/Capri, Italy - Barcelona, Spain",LE07BCN-1495935368-2026-09-06,2026-09-06,Sunset Corner Suite,5187
2025-11-22T22:09:05.857590,"https://www.royalcaribbean.com/gbr/en/cruises?search=departurePort:BCN,BYE,FLL,LAX,MIA,ROM,SIN,YOK|nights:6~8,9~11,gte12|ship:AL,AN,HM,IC,LE,OA,OV,OY,QN,ST,SY,UT,WN&country=IRL&market=gbr&language=en",https://www.royalcaribbean.com/gbr/en/cruises/itinerary/7-night-western-mediterranean-from-barcelona-on-legend/LE07BCN-1495935368?sail-date=2027-10-17&currency=EUR&country=IRL,LE07BCN-1495935368,Western Mediterranean Cruise,7,Legend of the Seas,LE,"Barcelona, Spain",BCN,"Barcelona, Spain - Palma de Mallorca, Spain - Provence (Marseille), France - Florence/Pisa (La Spezia), Italy - Rome (Civitavecchia), Italy - Naples/Capri, Italy - Barcelona, Spain",LE07BCN-1495935368-2026-09-06,2026-09-06,Owners Suite,6808
2025-11-22T22:09:05.857590,"https://www.royalcaribbean.com/gbr/en/cruises?search=departurePort:BCN,BYE,FLL,LAX,MIA,ROM,SIN,YOK|nights:6~8,9~11,gte12|ship:AL,AN,HM,IC,LE,OA,OV,OY,QN,ST,SY,UT,WN&country=IRL&market=gbr&language=en",https://www.royalcaribbean.com/gbr/en/cruises/itinerary/7-night-western-mediterranean-from-barcelona-on-legend/LE07BCN-1495935368?sail-date=2027-10-17&currency=EUR&country=IRL,LE07BCN-1495935368,Western Mediterranean Cruise,7,Legend of the Seas,LE,"Barcelona, Spain",BCN,"Barcelona, Spain - Palma de Mallorca, Spain - Provence (Marseille), France - Florence/Pisa (La Spezia), Italy - Rome (Civitavecchia), Italy - Naples/Capri, Italy - Barcelona, Spain",LE07BCN-1495935368-2026-09-06,2026-09-06,Icon Loft Suite,9352
2025-11-22T22:09:05.857590,"https://www.royalcaribbean.com/gbr/en/cruises?search=departurePort:BCN,BYE,FLL,LAX,MIA,ROM,SIN,YOK|nights:6~8,9~11,gte12|ship:AL,AN,HM,IC,LE,OA,OV,OY,QN,ST,SY,UT,WN&country=IRL&market=gbr&language=en",https://www.royalcaribbean.com/gbr/en/cruises/itinerary/7-night-western-mediterranean-from-barcelona-on-legend/LE07BCN-1495935368?sail-date=2027-10-17&currency=EUR&country=IRL,LE07BCN-1495935368,Western Mediterranean Cruise,7,Legend of the Seas,LE,"Barcelona, Spain",BCN,"Barcelona, Spain - Palma de Mallorca, Spain - Provence (Marseille), France - Florence/Pisa (La Spezia), Italy - Rome (Civitavecchia), Italy - Naples/Capri, Italy - Barcelona, Spain",LE07BCN-1495935368-2026-09-06,2026-09-06,Ultimate Family Townhouse,26964
2025-11-22T22:09:05.857590,"https://www.royalcaribbean.com/gbr/en/cruises?search=departurePort:BCN,BYE,FLL,LAX,MIA,ROM,SIN,YOK|nights:6~8,9~11,gte12|ship:AL,AN,HM,IC,LE,OA,OV,OY,QN,ST,SY,UT,WN&country=IRL&market=gbr&language=en",https://www.royalcaribbean.com/gbr/en/cruises/itinerary/7-night-western-mediterranean-from-barcelona-on-legend/LE07BCN-1495935368?sail-date=2027-10-17&currency=EUR&country=IRL,LE07BCN-1495935368,Western Mediterranean Cruise,7,Legend of the Seas,LE,"Barcelona, Spain",BCN,"Barcelona, Spain - Palma de Mallorca, Spain - Provence (Marseille), France - Florence/Pisa (La Spezia), Italy - Rome (Civitavecchia), Italy - Naples/Capri, Italy - Barcelona, Spain",LE07BCN-1495935368-2026-09-06,2026-09-06,Royal Loft Suite,28350
2025-11-22T22:09:05.857590,"https://www.royalcaribbean.com/gbr/en/cruises?search=departurePort:BCN,BYE,FLL,LAX,MIA,ROM,SIN,YOK|nights:6~8,9~11,gte12|ship:AL,AN,HM,IC,LE,OA,OV,OY,QN,ST,SY,UT,WN&country=IRL&market=gbr&language=en",https://www.royalcaribbean.com/gbr/en/cruises/itinerary/7-night-western-mediterranean-from-barcelona-on-legend/LE07BCN-1495935368?sail-date=2027-10-17&currency=EUR&country=IRL,LE07BCN-1495935368,Western Mediterranean Cruise,7,Legend of the Seas,LE,"Barcelona, Spain",BCN,"Barcelona, Spain - Palma de Mallorca, Spain - Provence (Marseille), France - Florence/Pisa (La Spezia), Italy - Rome (Civitavecchia), Italy - Naples/Capri, Italy - Barcelona, Spain",LE07BCN-1495935368-2026-09-13,2026-09-13,Interior,1935
2025-11-22T22:09:05.857590,"https://www.royalcaribbean.com/gbr/en/cruises?search=departurePort:BCN,BYE,FLL,LAX,MIA,ROM,SIN,YOK|nights:6~8,9~11,gte12|ship:AL,AN,HM,IC,LE,OA,OV,OY,QN,ST,SY,UT,WN&country=IRL&market=gbr&language=en",https://www.royalcaribbean.com/gbr/en/cruises/itinerary/7-night-western-mediterranean-from-barcelona-on-legend/LE07BCN-1495935368?sail-date=2027-10-17&currency=EUR&country=IRL,LE07BCN-1495935368,Western Mediterranean Cruise,7,Legend of the Seas,LE,"Barcelona, Spain",BCN,"Barcelona, Spain - Palma de Mallorca, Spain - Provence (Marseille), France - Florence/Pisa (La Spezia), Italy - Rome (Civitavecchia), Italy - Naples/Capri, Italy - Barcelona, Spain",LE07BCN-1495935368-2026-09-13,2026-09-13,Ocean View,1988
2025-11-22T22:09:05.857590,"https://www.royalcaribbean.com/gbr/en/cruises?search=departurePort:BCN,BYE,FLL,LAX,MIA,ROM,SIN,YOK|nights:6~8,9~11,gte12|ship:AL,AN,HM,IC,LE,OA,OV,OY,QN,ST,SY,UT,WN&country=IRL&market=gbr&language=en",https://www.royalcaribbean.com/gbr/en/cruises/itinerary/7-night-western-mediterranean-from-barcelona-on-legend/LE07BCN-1495935368?sail-date=2027-10-17&currency=EUR&country=IRL,LE07BCN-1495935368,Western Mediterranean Cruise,7,Legend of the Seas,LE,"Barcelona, Spain",BCN,"Barcelona, Spain - Palma de Mallorca, Spain - Provence (Marseille), France - Florence/Pisa (La Spezia), Italy - Rome (Civitavecchia), Italy - Naples/Capri, Italy - Barcelona, Spain",LE07BCN-1495935368-2026-09-13,2026-09-13,Balcony,2279
2025-11-22T22:09:05.857590,"https://www.royalcaribbean.com/gbr/en/cruises?search=departurePort:BCN,BYE,FLL,LAX,MIA,ROM,SIN,YOK|nights:6~8,9~11,gte12|ship:AL,AN,HM,IC,LE,OA,OV,OY,QN,ST,SY,UT,WN&country=IRL&market=gbr&language=en",https://www.royalcaribbean.com/gbr/en/cruises/itinerary/7-night-western-mediterranean-from-barcelona-on-legend/LE07BCN-1495935368?sail-date=2027-10-17&currency=EUR&country=IRL,LE07BCN-1495935368,Western Mediterranean Cruise,7,Legend of the Seas,LE,"Barcelona, Spain",BCN,"Barcelona, Spain - Palma de Mallorca, Spain - Provence (Marseille), France - Florence/Pisa (La Spezia), Italy - Rome (Civitavecchia), Italy - Naples/Capri, Italy - Barcelona, Spain",LE07BCN-1495935368-2026-09-13,2026-09-13,Suite Guarantee,2715
2025-11-22T22:09:05.857590,"https://www.royalcaribbean.com/gbr/en/cruises?search=departurePort:BCN,BYE,FLL,LAX,MIA,ROM,SIN,YOK|nights:6~8,9~11,gte12|ship:AL,AN,HM,IC,LE,OA,OV,OY,QN,ST,SY,UT,WN&country=IRL&market=gbr&language=en",https://www.royalcaribbean.com/gbr/en/cruises/itinerary/7-night-western-mediterranean-from-barcelona-on-legend/LE07BCN-1495935368?sail-date=2027-10-17&currency=EUR&country=IRL,LE07BCN-1495935368,Western Mediterranean Cruise,7,Legend of the Seas,LE,"Barcelona, Spain",BCN,"Barcelona, Spain - Palma de Mallorca, Spain - Provence (Marseille), France - Florence/Pisa (La Spezia), Italy - Rome (Civitavecchia), Italy - Naples/Capri, Italy - Barcelona, Spain",LE07BCN-1495935368-2026-09-13,2026-09-13,We Choose Your Suite,2348
2025-11-22T22:09:05.857590,"https://www.royalcaribbean.com/gbr/en/cruises?search=departurePort:BCN,BYE,FLL,LAX,MIA,ROM,SIN,YOK|nights:6~8,9~11,gte12|ship:AL,AN,HM,IC,LE,OA,OV,OY,QN,ST,SY,UT,WN&country=IRL&market=gbr&language=en",https://www.royalcaribbean.com/gbr/en/cruises/itinerary/7-night-western-mediterranean-from-barcelona-on-legend/LE07BCN-1495935368?sail-date=2027-10-17&currency=EUR&country=IRL,LE07BCN-1495935368,Western Mediterranean Cruise,7,Legend of the Seas,LE,"Barcelona, Spain",BCN,"Barcelona, Spain - Palma de Mallorca, Spain - Provence (Marseille), France - Florence/Pisa (La Spezia), Italy - Rome (Civitavecchia), Italy - Naples/Capri, Italy - Barcelona, Spain",LE07BCN-1495935368-2026-09-13,2026-09-13,Surfside Family Suite,2401
2025-11-22T22:09:05.857590,"https://www.royalcaribbean.com/gbr/en/cruises?search=departurePort:BCN,BYE,FLL,LAX,MIA,ROM,SIN,YOK|nights:6~8,9~11,gte12|ship:AL,AN,HM,IC,LE,OA,OV,OY,QN,ST,SY,UT,WN&country=IRL&market=gbr&language=en",https://www.royalcaribbean.com/gbr/en/cruises/itinerary/7-night-western-mediterranean-from-barcelona-on-legend/LE07BCN-1495935368?sail-date=2027-10-17&currency=EUR&country=IRL,LE07BCN-1495935368,Western Mediterranean Cruise,7,Legend of the Seas,LE,"Barcelona, Spain",BCN,"Barcelona, Spain - Palma de Mallorca, Spain - Provence (Marseille), France - Florence/Pisa (La Spezia), Italy - Rome (Civitavecchia), Italy - Naples/Capri, Italy - Barcelona, Spain",LE07BCN-1495935368-2026-09-13,2026-09-13,Junior Suite,2540
2025-11-22T22:09:05.857590,"https://www.royalcaribbean.com/gbr/en/cruises?search=departurePort:BCN,BYE,FLL,LAX,MIA,ROM,SIN,YOK|nights:6~8,9~11,gte12|ship:AL,AN,HM,IC,LE,OA,OV,OY,QN,ST,SY,UT,WN&country=IRL&market=gbr&language=en",https://www.royalcaribbean.com/gbr/en/cruises/itinerary/7-night-western-mediterranean-from-barcelona-on-legend/LE07BCN-1495935368?sail-date=2027-10-17&currency=EUR&country=IRL,LE07BCN-1495935368,Western Mediterranean Cruise,7,Legend of the Seas,LE,"Barcelona, Spain",BCN,"Barcelona, Spain - Palma de Mallorca, Spain - Provence (Marseille), France - Florence/Pisa (La Spezia), Italy - Rome (Civitavecchia), Italy - Naples/Capri, Italy - Barcelona, Spain",LE07BCN-1495935368-2026-09-13,2026-09-13,Ocean View Panoramic Suite No Balcony,3210
2025-11-22T22:09:05.857590,"https://www.royalcaribbean.com/gbr/en/cruises?search=departurePort:BCN,BYE,FLL,LAX,MIA,ROM,SIN,YOK|nights:6~8,9~11,gte12|ship:AL,AN,HM,IC,LE,OA,OV,OY,QN,ST,SY,UT,WN&country=IRL&market=gbr&language=en",https://www.royalcaribbean.com/gbr/en/cruises/itinerary/7-night-western-mediterranean-from-barcelona-on-legend/LE07BCN-1495935368?sail-date=2027-10-17&currency=EUR&country=IRL,LE07BCN-1495935368,Western Mediterranean Cruise,7,Legend of the Seas,LE,"Barcelona, Spain",BCN,"Barcelona, Spain - Palma de Mallorca, Spain - Provence (Marseille), France - Florence/Pisa (La Spezia), Italy - Rome (Civitavecchia), Italy - Naples/Capri, Italy - Barcelona, Spain",LE07BCN-1495935368-2026-09-13,2026-09-13,Sky Junior Suite,3333
2025-11-22T22:09:05.857590,"https://www.royalcaribbean.com/gbr/en/cruises?search=departurePort:BCN,BYE,FLL,LAX,MIA,ROM,SIN,YOK|nights:6~8,9~11,gte12|ship:AL,AN,HM,IC,LE,OA,OV,OY,QN,ST,SY,UT,WN&country=IRL&market=gbr&language=en",https://www.royalcaribbean.com/gbr/en/cruises/itinerary/7-night-western-mediterranean-from-barcelona-on-legend/LE07BCN-1495935368?sail-date=2027-10-17&currency=EUR&country=IRL,LE07BCN-1495935368,Western Mediterranean Cruise,7,Legend of the Seas,LE,"Barcelona, Spain",BCN,"Barcelona, Spain - Palma de Mallorca, Spain - Provence (Marseille), France - Florence/Pisa (La Spezia), Italy - Rome (Civitavecchia), Italy - Naples/Capri, Italy - Barcelona, Spain",LE07BCN-1495935368-2026-09-13,2026-09-13,Sunset Junior Suite,3680
2025-11-22T22:09:05.857590,"https://www.royalcaribbean.com/gbr/en/cruises?search=departurePort:BCN,BYE,FLL,LAX,MIA,ROM,SIN,YOK|nights:6~8,9~11,gte12|ship:AL,AN,HM,IC,LE,OA,OV,OY,QN,ST,SY,UT,WN&country=IRL&market=gbr&language=en",https://www.royalcaribbean.com/gbr/en/cruises/itinerary/7-night-western-mediterranean-from-barcelona-on-legend/LE07BCN-1495935368?sail-date=2027-10-17&currency=EUR&country=IRL,LE07BCN-1495935368,Western Mediterranean Cruise,7,Legend of the Seas,LE,"Barcelona, Spain",BCN,"Barcelona, Spain - Palma de Mallorca, Spain - Provence (Marseille), France - Florence/Pisa (La Spezia), Italy - Rome (Civitavecchia), Italy - Naples/Capri, Italy - Barcelona, Spain",LE07BCN-1495935368-2026-09-13,2026-09-13,Infinite Grand Suite,4717
2025-11-22T22:09:05.857590,"https://www.royalcaribbean.com/gbr/en/cruises?search=departurePort:BCN,BYE,FLL,LAX,MIA,ROM,SIN,YOK|nights:6~8,9~11,gte12|ship:AL,AN,HM,IC,LE,OA,OV,OY,QN,ST,SY,UT,WN&country=IRL&market=gbr&language=en",https://www.royalcaribbean.com/gbr/en/cruises/itinerary/7-night-western-mediterranean-from-barcelona-on-legend/LE07BCN-1495935368?sail-date=2027-10-17&currency=EUR&country=IRL,LE07BCN-1495935368,Western Mediterranean Cruise,7,Legend of the Seas,LE,"Barcelona, Spain",BCN,"Barcelona, Spain - Palma de Mallorca, Spain - Provence (Marseille), France - Florence/Pisa (La Spezia), Italy - Rome (Civitavecchia), Italy - Naples/Capri, Italy - Barcelona, Spain",LE07BCN-1495935368-2026-09-13,2026-09-13,Grand Suite,4717
2025-11-22T22:09:05.857590,"https://www.royalcaribbean.com/gbr/en/cruises?search=departurePort:BCN,BYE,FLL,LAX,MIA,ROM,SIN,YOK|nights:6~8,9~11,gte12|ship:AL,AN,HM,IC,LE,OA,OV,OY,QN,ST,SY,UT,WN&country=IRL&market=gbr&language=en",https://www.royalcaribbean.com/gbr/en/cruises/itinerary/7-night-western-mediterranean-from-barcelona-on-legend/LE07BCN-1495935368?sail-date=2027-10-17&currency=EUR&country=IRL,LE07BCN-1495935368,Western Mediterranean Cruise,7,Legend of the Seas,LE,"Barcelona, Spain",BCN,"Barcelona, Spain - Palma de Mallorca, Spain - Provence (Marseille), France - Florence/Pisa (La Spezia), Italy - Rome (Civitavecchia), Italy - Naples/Capri, Italy - Barcelona, Spain",LE07BCN-1495935368-2026-09-13,2026-09-13,Sunset Suite,4814
2025-11-22T22:09:05.857590,"https://www.royalcaribbean.com/gbr/en/cruises?search=departurePort:BCN,BYE,FLL,LAX,MIA,ROM,SIN,YOK|nights:6~8,9~11,gte12|ship:AL,AN,HM,IC,LE,OA,OV,OY,QN,ST,SY,UT,WN&country=IRL&market=gbr&language=en",https://www.royalcaribbean.com/gbr/en/cruises/itinerary/7-night-western-mediterranean-from-barcelona-on-legend/LE07BCN-1495935368?sail-date=2027-10-17&currency=EUR&country=IRL,LE07BCN-1495935368,Western Mediterranean Cruise,7,Legend of the Seas,LE,"Barcelona, Spain",BCN,"Barcelona, Spain - Palma de Mallorca, Spain - Provence (Marseille), France - Florence/Pisa (La Spezia), Italy - Rome (Civitavecchia), Italy - Naples/Capri, Italy - Barcelona, Spain",LE07BCN-1495935368-2026-09-13,2026-09-13,Sunset Corner Suite,5187
2025-11-22T22:09:05.857590,"https://www.royalcaribbean.com/gbr/en/cruises?search=departurePort:BCN,BYE,FLL,LAX,MIA,ROM,SIN,YOK|nights:6~8,9~11,gte12|ship:AL,AN,HM,IC,LE,OA,OV,OY,QN,ST,SY,UT,WN&country=IRL&market=gbr&language=en",https://www.royalcaribbean.com/gbr/en/cruises/itinerary/7-night-western-mediterranean-from-barcelona-on-legend/LE07BCN-1495935368?sail-date=2027-10-17&currency=EUR&country=IRL,LE07BCN-1495935368,Western Mediterranean Cruise,7,Legend of the Seas,LE,"Barcelona, Spain",BCN,"Barcelona, Spain - Palma de Mallorca, Spain - Provence (Marseille), France - Florence/Pisa (La Spezia), Italy - Rome (Civitavecchia), Italy - Naples/Capri, Italy - Barcelona, Spain",LE07BCN-1495935368-2026-09-13,2026-09-13,Owners Suite,6808
2025-11-22T22:09:05.857590,"https://www.royalcaribbean.com/gbr/en/cruises?search=departurePort:BCN,BYE,FLL,LAX,MIA,ROM,SIN,YOK|nights:6~8,9~11,gte12|ship:AL,AN,HM,IC,LE,OA,OV,OY,QN,ST,SY,UT,WN&country=IRL&market=gbr&language=en",https://www.royalcaribbean.com/gbr/en/cruises/itinerary/7-night-western-mediterranean-from-barcelona-on-legend/LE07BCN-1495935368?sail-date=2027-10-17&currency=EUR&country=IRL,LE07BCN-1495935368,Western Mediterranean Cruise,7,Legend of the Seas,LE,"Barcelona, Spain",BCN,"Barcelona, Spain - Palma de Mallorca, Spain - Provence (Marseille), France - Florence/Pisa (La Spezia), Italy - Rome (Civitavecchia), Italy - Naples/Capri, Italy - Barcelona, Spain",LE07BCN-1495935368-2026-09-13,2026-09-13,Icon Loft Suite,9352
2025-11-22T22:09:05.857590,"https://www.royalcaribbean.com/gbr/en/cruises?search=departurePort:BCN,BYE,FLL,LAX,MIA,ROM,SIN,YOK|nights:6~8,9~11,gte12|ship:AL,AN,HM,IC,LE,OA,OV,OY,QN,ST,SY,UT,WN&country=IRL&market=gbr&language=en",https://www.royalcaribbean.com/gbr/en/cruises/itinerary/7-night-western-mediterranean-from-barcelona-on-legend/LE07BCN-1495935368?sail-date=2027-10-17&currency=EUR&country=IRL,LE07BCN-1495935368,Western Mediterranean Cruise,7,Legend of the Seas,LE,"Barcelona, Spain",BCN,"Barcelona, Spain - Palma de Mallorca, Spain - Provence (Marseille), France - Florence/Pisa (La Spezia), Italy - Rome (Civitavecchia), Italy - Naples/Capri, Italy - Barcelona, Spain",LE07BCN-1495935368-2026-09-13,2026-09-13,Ultimate Family Townhouse,26964
2025-11-22T22:09:05.857590,"https://www.royalcaribbean.com/gbr/en/cruises?search=departurePort:BCN,BYE,FLL,LAX,MIA,ROM,SIN,YOK|nights:6~8,9~11,gte12|ship:AL,AN,HM,IC,LE,OA,OV,OY,QN,ST,SY,UT,WN&country=IRL&market=gbr&language=en",https://www.royalcaribbean.com/gbr/en/cruises/itinerary/7-night-western-mediterranean-from-barcelona-on-legend/LE07BCN-1495935368?sail-date=2027-10-17&currency=EUR&country=IRL,LE07BCN-1495935368,Western Mediterranean Cruise,7,Legend of the Seas,LE,"Barcelona, Spain",BCN,"Barcelona, Spain - Palma de Mallorca, Spain - Provence (Marseille), France - Florence/Pisa (La Spezia), Italy - Rome (Civitavecchia), Italy - Naples/Capri, Italy - Barcelona, Spain",LE07BCN-1495935368-2026-09-13,2026-09-13,Royal Loft Suite,28350
2025-11-22T22:09:05.857590,"https://www.royalcaribbean.com/gbr/en/cruises?search=departurePort:BCN,BYE,FLL,LAX,MIA,ROM,SIN,YOK|nights:6~8,9~11,gte12|ship:AL,AN,HM,IC,LE,OA,OV,OY,QN,ST,SY,UT,WN&country=IRL&market=gbr&language=en",https://www.royalcaribbean.com/gbr/en/cruises/itinerary/7-night-western-mediterranean-from-barcelona-on-legend/LE07BCN-1495935368?sail-date=2027-10-17&currency=EUR&country=IRL,LE07BCN-1495935368,Western Mediterranean Cruise,7,Legend of the Seas,LE,"Barcelona, Spain",BCN,"Barcelona, Spain - Palma de Mallorca, Spain - Provence (Marseille), France - Florence/Pisa (La Spezia), Italy - Rome (Civitavecchia), Italy - Naples/Capri, Italy - Barcelona, Spain",LE07BCN-1495935368-2026-09-20,2026-09-20,Interior,1981
2025-11-22T22:09:05.857590,"https://www.royalcaribbean.com/gbr/en/cruises?search=departurePort:BCN,BYE,FLL,LAX,MIA,ROM,SIN,YOK|nights:6~8,9~11,gte12|ship:AL,AN,HM,IC,LE,OA,OV,OY,QN,ST,SY,UT,WN&country=IRL&market=gbr&language=en",https://www.royalcaribbean.com/gbr/en/cruises/itinerary/7-night-western-mediterranean-from-barcelona-on-legend/LE07BCN-1495935368?sail-date=2027-10-17&currency=EUR&country=IRL,LE07BCN-1495935368,Western Mediterranean Cruise,7,Legend of the Seas,LE,"Barcelona, Spain",BCN,"Barcelona, Spain - Palma de Mallorca, Spain - Provence (Marseille), France - Florence/Pisa (La Spezia), Italy - Rome (Civitavecchia), Italy - Naples/Capri, Italy - Barcelona, Spain",LE07BCN-1495935368-2026-09-20,2026-09-20,Ocean View,1984
2025-11-22T22:09:05.857590,"https://www.royalcaribbean.com/gbr/en/cruises?search=departurePort:BCN,BYE,FLL,LAX,MIA,ROM,SIN,YOK|nights:6~8,9~11,gte12|ship:AL,AN,HM,IC,LE,OA,OV,OY,QN,ST,SY,UT,WN&country=IRL&market=gbr&language=en",https://www.royalcaribbean.com/gbr/en/cruises/itinerary/7-night-western-mediterranean-from-barcelona-on-legend/LE07BCN-1495935368?sail-date=2027-10-17&currency=EUR&country=IRL,LE07BCN-1495935368,Western Mediterranean Cruise,7,Legend of the Seas,LE,"Barcelona, Spain",BCN,"Barcelona, Spain - Palma de Mallorca, Spain - Provence (Marseille), France - Florence/Pisa (La Spezia), Italy - Rome (Civitavecchia), Italy - Naples/Capri, Italy - Barcelona, Spain",LE07BCN-1495935368-2026-09-20,2026-09-20,Balcony,2080
2025-11-22T22:09:05.857590,"https://www.royalcaribbean.com/gbr/en/cruises?search=departurePort:BCN,BYE,FLL,LAX,MIA,ROM,SIN,YOK|nights:6~8,9~11,gte12|ship:AL,AN,HM,IC,LE,OA,OV,OY,QN,ST,SY,UT,WN&country=IRL&market=gbr&language=en",https://www.royalcaribbean.com/gbr/en/cruises/itinerary/7-night-western-mediterranean-from-barcelona-on-legend/LE07BCN-1495935368?sail-date=2027-10-17&currency=EUR&country=IRL,LE07BCN-1495935368,Western Mediterranean Cruise,7,Legend of the Seas,LE,"Barcelona, Spain",BCN,"Barcelona, Spain - Palma de Mallorca, Spain - Provence (Marseille), France - Florence/Pisa (La Spezia), Italy - Rome (Civitavecchia), Italy - Naples/Capri, Italy - Barcelona, Spain",LE07BCN-1495935368-2026-09-20,2026-09-20,Suite Guarantee,2668
2025-11-22T22:09:05.857590,"https://www.royalcaribbean.com/gbr/en/cruises?search=departurePort:BCN,BYE,FLL,LAX,MIA,ROM,SIN,YOK|nights:6~8,9~11,gte12|ship:AL,AN,HM,IC,LE,OA,OV,OY,QN,ST,SY,UT,WN&country=IRL&market=gbr&language=en",https://www.royalcaribbean.com/gbr/en/cruises/itinerary/7-night-western-mediterranean-from-barcelona-on-legend/LE07BCN-1495935368?sail-date=2027-10-17&currency=EUR&country=IRL,LE07BCN-1495935368,Western Mediterranean Cruise,7,Legend of the Seas,LE,"Barcelona, Spain",BCN,"Barcelona, Spain - Palma de Mallorca, Spain - Provence (Marseille), France - Florence/Pisa (La Spezia), Italy - Rome (Civitavecchia), Italy - Naples/Capri, Italy - Barcelona, Spain",LE07BCN-1495935368-2026-09-20,2026-09-20,We Choose Your Suite,2348
2025-11-22T22:09:05.857590,"https://www.royalcaribbean.com/gbr/en/cruises?search=departurePort:BCN,BYE,FLL,LAX,MIA,ROM,SIN,YOK|nights:6~8,9~11,gte12|ship:AL,AN,HM,IC,LE,OA,OV,OY,QN,ST,SY,UT,WN&country=IRL&market=gbr&language=en",https://www.royalcaribbean.com/gbr/en/cruises/itinerary/7-night-western-mediterranean-from-barcelona-on-legend/LE07BCN-1495935368?sail-date=2027-10-17&currency=EUR&country=IRL,LE07BCN-1495935368,Western Mediterranean Cruise,7,Legend of the Seas,LE,"Barcelona, Spain",BCN,"Barcelona, Spain - Palma de Mallorca, Spain - Provence (Marseille), France - Florence/Pisa (La Spezia), Italy - Rome (Civitavecchia), Italy - Naples/Capri, Italy - Barcelona, Spain",LE07BCN-1495935368-2026-09-20,2026-09-20,Surfside Family Suite,2401
2025-11-22T22:09:05.857590,"https://www.royalcaribbean.com/gbr/en/cruises?search=departurePort:BCN,BYE,FLL,LAX,MIA,ROM,SIN,YOK|nights:6~8,9~11,gte12|ship:AL,AN,HM,IC,LE,OA,OV,OY,QN,ST,SY,UT,WN&country=IRL&market=gbr&language=en",https://www.royalcaribbean.com/gbr/en/cruises/itinerary/7-night-western-mediterranean-from-barcelona-on-legend/LE07BCN-1495935368?sail-date=2027-10-17&currency=EUR&country=IRL,LE07BCN-1495935368,Western Mediterranean Cruise,7,Legend of the Seas,LE,"Barcelona, Spain",BCN,"Barcelona, Spain - Palma de Mallorca, Spain - Provence (Marseille), France - Florence/Pisa (La Spezia), Italy - Rome (Civitavecchia), Italy - Naples/Capri, Italy - Barcelona, Spain",LE07BCN-1495935368-2026-09-20,2026-09-20,Junior Suite,2540
2025-11-22T22:09:05.857590,"https://www.royalcaribbean.com/gbr/en/cruises?search=departurePort:BCN,BYE,FLL,LAX,MIA,ROM,SIN,YOK|nights:6~8,9~11,gte12|ship:AL,AN,HM,IC,LE,OA,OV,OY,QN,ST,SY,UT,WN&country=IRL&market=gbr&language=en",https://www.royalcaribbean.com/gbr/en/cruises/itinerary/7-night-western-mediterranean-from-barcelona-on-legend/LE07BCN-1495935368?sail-date=2027-10-17&currency=EUR&country=IRL,LE07BCN-1495935368,Western Mediterranean Cruise,7,Legend of the Seas,LE,"Barcelona, Spain",BCN,"Barcelona, Spain - Palma de Mallorca, Spain - Provence (Marseille), France - Florence/Pisa (La Spezia), Italy - Rome (Civitavecchia), Italy - Naples/Capri, Italy - Barcelona, Spain",LE07BCN-1495935368-2026-09-20,2026-09-20,Ocean View Panoramic Suite No Balcony,3210
2025-11-22T22:09:05.857590,"https://www.royalcaribbean.com/gbr/en/cruises?search=departurePort:BCN,BYE,FLL,LAX,MIA,ROM,SIN,YOK|nights:6~8,9~11,gte12|ship:AL,AN,HM,IC,LE,OA,OV,OY,QN,ST,SY,UT,WN&country=IRL&market=gbr&language=en",https://www.royalcaribbean.com/gbr/en/cruises/itinerary/7-night-western-mediterranean-from-barcelona-on-legend/LE07BCN-1495935368?sail-date=2027-10-17&currency=EUR&country=IRL,LE07BCN-1495935368,Western Mediterranean Cruise,7,Legend of the Seas,LE,"Barcelona, Spain",BCN,"Barcelona, Spain - Palma de Mallorca, Spain - Provence (Marseille), France - Florence/Pisa (La Spezia), Italy - Rome (Civitavecchia), Italy - Naples/Capri, Italy - Barcelona, Spain",LE07BCN-1495935368-2026-09-20,2026-09-20,Sky Junior Suite,3333
2025-11-22T22:09:05.857590,"https://www.royalcaribbean.com/gbr/en/cruises?search=departurePort:BCN,BYE,FLL,LAX,MIA,ROM,SIN,YOK|nights:6~8,9~11,gte12|ship:AL,AN,HM,IC,LE,OA,OV,OY,QN,ST,SY,UT,WN&country=IRL&market=gbr&language=en",https://www.royalcaribbean.com/gbr/en/cruises/itinerary/7-night-western-mediterranean-from-barcelona-on-legend/LE07BCN-1495935368?sail-date=2027-10-17&currency=EUR&country=IRL,LE07BCN-1495935368,Western Mediterranean Cruise,7,Legend of the Seas,LE,"Barcelona, Spain",BCN,"Barcelona, Spain - Palma de Mallorca, Spain - Provence (Marseille), France - Florence/Pisa (La Spezia), Italy - Rome (Civitavecchia), Italy - Naples/Capri, Italy - Barcelona, Spain",LE07BCN-1495935368-2026-09-20,2026-09-20,Sunset Junior Suite,3680
2025-11-22T22:09:05.857590,"https://www.royalcaribbean.com/gbr/en/cruises?search=departurePort:BCN,BYE,FLL,LAX,MIA,ROM,SIN,YOK|nights:6~8,9~11,gte12|ship:AL,AN,HM,IC,LE,OA,OV,OY,QN,ST,SY,UT,WN&country=IRL&market=gbr&language=en",https://www.royalcaribbean.com/gbr/en/cruises/itinerary/7-night-western-mediterranean-from-barcelona-on-legend/LE07BCN-1495935368?sail-date=2027-10-17&currency=EUR&country=IRL,LE07BCN-1495935368,Western Mediterranean Cruise,7,Legend of the Seas,LE,"Barcelona, Spain",BCN,"Barcelona, Spain - Palma de Mallorca, Spain - Provence (Marseille), France - Florence/Pisa (La Spezia), Italy - Rome (Civitavecchia), Italy - Naples/Capri, Italy - Barcelona, Spain",LE07BCN-1495935368-2026-09-20,2026-09-20,Infinite Grand Suite,4717
2025-11-22T22:09:05.857590,"https://www.royalcaribbean.com/gbr/en/cruises?search=departurePort:BCN,BYE,FLL,LAX,MIA,ROM,SIN,YOK|nights:6~8,9~11,gte12|ship:AL,AN,HM,IC,LE,OA,OV,OY,QN,ST,SY,UT,WN&country=IRL&market=gbr&language=en",https://www.royalcaribbean.com/gbr/en/cruises/itinerary/7-night-western-mediterranean-from-barcelona-on-legend/LE07BCN-1495935368?sail-date=2027-10-17&currency=EUR&country=IRL,LE07BCN-1495935368,Western Mediterranean Cruise,7,Legend of the Seas,LE,"Barcelona, Spain",BCN,"Barcelona, Spain - Palma de Mallorca, Spain - Provence (Marseille), France - Florence/Pisa (La Spezia), Italy - Rome (Civitavecchia), Italy - Naples/Capri, Italy - Barcelona, Spain",LE07BCN-1495935368-2026-09-20,2026-09-20,Grand Suite,4717
2025-11-22T22:09:05.857590,"https://www.royalcaribbean.com/gbr/en/cruises?search=departurePort:BCN,BYE,FLL,LAX,MIA,ROM,SIN,YOK|nights:6~8,9~11,gte12|ship:AL,AN,HM,IC,LE,OA,OV,OY,QN,ST,SY,UT,WN&country=IRL&market=gbr&language=en",https://www.royalcaribbean.com/gbr/en/cruises/itinerary/7-night-western-mediterranean-from-barcelona-on-legend/LE07BCN-1495935368?sail-date=2027-10-17&currency=EUR&country=IRL,LE07BCN-1495935368,Western Mediterranean Cruise,7,Legend of the Seas,LE,"Barcelona, Spain",BCN,"Barcelona, Spain - Palma de Mallorca, Spain - Provence (Marseille), France - Florence/Pisa (La Spezia), Italy - Rome (Civitavecchia), Italy - Naples/Capri, Italy - Barcelona, Spain",LE07BCN-1495935368-2026-09-20,2026-09-20,Sunset Suite,4814
2025-11-22T22:09:05.857590,"https://www.royalcaribbean.com/gbr/en/cruises?search=departurePort:BCN,BYE,FLL,LAX,MIA,ROM,SIN,YOK|nights:6~8,9~11,gte12|ship:AL,AN,HM,IC,LE,OA,OV,OY,QN,ST,SY,UT,WN&country=IRL&market=gbr&language=en",https://www.royalcaribbean.com/gbr/en/cruises/itinerary/7-night-western-mediterranean-from-barcelona-on-legend/LE07BCN-1495935368?sail-date=2027-10-17&currency=EUR&country=IRL,LE07BCN-1495935368,Western Mediterranean Cruise,7,Legend of the Seas,LE,"Barcelona, Spain",BCN,"Barcelona, Spain - Palma de Mallorca, Spain - Provence (Marseille), France - Florence/Pisa (La Spezia), Italy - Rome (Civitavecchia), Italy - Naples/Capri, Italy - Barcelona, Spain",LE07BCN-1495935368-2026-09-20,2026-09-20,Sunset Corner Suite,5187
2025-11-22T22:09:05.857590,"https://www.royalcaribbean.com/gbr/en/cruises?search=departurePort:BCN,BYE,FLL,LAX,MIA,ROM,SIN,YOK|nights:6~8,9~11,gte12|ship:AL,AN,HM,IC,LE,OA,OV,OY,QN,ST,SY,UT,WN&country=IRL&market=gbr&language=en",https://www.royalcaribbean.com/gbr/en/cruises/itinerary/7-night-western-mediterranean-from-barcelona-on-legend/LE07BCN-1495935368?sail-date=2027-10-17&currency=EUR&country=IRL,LE07BCN-1495935368,Western Mediterranean Cruise,7,Legend of the Seas,LE,"Barcelona, Spain",BCN,"Barcelona, Spain - Palma de Mallorca, Spain - Provence (Marseille), France - Florence/Pisa (La Spezia), Italy - Rome (Civitavecchia), Italy - Naples/Capri, Italy - Barcelona, Spain",LE07BCN-1495935368-2026-09-20,2026-09-20,Owners Suite,6808
2025-11-22T22:09:05.857590,"https://www.royalcaribbean.com/gbr/en/cruises?search=departurePort:BCN,BYE,FLL,LAX,MIA,ROM,SIN,YOK|nights:6~8,9~11,gte12|ship:AL,AN,HM,IC,LE,OA,OV,OY,QN,ST,SY,UT,WN&country=IRL&market=gbr&language=en",https://www.royalcaribbean.com/gbr/en/cruises/itinerary/7-night-western-mediterranean-from-barcelona-on-legend/LE07BCN-1495935368?sail-date=2027-10-17&currency=EUR&country=IRL,LE07BCN-1495935368,Western Mediterranean Cruise,7,Legend of the Seas,LE,"Barcelona, Spain",BCN,"Barcelona, Spain - Palma de Mallorca, Spain - Provence (Marseille), France - Florence/Pisa (La Spezia), Italy - Rome (Civitavecchia), Italy - Naples/Capri, Italy - Barcelona, Spain",LE07BCN-1495935368-2026-09-20,2026-09-20,Icon Loft Suite,9352
2025-11-22T22:09:05.857590,"https://www.royalcaribbean.com/gbr/en/cruises?search=departurePort:BCN,BYE,FLL,LAX,MIA,ROM,SIN,YOK|nights:6~8,9~11,gte12|ship:AL,AN,HM,IC,LE,OA,OV,OY,QN,ST,SY,UT,WN&country=IRL&market=gbr&language=en",https://www.royalcaribbean.com/gbr/en/cruises/itinerary/7-night-western-mediterranean-from-barcelona-on-legend/LE07BCN-1495935368?sail-date=2027-10-17&currency=EUR&country=IRL,LE07BCN-1495935368,Western Mediterranean Cruise,7,Legend of the Seas,LE,"Barcelona, Spain",BCN,"Barcelona, Spain - Palma de Mallorca, Spain - Provence (Marseille), France - Florence/Pisa (La Spezia), Italy - Rome (Civitavecchia), Italy - Naples/Capri, Italy - Barcelona, Spain",LE07BCN-1495935368-2026-09-20,2026-09-20,Ultimate Family Townhouse,26964
2025-11-22T22:09:05.857590,"https://www.royalcaribbean.com/gbr/en/cruises?search=departurePort:BCN,BYE,FLL,LAX,MIA,ROM,SIN,YOK|nights:6~8,9~11,gte12|ship:AL,AN,HM,IC,LE,OA,OV,OY,QN,ST,SY,UT,WN&country=IRL&market=gbr&language=en",https://www.royalcaribbean.com/gbr/en/cruises/itinerary/7-night-western-mediterranean-from-barcelona-on-legend/LE07BCN-1495935368?sail-date=2027-10-17&currency=EUR&country=IRL,LE07BCN-1495935368,Western Mediterranean Cruise,7,Legend of the Seas,LE,"Barcelona, Spain",BCN,"Barcelona, Spain - Palma de Mallorca, Spain - Provence (Marseille), France - Florence/Pisa (La Spezia), Italy - Rome (Civitavecchia), Italy - Naples/Capri, Italy - Barcelona, Spain",LE07BCN-1495935368-2026-09-20,2026-09-20,Royal Loft Suite,28350
2025-11-22T22:09:05.857590,"https://www.royalcaribbean.com/gbr/en/cruises?search=departurePort:BCN,BYE,FLL,LAX,MIA,ROM,SIN,YOK|nights:6~8,9~11,gte12|ship:AL,AN,HM,IC,LE,OA,OV,OY,QN,ST,SY,UT,WN&country=IRL&market=gbr&language=en",https://www.royalcaribbean.com/gbr/en/cruises/itinerary/8-nt-southern-caribbean-perfect-day-from-fort-on-legend/LE08FLL-1526021002?sail-date=2027-01-23&currency=EUR&country=IRL,LE08FLL-1526021002,Southern Caribbean & Perfect Day,8,Legend of the Seas,LE,"Fort Lauderdale, Florida",FLL,"Fort Lauderdale, Florida - Willemstad, Curacao - Oranjestad, Aruba - Cabo Rojo, Dominican Republic - Perfect Day at CocoCay, Bahamas - Fort Lauderdale, Florida",LE08FLL-1526021002-2027-01-23,2027-01-23,Interior,1812
2025-11-22T22:09:05.857590,"https://www.royalcaribbean.com/gbr/en/cruises?search=departurePort:BCN,BYE,FLL,LAX,MIA,ROM,SIN,YOK|nights:6~8,9~11,gte12|ship:AL,AN,HM,IC,LE,OA,OV,OY,QN,ST,SY,UT,WN&country=IRL&market=gbr&language=en",https://www.royalcaribbean.com/gbr/en/cruises/itinerary/8-nt-southern-caribbean-perfect-day-from-fort-on-legend/LE08FLL-1526021002?sail-date=2027-01-23&currency=EUR&country=IRL,LE08FLL-1526021002,Southern Caribbean & Perfect Day,8,Legend of the Seas,LE,"Fort Lauderdale, Florida",FLL,"Fort Lauderdale, Florida - Willemstad, Curacao - Oranjestad, Aruba - Cabo Rojo, Dominican Republic - Perfect Day at CocoCay, Bahamas - Fort Lauderdale, Florida",LE08FLL-1526021002-2027-01-23,2027-01-23,Ocean View,1977
2025-11-22T22:09:05.857590,"https://www.royalcaribbean.com/gbr/en/cruises?search=departurePort:BCN,BYE,FLL,LAX,MIA,ROM,SIN,YOK|nights:6~8,9~11,gte12|ship:AL,AN,HM,IC,LE,OA,OV,OY,QN,ST,SY,UT,WN&country=IRL&market=gbr&language=en",https://www.royalcaribbean.com/gbr/en/cruises/itinerary/8-nt-southern-caribbean-perfect-day-from-fort-on-legend/LE08FLL-1526021002?sail-date=2027-01-23&currency=EUR&country=IRL,LE08FLL-1526021002,Southern Caribbean & Perfect Day,8,Legend of the Seas,LE,"Fort Lauderdale, Florida",FLL,"Fort Lauderdale, Florida - Willemstad, Curacao - Oranjestad, Aruba - Cabo Rojo, Dominican Republic - Perfect Day at CocoCay, Bahamas - Fort Lauderdale, Florida",LE08FLL-1526021002-2027-01-23,2027-01-23,Balcony,2154
2025-11-22T22:09:05.857590,"https://www.royalcaribbean.com/gbr/en/cruises?search=departurePort:BCN,BYE,FLL,LAX,MIA,ROM,SIN,YOK|nights:6~8,9~11,gte12|ship:AL,AN,HM,IC,LE,OA,OV,OY,QN,ST,SY,UT,WN&country=IRL&market=gbr&language=en",https://www.royalcaribbean.com/gbr/en/cruises/itinerary/8-nt-southern-caribbean-perfect-day-from-fort-on-legend/LE08FLL-1526021002?sail-date=2027-01-23&currency=EUR&country=IRL,LE08FLL-1526021002,Southern Caribbean & Perfect Day,8,Legend of the Seas,LE,"Fort Lauderdale, Florida",FLL,"Fort Lauderdale, Florida - Willemstad, Curacao - Oranjestad, Aruba - Cabo Rojo, Dominican Republic - Perfect Day at CocoCay, Bahamas - Fort Lauderdale, Florida",LE08FLL-1526021002-2027-01-23,2027-01-23,Suite Guarantee,3344
2025-11-22T22:09:05.857590,"https://www.royalcaribbean.com/gbr/en/cruises?search=departurePort:BCN,BYE,FLL,LAX,MIA,ROM,SIN,YOK|nights:6~8,9~11,gte12|ship:AL,AN,HM,IC,LE,OA,OV,OY,QN,ST,SY,UT,WN&country=IRL&market=gbr&language=en",https://www.royalcaribbean.com/gbr/en/cruises/itinerary/8-nt-southern-caribbean-perfect-day-from-fort-on-legend/LE08FLL-1526021002?sail-date=2027-01-23&currency=EUR&country=IRL,LE08FLL-1526021002,Southern Caribbean & Perfect Day,8,Legend of the Seas,LE,"Fort Lauderdale, Florida",FLL,"Fort Lauderdale, Florida - Willemstad, Curacao - Oranjestad, Aruba - Cabo Rojo, Dominican Republic - Perfect Day at CocoCay, Bahamas - Fort Lauderdale, Florida",LE08FLL-1526021002-2027-01-23,2027-01-23,We Choose Your Suite,3344
2025-11-22T22:09:05.857590,"https://www.royalcaribbean.com/gbr/en/cruises?search=departurePort:BCN,BYE,FLL,LAX,MIA,ROM,SIN,YOK|nights:6~8,9~11,gte12|ship:AL,AN,HM,IC,LE,OA,OV,OY,QN,ST,SY,UT,WN&country=IRL&market=gbr&language=en",https://www.royalcaribbean.com/gbr/en/cruises/itinerary/8-nt-southern-caribbean-perfect-day-from-fort-on-legend/LE08FLL-1526021002?sail-date=2027-01-23&currency=EUR&country=IRL,LE08FLL-1526021002,Southern Caribbean & Perfect Day,8,Legend of the Seas,LE,"Fort Lauderdale, Florida",FLL,"Fort Lauderdale, Florida - Willemstad, Curacao - Oranjestad, Aruba - Cabo Rojo, Dominican Republic - Perfect Day at CocoCay, Bahamas - Fort Lauderdale, Florida",LE08FLL-1526021002-2027-01-23,2027-01-23,Surfside Family Suite,3424
2025-11-22T22:09:05.857590,"https://www.royalcaribbean.com/gbr/en/cruises?search=departurePort:BCN,BYE,FLL,LAX,MIA,ROM,SIN,YOK|nights:6~8,9~11,gte12|ship:AL,AN,HM,IC,LE,OA,OV,OY,QN,ST,SY,UT,WN&country=IRL&market=gbr&language=en",https://www.royalcaribbean.com/gbr/en/cruises/itinerary/8-nt-southern-caribbean-perfect-day-from-fort-on-legend/LE08FLL-1526021002?sail-date=2027-01-23&currency=EUR&country=IRL,LE08FLL-1526021002,Southern Caribbean & Perfect Day,8,Legend of the Seas,LE,"Fort Lauderdale, Florida",FLL,"Fort Lauderdale, Florida - Willemstad, Curacao - Oranjestad, Aruba - Cabo Rojo, Dominican Republic - Perfect Day at CocoCay, Bahamas - Fort Lauderdale, Florida",LE08FLL-1526021002-2027-01-23,2027-01-23,Junior Suite,4297
2025-11-22T22:09:05.857590,"https://www.royalcaribbean.com/gbr/en/cruises?search=departurePort:BCN,BYE,FLL,LAX,MIA,ROM,SIN,YOK|nights:6~8,9~11,gte12|ship:AL,AN,HM,IC,LE,OA,OV,OY,QN,ST,SY,UT,WN&country=IRL&market=gbr&language=en",https://www.royalcaribbean.com/gbr/en/cruises/itinerary/8-nt-southern-caribbean-perfect-day-from-fort-on-legend/LE08FLL-1526021002?sail-date=2027-01-23&currency=EUR&country=IRL,LE08FLL-1526021002,Southern Caribbean & Perfect Day,8,Legend of the Seas,LE,"Fort Lauderdale, Florida",FLL,"Fort Lauderdale, Florida - Willemstad, Curacao - Oranjestad, Aruba - Cabo Rojo, Dominican Republic - Perfect Day at CocoCay, Bahamas - Fort Lauderdale, Florida",LE08FLL-1526021002-2027-01-23,2027-01-23,Sky Junior Suite,5206
2025-11-22T22:09:05.857590,"https://www.royalcaribbean.com/gbr/en/cruises?search=departurePort:BCN,BYE,FLL,LAX,MIA,ROM,SIN,YOK|nights:6~8,9~11,gte12|ship:AL,AN,HM,IC,LE,OA,OV,OY,QN,ST,SY,UT,WN&country=IRL&market=gbr&language=en",https://www.royalcaribbean.com/gbr/en/cruises/itinerary/8-nt-southern-caribbean-perfect-day-from-fort-on-legend/LE08FLL-1526021002?sail-date=2027-01-23&currency=EUR&country=IRL,LE08FLL-1526021002,Southern Caribbean & Perfect Day,8,Legend of the Seas,LE,"Fort Lauderdale, Florida",FLL,"Fort Lauderdale, Florida - Willemstad, Curacao - Oranjestad, Aruba - Cabo Rojo, Dominican Republic - Perfect Day at CocoCay, Bahamas - Fort Lauderdale, Florida",LE08FLL-1526021002-2027-01-23,2027-01-23,Sunset Junior Suite,5614
2025-11-22T22:09:05.857590,"https://www.royalcaribbean.com/gbr/en/cruises?search=departurePort:BCN,BYE,FLL,LAX,MIA,ROM,SIN,YOK|nights:6~8,9~11,gte12|ship:AL,AN,HM,IC,LE,OA,OV,OY,QN,ST,SY,UT,WN&country=IRL&market=gbr&language=en",https://www.royalcaribbean.com/gbr/en/cruises/itinerary/8-nt-southern-caribbean-perfect-day-from-fort-on-legend/LE08FLL-1526021002?sail-date=2027-01-23&currency=EUR&country=IRL,LE08FLL-1526021002,Southern Caribbean & Perfect Day,8,Legend of the Seas,LE,"Fort Lauderdale, Florida",FLL,"Fort Lauderdale, Florida - Willemstad, Curacao - Oranjestad, Aruba - Cabo Rojo, Dominican Republic - Perfect Day at CocoCay, Bahamas - Fort Lauderdale, Florida",LE08FLL-1526021002-2027-01-23,2027-01-23,Ocean View Panoramic Suite No Balcony,5616
2025-11-22T22:09:05.857590,"https://www.royalcaribbean.com/gbr/en/cruises?search=departurePort:BCN,BYE,FLL,LAX,MIA,ROM,SIN,YOK|nights:6~8,9~11,gte12|ship:AL,AN,HM,IC,LE,OA,OV,OY,QN,ST,SY,UT,WN&country=IRL&market=gbr&language=en",https://www.royalcaribbean.com/gbr/en/cruises/itinerary/8-nt-southern-caribbean-perfect-day-from-fort-on-legend/LE08FLL-1526021002?sail-date=2027-01-23&currency=EUR&country=IRL,LE08FLL-1526021002,Southern Caribbean & Perfect Day,8,Legend of the Seas,LE,"Fort Lauderdale, Florida",FLL,"Fort Lauderdale, Florida - Willemstad, Curacao - Oranjestad, Aruba - Cabo Rojo, Dominican Republic - Perfect Day at CocoCay, Bahamas - Fort Lauderdale, Florida",LE08FLL-1526021002-2027-01-23,2027-01-23,Infinite Grand Suite,7094
2025-11-22T22:09:05.857590,"https://www.royalcaribbean.com/gbr/en/cruises?search=departurePort:BCN,BYE,FLL,LAX,MIA,ROM,SIN,YOK|nights:6~8,9~11,gte12|ship:AL,AN,HM,IC,LE,OA,OV,OY,QN,ST,SY,UT,WN&country=IRL&market=gbr&language=en",https://www.royalcaribbean.com/gbr/en/cruises/itinerary/8-nt-southern-caribbean-perfect-day-from-fort-on-legend/LE08FLL-1526021002?sail-date=2027-01-23&currency=EUR&country=IRL,LE08FLL-1526021002,Southern Caribbean & Perfect Day,8,Legend of the Seas,LE,"Fort Lauderdale, Florida",FLL,"Fort Lauderdale, Florida - Willemstad, Curacao - Oranjestad, Aruba - Cabo Rojo, Dominican Republic - Perfect Day at CocoCay, Bahamas - Fort Lauderdale, Florida",LE08FLL-1526021002-2027-01-23,2027-01-23,Sunset Suite,7289
2025-11-22T22:09:05.857590,"https://www.royalcaribbean.com/gbr/en/cruises?search=departurePort:BCN,BYE,FLL,LAX,MIA,ROM,SIN,YOK|nights:6~8,9~11,gte12|ship:AL,AN,HM,IC,LE,OA,OV,OY,QN,ST,SY,UT,WN&country=IRL&market=gbr&language=en",https://www.royalcaribbean.com/gbr/en/cruises/itinerary/8-nt-southern-caribbean-perfect-day-from-fort-on-legend/LE08FLL-1526021002?sail-date=2027-01-23&currency=EUR&country=IRL,LE08FLL-1526021002,Southern Caribbean & Perfect Day,8,Legend of the Seas,LE,"Fort Lauderdale, Florida",FLL,"Fort Lauderdale, Florida - Willemstad, Curacao - Oranjestad, Aruba - Cabo Rojo, Dominican Republic - Perfect Day at CocoCay, Bahamas - Fort Lauderdale, Florida",LE08FLL-1526021002-2027-01-23,2027-01-23,Sunset Corner Suite,8118
2025-11-22T22:09:05.857590,"https://www.royalcaribbean.com/gbr/en/cruises?search=departurePort:BCN,BYE,FLL,LAX,MIA,ROM,SIN,YOK|nights:6~8,9~11,gte12|ship:AL,AN,HM,IC,LE,OA,OV,OY,QN,ST,SY,UT,WN&country=IRL&market=gbr&language=en",https://www.royalcaribbean.com/gbr/en/cruises/itinerary/8-nt-southern-caribbean-perfect-day-from-fort-on-legend/LE08FLL-1526021002?sail-date=2027-01-23&currency=EUR&country=IRL,LE08FLL-1526021002,Southern Caribbean & Perfect Day,8,Legend of the Seas,LE,"Fort Lauderdale, Florida",FLL,"Fort Lauderdale, Florida - Willemstad, Curacao - Oranjestad, Aruba - Cabo Rojo, Dominican Republic - Perfect Day at CocoCay, Bahamas - Fort Lauderdale, Florida",LE08FLL-1526021002-2027-01-23,2027-01-23,Owners Suite,9693
2025-11-22T22:09:05.857590,"https://www.royalcaribbean.com/gbr/en/cruises?search=departurePort:BCN,BYE,FLL,LAX,MIA,ROM,SIN,YOK|nights:6~8,9~11,gte12|ship:AL,AN,HM,IC,LE,OA,OV,OY,QN,ST,SY,UT,WN&country=IRL&market=gbr&language=en",https://www.royalcaribbean.com/gbr/en/cruises/itinerary/8-nt-southern-caribbean-perfect-day-from-fort-on-legend/LE08FLL-1526021002?sail-date=2027-01-23&currency=EUR&country=IRL,LE08FLL-1526021002,Southern Caribbean & Perfect Day,8,Legend of the Seas,LE,"Fort Lauderdale, Florida",FLL,"Fort Lauderdale, Florida - Willemstad, Curacao - Oranjestad, Aruba - Cabo Rojo, Dominican Republic - Perfect Day at CocoCay, Bahamas - Fort Lauderdale, Florida",LE08FLL-1526021002-2027-01-23,2027-01-23,Icon Loft Suite,13469
2025-11-22T22:09:05.857590,"https://www.royalcaribbean.com/gbr/en/cruises?search=departurePort:BCN,BYE,FLL,LAX,MIA,ROM,SIN,YOK|nights:6~8,9~11,gte12|ship:AL,AN,HM,IC,LE,OA,OV,OY,QN,ST,SY,UT,WN&country=IRL&market=gbr&language=en",https://www.royalcaribbean.com/gbr/en/cruises/itinerary/8-nt-southern-caribbean-perfect-day-from-fort-on-legend/LE08FLL-1526021002?sail-date=2027-01-23&currency=EUR&country=IRL,LE08FLL-1526021002,Southern Caribbean & Perfect Day,8,Legend of the Seas,LE,"Fort Lauderdale, Florida",FLL,"Fort Lauderdale, Florida - Willemstad, Curacao - Oranjestad, Aruba - Cabo Rojo, Dominican Republic - Perfect Day at CocoCay, Bahamas - Fort Lauderdale, Florida",LE08FLL-1526021002-2027-01-23,2027-01-23,Ultimate Family Townhouse,39547
2025-11-22T22:09:05.857590,"https://www.royalcaribbean.com/gbr/en/cruises?search=departurePort:BCN,BYE,FLL,LAX,MIA,ROM,SIN,YOK|nights:6~8,9~11,gte12|ship:AL,AN,HM,IC,LE,OA,OV,OY,QN,ST,SY,UT,WN&country=IRL&market=gbr&language=en",https://www.royalcaribbean.com/gbr/en/cruises/itinerary/8-nt-southern-caribbean-perfect-day-from-fort-on-legend/LE08FLL-1526021002?sail-date=2027-01-23&currency=EUR&country=IRL,LE08FLL-1526021002,Southern Caribbean & Perfect Day,8,Legend of the Seas,LE,"Fort Lauderdale, Florida",FLL,"Fort Lauderdale, Florida - Willemstad, Curacao - Oranjestad, Aruba - Cabo Rojo, Dominican Republic - Perfect Day at CocoCay, Bahamas - Fort Lauderdale, Florida",LE08FLL-1526021002-2027-01-23,2027-01-23,Royal Loft Suite,41611
2025-11-22T22:09:05.857590,"https://www.royalcaribbean.com/gbr/en/cruises?search=departurePort:BCN,BYE,FLL,LAX,MIA,ROM,SIN,YOK|nights:6~8,9~11,gte12|ship:AL,AN,HM,IC,LE,OA,OV,OY,QN,ST,SY,UT,WN&country=IRL&market=gbr&language=en",https://www.royalcaribbean.com/gbr/en/cruises/itinerary/8-nt-southern-caribbean-perfect-day-from-fort-on-legend/LE08FLL-1526021002?sail-date=2027-01-23&currency=EUR&country=IRL,LE08FLL-1526021002,Southern Caribbean & Perfect Day,8,Legend of the Seas,LE,"Fort Lauderdale, Florida",FLL,"Fort Lauderdale, Florida - Willemstad, Curacao - Oranjestad, Aruba - Cabo Rojo, Dominican Republic - Perfect Day at CocoCay, Bahamas - Fort Lauderdale, Florida",LE08FLL-1526021002-2026-11-28,2026-11-28,Interior,1838
2025-11-22T22:09:05.857590,"https://www.royalcaribbean.com/gbr/en/cruises?search=departurePort:BCN,BYE,FLL,LAX,MIA,ROM,SIN,YOK|nights:6~8,9~11,gte12|ship:AL,AN,HM,IC,LE,OA,OV,OY,QN,ST,SY,UT,WN&country=IRL&market=gbr&language=en",https://www.royalcaribbean.com/gbr/en/cruises/itinerary/8-nt-southern-caribbean-perfect-day-from-fort-on-legend/LE08FLL-1526021002?sail-date=2027-01-23&currency=EUR&country=IRL,LE08FLL-1526021002,Southern Caribbean & Perfect Day,8,Legend of the Seas,LE,"Fort Lauderdale, Florida",FLL,"Fort Lauderdale, Florida - Willemstad, Curacao - Oranjestad, Aruba - Cabo Rojo, Dominican Republic - Perfect Day at CocoCay, Bahamas - Fort Lauderdale, Florida",LE08FLL-1526021002-2026-11-28,2026-11-28,Ocean View,2007
2025-11-22T22:09:05.857590,"https://www.royalcaribbean.com/gbr/en/cruises?search=departurePort:BCN,BYE,FLL,LAX,MIA,ROM,SIN,YOK|nights:6~8,9~11,gte12|ship:AL,AN,HM,IC,LE,OA,OV,OY,QN,ST,SY,UT,WN&country=IRL&market=gbr&language=en",https://www.royalcaribbean.com/gbr/en/cruises/itinerary/8-nt-southern-caribbean-perfect-day-from-fort-on-legend/LE08FLL-1526021002?sail-date=2027-01-23&currency=EUR&country=IRL,LE08FLL-1526021002,Southern Caribbean & Perfect Day,8,Legend of the Seas,LE,"Fort Lauderdale, Florida",FLL,"Fort Lauderdale, Florida - Willemstad, Curacao - Oranjestad, Aruba - Cabo Rojo, Dominican Republic - Perfect Day at CocoCay, Bahamas - Fort Lauderdale, Florida",LE08FLL-1526021002-2026-11-28,2026-11-28,Balcony,2201
2025-11-22T22:09:05.857590,"https://www.royalcaribbean.com/gbr/en/cruises?search=departurePort:BCN,BYE,FLL,LAX,MIA,ROM,SIN,YOK|nights:6~8,9~11,gte12|ship:AL,AN,HM,IC,LE,OA,OV,OY,QN,ST,SY,UT,WN&country=IRL&market=gbr&language=en",https://www.royalcaribbean.com/gbr/en/cruises/itinerary/8-nt-southern-caribbean-perfect-day-from-fort-on-legend/LE08FLL-1526021002?sail-date=2027-01-23&currency=EUR&country=IRL,LE08FLL-1526021002,Southern Caribbean & Perfect Day,8,Legend of the Seas,LE,"Fort Lauderdale, Florida",FLL,"Fort Lauderdale, Florida - Willemstad, Curacao - Oranjestad, Aruba - Cabo Rojo, Dominican Republic - Perfect Day at CocoCay, Bahamas - Fort Lauderdale, Florida",LE08FLL-1526021002-2026-11-28,2026-11-28,Suite Guarantee,3291
2025-11-22T22:09:05.857590,"https://www.royalcaribbean.com/gbr/en/cruises?search=departurePort:BCN,BYE,FLL,LAX,MIA,ROM,SIN,YOK|nights:6~8,9~11,gte12|ship:AL,AN,HM,IC,LE,OA,OV,OY,QN,ST,SY,UT,WN&country=IRL&market=gbr&language=en",https://www.royalcaribbean.com/gbr/en/cruises/itinerary/8-nt-southern-caribbean-perfect-day-from-fort-on-legend/LE08FLL-1526021002?sail-date=2027-01-23&currency=EUR&country=IRL,LE08FLL-1526021002,Southern Caribbean & Perfect Day,8,Legend of the Seas,LE,"Fort Lauderdale, Florida",FLL,"Fort Lauderdale, Florida - Willemstad, Curacao - Oranjestad, Aruba - Cabo Rojo, Dominican Republic - Perfect Day at CocoCay, Bahamas - Fort Lauderdale, Florida",LE08FLL-1526021002-2026-11-28,2026-11-28,We Choose Your Suite,3344
2025-11-22T22:09:05.857590,"https://www.royalcaribbean.com/gbr/en/cruises?search=departurePort:BCN,BYE,FLL,LAX,MIA,ROM,SIN,YOK|nights:6~8,9~11,gte12|ship:AL,AN,HM,IC,LE,OA,OV,OY,QN,ST,SY,UT,WN&country=IRL&market=gbr&language=en",https://www.royalcaribbean.com/gbr/en/cruises/itinerary/8-nt-southern-caribbean-perfect-day-from-fort-on-legend/LE08FLL-1526021002?sail-date=2027-01-23&currency=EUR&country=IRL,LE08FLL-1526021002,Southern Caribbean & Perfect Day,8,Legend of the Seas,LE,"Fort Lauderdale, Florida",FLL,"Fort Lauderdale, Florida - Willemstad, Curacao - Oranjestad, Aruba - Cabo Rojo, Dominican Republic - Perfect Day at CocoCay, Bahamas - Fort Lauderdale, Florida",LE08FLL-1526021002-2026-11-28,2026-11-28,Surfside Family Suite,3424
2025-11-22T22:09:05.857590,"https://www.royalcaribbean.com/gbr/en/cruises?search=departurePort:BCN,BYE,FLL,LAX,MIA,ROM,SIN,YOK|nights:6~8,9~11,gte12|ship:AL,AN,HM,IC,LE,OA,OV,OY,QN,ST,SY,UT,WN&country=IRL&market=gbr&language=en",https://www.royalcaribbean.com/gbr/en/cruises/itinerary/8-nt-southern-caribbean-perfect-day-from-fort-on-legend/LE08FLL-1526021002?sail-date=2027-01-23&currency=EUR&country=IRL,LE08FLL-1526021002,Southern Caribbean & Perfect Day,8,Legend of the Seas,LE,"Fort Lauderdale, Florida",FLL,"Fort Lauderdale, Florida - Willemstad, Curacao - Oranjestad, Aruba - Cabo Rojo, Dominican Republic - Perfect Day at CocoCay, Bahamas - Fort Lauderdale, Florida",LE08FLL-1526021002-2026-11-28,2026-11-28,Junior Suite,4297
2025-11-22T22:09:05.857590,"https://www.royalcaribbean.com/gbr/en/cruises?search=departurePort:BCN,BYE,FLL,LAX,MIA,ROM,SIN,YOK|nights:6~8,9~11,gte12|ship:AL,AN,HM,IC,LE,OA,OV,OY,QN,ST,SY,UT,WN&country=IRL&market=gbr&language=en",https://www.royalcaribbean.com/gbr/en/cruises/itinerary/8-nt-southern-caribbean-perfect-day-from-fort-on-legend/LE08FLL-1526021002?sail-date=2027-01-23&currency=EUR&country=IRL,LE08FLL-1526021002,Southern Caribbean & Perfect Day,8,Legend of the Seas,LE,"Fort Lauderdale, Florida",FLL,"Fort Lauderdale, Florida - Willemstad, Curacao - Oranjestad, Aruba - Cabo Rojo, Dominican Republic - Perfect Day at CocoCay, Bahamas - Fort Lauderdale, Florida",LE08FLL-1526021002-2026-11-28,2026-11-28,Sky Junior Suite,5206
2025-11-22T22:09:05.857590,"https://www.royalcaribbean.com/gbr/en/cruises?search=departurePort:BCN,BYE,FLL,LAX,MIA,ROM,SIN,YOK|nights:6~8,9~11,gte12|ship:AL,AN,HM,IC,LE,OA,OV,OY,QN,ST,SY,UT,WN&country=IRL&market=gbr&language=en",https://www.royalcaribbean.com/gbr/en/cruises/itinerary/8-nt-southern-caribbean-perfect-day-from-fort-on-legend/LE08FLL-1526021002?sail-date=2027-01-23&currency=EUR&country=IRL,LE08FLL-1526021002,Southern Caribbean & Perfect Day,8,Legend of the Seas,LE,"Fort Lauderdale, Florida",FLL,"Fort Lauderdale, Florida - Willemstad, Curacao - Oranjestad, Aruba - Cabo Rojo, Dominican Republic - Perfect Day at CocoCay, Bahamas - Fort Lauderdale, Florida",LE08FLL-1526021002-2026-11-28,2026-11-28,Sunset Junior Suite,5614
2025-11-22T22:09:05.857590,"https://www.royalcaribbean.com/gbr/en/cruises?search=departurePort:BCN,BYE,FLL,LAX,MIA,ROM,SIN,YOK|nights:6~8,9~11,gte12|ship:AL,AN,HM,IC,LE,OA,OV,OY,QN,ST,SY,UT,WN&country=IRL&market=gbr&language=en",https://www.royalcaribbean.com/gbr/en/cruises/itinerary/8-nt-southern-caribbean-perfect-day-from-fort-on-legend/LE08FLL-1526021002?sail-date=2027-01-23&currency=EUR&country=IRL,LE08FLL-1526021002,Southern Caribbean & Perfect Day,8,Legend of the Seas,LE,"Fort Lauderdale, Florida",FLL,"Fort Lauderdale, Florida - Willemstad, Curacao - Oranjestad, Aruba - Cabo Rojo, Dominican Republic - Perfect Day at CocoCay, Bahamas - Fort Lauderdale, Florida",LE08FLL-1526021002-2026-11-28,2026-11-28,Ocean View Panoramic Suite No Balcony,5616
2025-11-22T22:09:05.857590,"https://www.royalcaribbean.com/gbr/en/cruises?search=departurePort:BCN,BYE,FLL,LAX,MIA,ROM,SIN,YOK|nights:6~8,9~11,gte12|ship:AL,AN,HM,IC,LE,OA,OV,OY,QN,ST,SY,UT,WN&country=IRL&market=gbr&language=en",https://www.royalcaribbean.com/gbr/en/cruises/itinerary/8-nt-southern-caribbean-perfect-day-from-fort-on-legend/LE08FLL-1526021002?sail-date=2027-01-23&currency=EUR&country=IRL,LE08FLL-1526021002,Southern Caribbean & Perfect Day,8,Legend of the Seas,LE,"Fort Lauderdale, Florida",FLL,"Fort Lauderdale, Florida - Willemstad, Curacao - Oranjestad, Aruba - Cabo Rojo, Dominican Republic - Perfect Day at CocoCay, Bahamas - Fort Lauderdale, Florida",LE08FLL-1526021002-2026-11-28,2026-11-28,Infinite Grand Suite,7094
2025-11-22T22:09:05.857590,"https://www.royalcaribbean.com/gbr/en/cruises?search=departurePort:BCN,BYE,FLL,LAX,MIA,ROM,SIN,YOK|nights:6~8,9~11,gte12|ship:AL,AN,HM,IC,LE,OA,OV,OY,QN,ST,SY,UT,WN&country=IRL&market=gbr&language=en",https://www.royalcaribbean.com/gbr/en/cruises/itinerary/8-nt-southern-caribbean-perfect-day-from-fort-on-legend/LE08FLL-1526021002?sail-date=2027-01-23&currency=EUR&country=IRL,LE08FLL-1526021002,Southern Caribbean & Perfect Day,8,Legend of the Seas,LE,"Fort Lauderdale, Florida",FLL,"Fort Lauderdale, Florida - Willemstad, Curacao - Oranjestad, Aruba - Cabo Rojo, Dominican Republic - Perfect Day at CocoCay, Bahamas - Fort Lauderdale, Florida",LE08FLL-1526021002-2026-11-28,2026-11-28,Sunset Suite,7289
2025-11-22T22:09:05.857590,"https://www.royalcaribbean.com/gbr/en/cruises?search=departurePort:BCN,BYE,FLL,LAX,MIA,ROM,SIN,YOK|nights:6~8,9~11,gte12|ship:AL,AN,HM,IC,LE,OA,OV,OY,QN,ST,SY,UT,WN&country=IRL&market=gbr&language=en",https://www.royalcaribbean.com/gbr/en/cruises/itinerary/8-nt-southern-caribbean-perfect-day-from-fort-on-legend/LE08FLL-1526021002?sail-date=2027-01-23&currency=EUR&country=IRL,LE08FLL-1526021002,Southern Caribbean & Perfect Day,8,Legend of the Seas,LE,"Fort Lauderdale, Florida",FLL,"Fort Lauderdale, Florida - Willemstad, Curacao - Oranjestad, Aruba - Cabo Rojo, Dominican Republic - Perfect Day at CocoCay, Bahamas - Fort Lauderdale, Florida",LE08FLL-1526021002-2026-11-28,2026-11-28,Sunset Corner Suite,8118
2025-11-22T22:09:05.857590,"https://www.royalcaribbean.com/gbr/en/cruises?search=departurePort:BCN,BYE,FLL,LAX,MIA,ROM,SIN,YOK|nights:6~8,9~11,gte12|ship:AL,AN,HM,IC,LE,OA,OV,OY,QN,ST,SY,UT,WN&country=IRL&market=gbr&language=en",https://www.royalcaribbean.com/gbr/en/cruises/itinerary/8-nt-southern-caribbean-perfect-day-from-fort-on-legend/LE08FLL-1526021002?sail-date=2027-01-23&currency=EUR&country=IRL,LE08FLL-1526021002,Southern Caribbean & Perfect Day,8,Legend of the Seas,LE,"Fort Lauderdale, Florida",FLL,"Fort Lauderdale, Florida - Willemstad, Curacao - Oranjestad, Aruba - Cabo Rojo, Dominican Republic - Perfect Day at CocoCay, Bahamas - Fort Lauderdale, Florida",LE08FLL-1526021002-2026-11-28,2026-11-28,Owners Suite,9693
2025-11-22T22:09:05.857590,"https://www.royalcaribbean.com/gbr/en/cruises?search=departurePort:BCN,BYE,FLL,LAX,MIA,ROM,SIN,YOK|nights:6~8,9~11,gte12|ship:AL,AN,HM,IC,LE,OA,OV,OY,QN,ST,SY,UT,WN&country=IRL&market=gbr&language=en",https://www.royalcaribbean.com/gbr/en/cruises/itinerary/8-nt-southern-caribbean-perfect-day-from-fort-on-legend/LE08FLL-1526021002?sail-date=2027-01-23&currency=EUR&country=IRL,LE08FLL-1526021002,Southern Caribbean & Perfect Day,8,Legend of the Seas,LE,"Fort Lauderdale, Florida",FLL,"Fort Lauderdale, Florida - Willemstad, Curacao - Oranjestad, Aruba - Cabo Rojo, Dominican Republic - Perfect Day at CocoCay, Bahamas - Fort Lauderdale, Florida",LE08FLL-1526021002-2026-11-28,2026-11-28,Icon Loft Suite,13469
2025-11-22T22:09:05.857590,"https://www.royalcaribbean.com/gbr/en/cruises?search=departurePort:BCN,BYE,FLL,LAX,MIA,ROM,SIN,YOK|nights:6~8,9~11,gte12|ship:AL,AN,HM,IC,LE,OA,OV,OY,QN,ST,SY,UT,WN&country=IRL&market=gbr&language=en",https://www.royalcaribbean.com/gbr/en/cruises/itinerary/8-nt-southern-caribbean-perfect-day-from-fort-on-legend/LE08FLL-1526021002?sail-date=2027-01-23&currency=EUR&country=IRL,LE08FLL-1526021002,Southern Caribbean & Perfect Day,8,Legend of the Seas,LE,"Fort Lauderdale, Florida",FLL,"Fort Lauderdale, Florida - Willemstad, Curacao - Oranjestad, Aruba - Cabo Rojo, Dominican Republic - Perfect Day at CocoCay, Bahamas - Fort Lauderdale, Florida",LE08FLL-1526021002-2026-11-28,2026-11-28,Ultimate Family Townhouse,39547
2025-11-22T22:09:05.857590,"https://www.royalcaribbean.com/gbr/en/cruises?search=departurePort:BCN,BYE,FLL,LAX,MIA,ROM,SIN,YOK|nights:6~8,9~11,gte12|ship:AL,AN,HM,IC,LE,OA,OV,OY,QN,ST,SY,UT,WN&country=IRL&market=gbr&language=en",https://www.royalcaribbean.com/gbr/en/cruises/itinerary/8-nt-southern-caribbean-perfect-day-from-fort-on-legend/LE08FLL-1526021002?sail-date=2027-01-23&currency=EUR&country=IRL,LE08FLL-1526021002,Southern Caribbean & Perfect Day,8,Legend of the Seas,LE,"Fort Lauderdale, Florida",FLL,"Fort Lauderdale, Florida - Willemstad, Curacao - Oranjestad, Aruba - Cabo Rojo, Dominican Republic - Perfect Day at CocoCay, Bahamas - Fort Lauderdale, Florida",LE08FLL-1526021002-2026-11-28,2026-11-28,Royal Loft Suite,41611
2025-11-22T22:09:05.857590,"https://www.royalcaribbean.com/gbr/en/cruises?search=departurePort:BCN,BYE,FLL,LAX,MIA,ROM,SIN,YOK|nights:6~8,9~11,gte12|ship:AL,AN,HM,IC,LE,OA,OV,OY,QN,ST,SY,UT,WN&country=IRL&market=gbr&language=en",https://www.royalcaribbean.com/gbr/en/cruises/itinerary/8-nt-southern-caribbean-perfect-day-from-fort-on-legend/LE08FLL-1526021002?sail-date=2027-01-23&currency=EUR&country=IRL,LE08FLL-1526021002,Southern Caribbean & Perfect Day,8,Legend of the Seas,LE,"Fort Lauderdale, Florida",FLL,"Fort Lauderdale, Florida - Willemstad, Curacao - Oranjestad, Aruba - Cabo Rojo, Dominican Republic - Perfect Day at CocoCay, Bahamas - Fort Lauderdale, Florida",LE08FLL-1526021002-2026-12-12,2026-12-12,Interior,1898
2025-11-22T22:09:05.857590,"https://www.royalcaribbean.com/gbr/en/cruises?search=departurePort:BCN,BYE,FLL,LAX,MIA,ROM,SIN,YOK|nights:6~8,9~11,gte12|ship:AL,AN,HM,IC,LE,OA,OV,OY,QN,ST,SY,UT,WN&country=IRL&market=gbr&language=en",https://www.royalcaribbean.com/gbr/en/cruises/itinerary/8-nt-southern-caribbean-perfect-day-from-fort-on-legend/LE08FLL-1526021002?sail-date=2027-01-23&currency=EUR&country=IRL,LE08FLL-1526021002,Southern Caribbean & Perfect Day,8,Legend of the Seas,LE,"Fort Lauderdale, Florida",FLL,"Fort Lauderdale, Florida - Willemstad, Curacao - Oranjestad, Aruba - Cabo Rojo, Dominican Republic - Perfect Day at CocoCay, Bahamas - Fort Lauderdale, Florida",LE08FLL-1526021002-2026-12-12,2026-12-12,Ocean View,1955
2025-11-22T22:09:05.857590,"https://www.royalcaribbean.com/gbr/en/cruises?search=departurePort:BCN,BYE,FLL,LAX,MIA,ROM,SIN,YOK|nights:6~8,9~11,gte12|ship:AL,AN,HM,IC,LE,OA,OV,OY,QN,ST,SY,UT,WN&country=IRL&market=gbr&language=en",https://www.royalcaribbean.com/gbr/en/cruises/itinerary/8-nt-southern-caribbean-perfect-day-from-fort-on-legend/LE08FLL-1526021002?sail-date=2027-01-23&currency=EUR&country=IRL,LE08FLL-1526021002,Southern Caribbean & Perfect Day,8,Legend of the Seas,LE,"Fort Lauderdale, Florida",FLL,"Fort Lauderdale, Florida - Willemstad, Curacao - Oranjestad, Aruba - Cabo Rojo, Dominican Republic - Perfect Day at CocoCay, Bahamas - Fort Lauderdale, Florida",LE08FLL-1526021002-2026-12-12,2026-12-12,Balcony,2283
2025-11-22T22:09:05.857590,"https://www.royalcaribbean.com/gbr/en/cruises?search=departurePort:BCN,BYE,FLL,LAX,MIA,ROM,SIN,YOK|nights:6~8,9~11,gte12|ship:AL,AN,HM,IC,LE,OA,OV,OY,QN,ST,SY,UT,WN&country=IRL&market=gbr&language=en",https://www.royalcaribbean.com/gbr/en/cruises/itinerary/8-nt-southern-caribbean-perfect-day-from-fort-on-legend/LE08FLL-1526021002?sail-date=2027-01-23&currency=EUR&country=IRL,LE08FLL-1526021002,Southern Caribbean & Perfect Day,8,Legend of the Seas,LE,"Fort Lauderdale, Florida",FLL,"Fort Lauderdale, Florida - Willemstad, Curacao - Oranjestad, Aruba - Cabo Rojo, Dominican Republic - Perfect Day at CocoCay, Bahamas - Fort Lauderdale, Florida",LE08FLL-1526021002-2026-12-12,2026-12-12,Suite Guarantee,3276
2025-11-22T22:09:05.857590,"https://www.royalcaribbean.com/gbr/en/cruises?search=departurePort:BCN,BYE,FLL,LAX,MIA,ROM,SIN,YOK|nights:6~8,9~11,gte12|ship:AL,AN,HM,IC,LE,OA,OV,OY,QN,ST,SY,UT,WN&country=IRL&market=gbr&language=en",https://www.royalcaribbean.com/gbr/en/cruises/itinerary/8-nt-southern-caribbean-perfect-day-from-fort-on-legend/LE08FLL-1526021002?sail-date=2027-01-23&currency=EUR&country=IRL,LE08FLL-1526021002,Southern Caribbean & Perfect Day,8,Legend of the Seas,LE,"Fort Lauderdale, Florida",FLL,"Fort Lauderdale, Florida - Willemstad, Curacao - Oranjestad, Aruba - Cabo Rojo, Dominican Republic - Perfect Day at CocoCay, Bahamas - Fort Lauderdale, Florida",LE08FLL-1526021002-2026-12-12,2026-12-12,We Choose Your Suite,3344
2025-11-22T22:09:05.857590,"https://www.royalcaribbean.com/gbr/en/cruises?search=departurePort:BCN,BYE,FLL,LAX,MIA,ROM,SIN,YOK|nights:6~8,9~11,gte12|ship:AL,AN,HM,IC,LE,OA,OV,OY,QN,ST,SY,UT,WN&country=IRL&market=gbr&language=en",https://www.royalcaribbean.com/gbr/en/cruises/itinerary/8-nt-southern-caribbean-perfect-day-from-fort-on-legend/LE08FLL-1526021002?sail-date=2027-01-23&currency=EUR&country=IRL,LE08FLL-1526021002,Southern Caribbean & Perfect Day,8,Legend of the Seas,LE,"Fort Lauderdale, Florida",FLL,"Fort Lauderdale, Florida - Willemstad, Curacao - Oranjestad, Aruba - Cabo Rojo, Dominican Republic - Perfect Day at CocoCay, Bahamas - Fort Lauderdale, Florida",LE08FLL-1526021002-2026-12-12,2026-12-12,Surfside Family Suite,3424
2025-11-22T22:09:05.857590,"https://www.royalcaribbean.com/gbr/en/cruises?search=departurePort:BCN,BYE,FLL,LAX,MIA,ROM,SIN,YOK|nights:6~8,9~11,gte12|ship:AL,AN,HM,IC,LE,OA,OV,OY,QN,ST,SY,UT,WN&country=IRL&market=gbr&language=en",https://www.royalcaribbean.com/gbr/en/cruises/itinerary/8-nt-southern-caribbean-perfect-day-from-fort-on-legend/LE08FLL-1526021002?sail-date=2027-01-23&currency=EUR&country=IRL,LE08FLL-1526021002,Southern Caribbean & Perfect Day,8,Legend of the Seas,LE,"Fort Lauderdale, Florida",FLL,"Fort Lauderdale, Florida - Willemstad, Curacao - Oranjestad, Aruba - Cabo Rojo, Dominican Republic - Perfect Day at CocoCay, Bahamas - Fort Lauderdale, Florida",LE08FLL-1526021002-2026-12-12,2026-12-12,Junior Suite,4297
2025-11-22T22:09:05.857590,"https://www.royalcaribbean.com/gbr/en/cruises?search=departurePort:BCN,BYE,FLL,LAX,MIA,ROM,SIN,YOK|nights:6~8,9~11,gte12|ship:AL,AN,HM,IC,LE,OA,OV,OY,QN,ST,SY,UT,WN&country=IRL&market=gbr&language=en",https://www.royalcaribbean.com/gbr/en/cruises/itinerary/8-nt-southern-caribbean-perfect-day-from-fort-on-legend/LE08FLL-1526021002?sail-date=2027-01-23&currency=EUR&country=IRL,LE08FLL-1526021002,Southern Caribbean & Perfect Day,8,Legend of the Seas,LE,"Fort Lauderdale, Florida",FLL,"Fort Lauderdale, Florida - Willemstad, Curacao - Oranjestad, Aruba - Cabo Rojo, Dominican Republic - Perfect Day at CocoCay, Bahamas - Fort Lauderdale, Florida",LE08FLL-1526021002-2026-12-12,2026-12-12,Sky Junior Suite,5206
2025-11-22T22:09:05.857590,"https://www.royalcaribbean.com/gbr/en/cruises?search=departurePort:BCN,BYE,FLL,LAX,MIA,ROM,SIN,YOK|nights:6~8,9~11,gte12|ship:AL,AN,HM,IC,LE,OA,OV,OY,QN,ST,SY,UT,WN&country=IRL&market=gbr&language=en",https://www.royalcaribbean.com/gbr/en/cruises/itinerary/8-nt-southern-caribbean-perfect-day-from-fort-on-legend/LE08FLL-1526021002?sail-date=2027-01-23&currency=EUR&country=IRL,LE08FLL-1526021002,Southern Caribbean & Perfect Day,8,Legend of the Seas,LE,"Fort Lauderdale, Florida",FLL,"Fort Lauderdale, Florida - Willemstad, Curacao - Oranjestad, Aruba - Cabo Rojo, Dominican Republic - Perfect Day at CocoCay, Bahamas - Fort Lauderdale, Florida",LE08FLL-1526021002-2026-12-12,2026-12-12,Sunset Junior Suite,5614
2025-11-22T22:09:05.857590,"https://www.royalcaribbean.com/gbr/en/cruises?search=departurePort:BCN,BYE,FLL,LAX,MIA,ROM,SIN,YOK|nights:6~8,9~11,gte12|ship:AL,AN,HM,IC,LE,OA,OV,OY,QN,ST,SY,UT,WN&country=IRL&market=gbr&language=en",https://www.royalcaribbean.com/gbr/en/cruises/itinerary/8-nt-southern-caribbean-perfect-day-from-fort-on-legend/LE08FLL-1526021002?sail-date=2027-01-23&currency=EUR&country=IRL,LE08FLL-1526021002,Southern Caribbean & Perfect Day,8,Legend of the Seas,LE,"Fort Lauderdale, Florida",FLL,"Fort Lauderdale, Florida - Willemstad, Curacao - Oranjestad, Aruba - Cabo Rojo, Dominican Republic - Perfect Day at CocoCay, Bahamas - Fort Lauderdale, Florida",LE08FLL-1526021002-2026-12-12,2026-12-12,Ocean View Panoramic Suite No Balcony,5616
2025-11-22T22:09:05.857590,"https://www.royalcaribbean.com/gbr/en/cruises?search=departurePort:BCN,BYE,FLL,LAX,MIA,ROM,SIN,YOK|nights:6~8,9~11,gte12|ship:AL,AN,HM,IC,LE,OA,OV,OY,QN,ST,SY,UT,WN&country=IRL&market=gbr&language=en",https://www.royalcaribbean.com/gbr/en/cruises/itinerary/8-nt-southern-caribbean-perfect-day-from-fort-on-legend/LE08FLL-1526021002?sail-date=2027-01-23&currency=EUR&country=IRL,LE08FLL-1526021002,Southern Caribbean & Perfect Day,8,Legend of the Seas,LE,"Fort Lauderdale, Florida",FLL,"Fort Lauderdale, Florida - Willemstad, Curacao - Oranjestad, Aruba - Cabo Rojo, Dominican Republic - Perfect Day at CocoCay, Bahamas - Fort Lauderdale, Florida",LE08FLL-1526021002-2026-12-12,2026-12-12,Infinite Grand Suite,7094
2025-11-22T22:09:05.857590,"https://www.royalcaribbean.com/gbr/en/cruises?search=departurePort:BCN,BYE,FLL,LAX,MIA,ROM,SIN,YOK|nights:6~8,9~11,gte12|ship:AL,AN,HM,IC,LE,OA,OV,OY,QN,ST,SY,UT,WN&country=IRL&market=gbr&language=en",https://www.royalcaribbean.com/gbr/en/cruises/itinerary/8-nt-southern-caribbean-perfect-day-from-fort-on-legend/LE08FLL-1526021002?sail-date=2027-01-23&currency=EUR&country=IRL,LE08FLL-1526021002,Southern Caribbean & Perfect Day,8,Legend of the Seas,LE,"Fort Lauderdale, Florida",FLL,"Fort Lauderdale, Florida - Willemstad, Curacao - Oranjestad, Aruba - Cabo Rojo, Dominican Republic - Perfect Day at CocoCay, Bahamas - Fort Lauderdale, Florida",LE08FLL-1526021002-2026-12-12,2026-12-12,Sunset Suite,7289
2025-11-22T22:09:05.857590,"https://www.royalcaribbean.com/gbr/en/cruises?search=departurePort:BCN,BYE,FLL,LAX,MIA,ROM,SIN,YOK|nights:6~8,9~11,gte12|ship:AL,AN,HM,IC,LE,OA,OV,OY,QN,ST,SY,UT,WN&country=IRL&market=gbr&language=en",https://www.royalcaribbean.com/gbr/en/cruises/itinerary/8-nt-southern-caribbean-perfect-day-from-fort-on-legend/LE08FLL-1526021002?sail-date=2027-01-23&currency=EUR&country=IRL,LE08FLL-1526021002,Southern Caribbean & Perfect Day,8,Legend of the Seas,LE,"Fort Lauderdale, Florida",FLL,"Fort Lauderdale, Florida - Willemstad, Curacao - Oranjestad, Aruba - Cabo Rojo, Dominican Republic - Perfect Day at CocoCay, Bahamas - Fort Lauderdale, Florida",LE08FLL-1526021002-2026-12-12,2026-12-12,Sunset Corner Suite,8118
2025-11-22T22:09:05.857590,"https://www.royalcaribbean.com/gbr/en/cruises?search=departurePort:BCN,BYE,FLL,LAX,MIA,ROM,SIN,YOK|nights:6~8,9~11,gte12|ship:AL,AN,HM,IC,LE,OA,OV,OY,QN,ST,SY,UT,WN&country=IRL&market=gbr&language=en",https://www.royalcaribbean.com/gbr/en/cruises/itinerary/8-nt-southern-caribbean-perfect-day-from-fort-on-legend/LE08FLL-1526021002?sail-date=2027-01-23&currency=EUR&country=IRL,LE08FLL-1526021002,Southern Caribbean & Perfect Day,8,Legend of the Seas,LE,"Fort Lauderdale, Florida",FLL,"Fort Lauderdale, Florida - Willemstad, Curacao - Oranjestad, Aruba - Cabo Rojo, Dominican Republic - Perfect Day at CocoCay, Bahamas - Fort Lauderdale, Florida",LE08FLL-1526021002-2026-12-12,2026-12-12,Owners Suite,9693
2025-11-22T22:09:05.857590,"https://www.royalcaribbean.com/gbr/en/cruises?search=departurePort:BCN,BYE,FLL,LAX,MIA,ROM,SIN,YOK|nights:6~8,9~11,gte12|ship:AL,AN,HM,IC,LE,OA,OV,OY,QN,ST,SY,UT,WN&country=IRL&market=gbr&language=en",https://www.royalcaribbean.com/gbr/en/cruises/itinerary/8-nt-southern-caribbean-perfect-day-from-fort-on-legend/LE08FLL-1526021002?sail-date=2027-01-23&currency=EUR&country=IRL,LE08FLL-1526021002,Southern Caribbean & Perfect Day,8,Legend of the Seas,LE,"Fort Lauderdale, Florida",FLL,"Fort Lauderdale, Florida - Willemstad, Curacao - Oranjestad, Aruba - Cabo Rojo, Dominican Republic - Perfect Day at CocoCay, Bahamas - Fort Lauderdale, Florida",LE08FLL-1526021002-2026-12-12,2026-12-12,Icon Loft Suite,13469
2025-11-22T22:09:05.857590,"https://www.royalcaribbean.com/gbr/en/cruises?search=departurePort:BCN,BYE,FLL,LAX,MIA,ROM,SIN,YOK|nights:6~8,9~11,gte12|ship:AL,AN,HM,IC,LE,OA,OV,OY,QN,ST,SY,UT,WN&country=IRL&market=gbr&language=en",https://www.royalcaribbean.com/gbr/en/cruises/itinerary/8-nt-southern-caribbean-perfect-day-from-fort-on-legend/LE08FLL-1526021002?sail-date=2027-01-23&currency=EUR&country=IRL,LE08FLL-1526021002,Southern Caribbean & Perfect Day,8,Legend of the Seas,LE,"Fort Lauderdale, Florida",FLL,"Fort Lauderdale, Florida - Willemstad, Curacao - Oranjestad, Aruba - Cabo Rojo, Dominican Republic - Perfect Day at CocoCay, Bahamas - Fort Lauderdale, Florida",LE08FLL-1526021002-2026-12-12,2026-12-12,Ultimate Family Townhouse,39547
2025-11-22T22:09:05.857590,"https://www.royalcaribbean.com/gbr/en/cruises?search=departurePort:BCN,BYE,FLL,LAX,MIA,ROM,SIN,YOK|nights:6~8,9~11,gte12|ship:AL,AN,HM,IC,LE,OA,OV,OY,QN,ST,SY,UT,WN&country=IRL&market=gbr&language=en",https://www.royalcaribbean.com/gbr/en/cruises/itinerary/8-nt-southern-caribbean-perfect-day-from-fort-on-legend/LE08FLL-1526021002?sail-date=2027-01-23&currency=EUR&country=IRL,LE08FLL-1526021002,Southern Caribbean & Perfect Day,8,Legend of the Seas,LE,"Fort Lauderdale, Florida",FLL,"Fort Lauderdale, Florida - Willemstad, Curacao - Oranjestad, Aruba - Cabo Rojo, Dominican Republic - Perfect Day at CocoCay, Bahamas - Fort Lauderdale, Florida",LE08FLL-1526021002-2026-12-12,2026-12-12,Royal Loft Suite,41611
2025-11-22T22:09:05.857590,"https://www.royalcaribbean.com/gbr/en/cruises?search=departurePort:BCN,BYE,FLL,LAX,MIA,ROM,SIN,YOK|nights:6~8,9~11,gte12|ship:AL,AN,HM,IC,LE,OA,OV,OY,QN,ST,SY,UT,WN&country=IRL&market=gbr&language=en",https://www.royalcaribbean.com/gbr/en/cruises/itinerary/8-nt-southern-caribbean-perfect-day-from-fort-on-legend/LE08FLL-1526021002?sail-date=2027-01-23&currency=EUR&country=IRL,LE08FLL-1526021002,Southern Caribbean & Perfect Day,8,Legend of the Seas,LE,"Fort Lauderdale, Florida",FLL,"Fort Lauderdale, Florida - Willemstad, Curacao - Oranjestad, Aruba - Cabo Rojo, Dominican Republic - Perfect Day at CocoCay, Bahamas - Fort Lauderdale, Florida",LE08FLL-1526021002-2027-01-09,2027-01-09,Interior,1833
2025-11-22T22:09:05.857590,"https://www.royalcaribbean.com/gbr/en/cruises?search=departurePort:BCN,BYE,FLL,LAX,MIA,ROM,SIN,YOK|nights:6~8,9~11,gte12|ship:AL,AN,HM,IC,LE,OA,OV,OY,QN,ST,SY,UT,WN&country=IRL&market=gbr&language=en",https://www.royalcaribbean.com/gbr/en/cruises/itinerary/8-nt-southern-caribbean-perfect-day-from-fort-on-legend/LE08FLL-1526021002?sail-date=2027-01-23&currency=EUR&country=IRL,LE08FLL-1526021002,Southern Caribbean & Perfect Day,8,Legend of the Seas,LE,"Fort Lauderdale, Florida",FLL,"Fort Lauderdale, Florida - Willemstad, Curacao - Oranjestad, Aruba - Cabo Rojo, Dominican Republic - Perfect Day at CocoCay, Bahamas - Fort Lauderdale, Florida",LE08FLL-1526021002-2027-01-09,2027-01-09,Ocean View,2032
2025-11-22T22:09:05.857590,"https://www.royalcaribbean.com/gbr/en/cruises?search=departurePort:BCN,BYE,FLL,LAX,MIA,ROM,SIN,YOK|nights:6~8,9~11,gte12|ship:AL,AN,HM,IC,LE,OA,OV,OY,QN,ST,SY,UT,WN&country=IRL&market=gbr&language=en",https://www.royalcaribbean.com/gbr/en/cruises/itinerary/8-nt-southern-caribbean-perfect-day-from-fort-on-legend/LE08FLL-1526021002?sail-date=2027-01-23&currency=EUR&country=IRL,LE08FLL-1526021002,Southern Caribbean & Perfect Day,8,Legend of the Seas,LE,"Fort Lauderdale, Florida",FLL,"Fort Lauderdale, Florida - Willemstad, Curacao - Oranjestad, Aruba - Cabo Rojo, Dominican Republic - Perfect Day at CocoCay, Bahamas - Fort Lauderdale, Florida",LE08FLL-1526021002-2027-01-09,2027-01-09,Balcony,2174
2025-11-22T22:09:05.857590,"https://www.royalcaribbean.com/gbr/en/cruises?search=departurePort:BCN,BYE,FLL,LAX,MIA,ROM,SIN,YOK|nights:6~8,9~11,gte12|ship:AL,AN,HM,IC,LE,OA,OV,OY,QN,ST,SY,UT,WN&country=IRL&market=gbr&language=en",https://www.royalcaribbean.com/gbr/en/cruises/itinerary/8-nt-southern-caribbean-perfect-day-from-fort-on-legend/LE08FLL-1526021002?sail-date=2027-01-23&currency=EUR&country=IRL,LE08FLL-1526021002,Southern Caribbean & Perfect Day,8,Legend of the Seas,LE,"Fort Lauderdale, Florida",FLL,"Fort Lauderdale, Florida - Willemstad, Curacao - Oranjestad, Aruba - Cabo Rojo, Dominican Republic - Perfect Day at CocoCay, Bahamas - Fort Lauderdale, Florida",LE08FLL-1526021002-2027-01-09,2027-01-09,Suite Guarantee,3381
2025-11-22T22:09:05.857590,"https://www.royalcaribbean.com/gbr/en/cruises?search=departurePort:BCN,BYE,FLL,LAX,MIA,ROM,SIN,YOK|nights:6~8,9~11,gte12|ship:AL,AN,HM,IC,LE,OA,OV,OY,QN,ST,SY,UT,WN&country=IRL&market=gbr&language=en",https://www.royalcaribbean.com/gbr/en/cruises/itinerary/8-nt-southern-caribbean-perfect-day-from-fort-on-legend/LE08FLL-1526021002?sail-date=2027-01-23&currency=EUR&country=IRL,LE08FLL-1526021002,Southern Caribbean & Perfect Day,8,Legend of the Seas,LE,"Fort Lauderdale, Florida",FLL,"Fort Lauderdale, Florida - Willemstad, Curacao - Oranjestad, Aruba - Cabo Rojo, Dominican Republic - Perfect Day at CocoCay, Bahamas - Fort Lauderdale, Florida",LE08FLL-1526021002-2027-01-09,2027-01-09,We Choose Your Suite,3344
2025-11-22T22:09:05.857590,"https://www.royalcaribbean.com/gbr/en/cruises?search=departurePort:BCN,BYE,FLL,LAX,MIA,ROM,SIN,YOK|nights:6~8,9~11,gte12|ship:AL,AN,HM,IC,LE,OA,OV,OY,QN,ST,SY,UT,WN&country=IRL&market=gbr&language=en",https://www.royalcaribbean.com/gbr/en/cruises/itinerary/8-nt-southern-caribbean-perfect-day-from-fort-on-legend/LE08FLL-1526021002?sail-date=2027-01-23&currency=EUR&country=IRL,LE08FLL-1526021002,Southern Caribbean & Perfect Day,8,Legend of the Seas,LE,"Fort Lauderdale, Florida",FLL,"Fort Lauderdale, Florida - Willemstad, Curacao - Oranjestad, Aruba - Cabo Rojo, Dominican Republic - Perfect Day at CocoCay, Bahamas - Fort Lauderdale, Florida",LE08FLL-1526021002-2027-01-09,2027-01-09,Surfside Family Suite,3424
2025-11-22T22:09:05.857590,"https://www.royalcaribbean.com/gbr/en/cruises?search=departurePort:BCN,BYE,FLL,LAX,MIA,ROM,SIN,YOK|nights:6~8,9~11,gte12|ship:AL,AN,HM,IC,LE,OA,OV,OY,QN,ST,SY,UT,WN&country=IRL&market=gbr&language=en",https://www.royalcaribbean.com/gbr/en/cruises/itinerary/8-nt-southern-caribbean-perfect-day-from-fort-on-legend/LE08FLL-1526021002?sail-date=2027-01-23&currency=EUR&country=IRL,LE08FLL-1526021002,Southern Caribbean & Perfect Day,8,Legend of the Seas,LE,"Fort Lauderdale, Florida",FLL,"Fort Lauderdale, Florida - Willemstad, Curacao - Oranjestad, Aruba - Cabo Rojo, Dominican Republic - Perfect Day at CocoCay, Bahamas - Fort Lauderdale, Florida",LE08FLL-1526021002-2027-01-09,2027-01-09,Junior Suite,4297
2025-11-22T22:09:05.857590,"https://www.royalcaribbean.com/gbr/en/cruises?search=departurePort:BCN,BYE,FLL,LAX,MIA,ROM,SIN,YOK|nights:6~8,9~11,gte12|ship:AL,AN,HM,IC,LE,OA,OV,OY,QN,ST,SY,UT,WN&country=IRL&market=gbr&language=en",https://www.royalcaribbean.com/gbr/en/cruises/itinerary/8-nt-southern-caribbean-perfect-day-from-fort-on-legend/LE08FLL-1526021002?sail-date=2027-01-23&currency=EUR&country=IRL,LE08FLL-1526021002,Southern Caribbean & Perfect Day,8,Legend of the Seas,LE,"Fort Lauderdale, Florida",FLL,"Fort Lauderdale, Florida - Willemstad, Curacao - Oranjestad, Aruba - Cabo Rojo, Dominican Republic - Perfect Day at CocoCay, Bahamas - Fort Lauderdale, Florida",LE08FLL-1526021002-2027-01-09,2027-01-09,Sky Junior Suite,5206
2025-11-22T22:09:05.857590,"https://www.royalcaribbean.com/gbr/en/cruises?search=departurePort:BCN,BYE,FLL,LAX,MIA,ROM,SIN,YOK|nights:6~8,9~11,gte12|ship:AL,AN,HM,IC,LE,OA,OV,OY,QN,ST,SY,UT,WN&country=IRL&market=gbr&language=en",https://www.royalcaribbean.com/gbr/en/cruises/itinerary/8-nt-southern-caribbean-perfect-day-from-fort-on-legend/LE08FLL-1526021002?sail-date=2027-01-23&currency=EUR&country=IRL,LE08FLL-1526021002,Southern Caribbean & Perfect Day,8,Legend of the Seas,LE,"Fort Lauderdale, Florida",FLL,"Fort Lauderdale, Florida - Willemstad, Curacao - Oranjestad, Aruba - Cabo Rojo, Dominican Republic - Perfect Day at CocoCay, Bahamas - Fort Lauderdale, Florida",LE08FLL-1526021002-2027-01-09,2027-01-09,Sunset Junior Suite,5614
2025-11-22T22:09:05.857590,"https://www.royalcaribbean.com/gbr/en/cruises?search=departurePort:BCN,BYE,FLL,LAX,MIA,ROM,SIN,YOK|nights:6~8,9~11,gte12|ship:AL,AN,HM,IC,LE,OA,OV,OY,QN,ST,SY,UT,WN&country=IRL&market=gbr&language=en",https://www.royalcaribbean.com/gbr/en/cruises/itinerary/8-nt-southern-caribbean-perfect-day-from-fort-on-legend/LE08FLL-1526021002?sail-date=2027-01-23&currency=EUR&country=IRL,LE08FLL-1526021002,Southern Caribbean & Perfect Day,8,Legend of the Seas,LE,"Fort Lauderdale, Florida",FLL,"Fort Lauderdale, Florida - Willemstad, Curacao - Oranjestad, Aruba - Cabo Rojo, Dominican Republic - Perfect Day at CocoCay, Bahamas - Fort Lauderdale, Florida",LE08FLL-1526021002-2027-01-09,2027-01-09,Ocean View Panoramic Suite No Balcony,5616
2025-11-22T22:09:05.857590,"https://www.royalcaribbean.com/gbr/en/cruises?search=departurePort:BCN,BYE,FLL,LAX,MIA,ROM,SIN,YOK|nights:6~8,9~11,gte12|ship:AL,AN,HM,IC,LE,OA,OV,OY,QN,ST,SY,UT,WN&country=IRL&market=gbr&language=en",https://www.royalcaribbean.com/gbr/en/cruises/itinerary/8-nt-southern-caribbean-perfect-day-from-fort-on-legend/LE08FLL-1526021002?sail-date=2027-01-23&currency=EUR&country=IRL,LE08FLL-1526021002,Southern Caribbean & Perfect Day,8,Legend of the Seas,LE,"Fort Lauderdale, Florida",FLL,"Fort Lauderdale, Florida - Willemstad, Curacao - Oranjestad, Aruba - Cabo Rojo, Dominican Republic - Perfect Day at CocoCay, Bahamas - Fort Lauderdale, Florida",LE08FLL-1526021002-2027-01-09,2027-01-09,Infinite Grand Suite,7094
2025-11-22T22:09:05.857590,"https://www.royalcaribbean.com/gbr/en/cruises?search=departurePort:BCN,BYE,FLL,LAX,MIA,ROM,SIN,YOK|nights:6~8,9~11,gte12|ship:AL,AN,HM,IC,LE,OA,OV,OY,QN,ST,SY,UT,WN&country=IRL&market=gbr&language=en",https://www.royalcaribbean.com/gbr/en/cruises/itinerary/8-nt-southern-caribbean-perfect-day-from-fort-on-legend/LE08FLL-1526021002?sail-date=2027-01-23&currency=EUR&country=IRL,LE08FLL-1526021002,Southern Caribbean & Perfect Day,8,Legend of the Seas,LE,"Fort Lauderdale, Florida",FLL,"Fort Lauderdale, Florida - Willemstad, Curacao - Oranjestad, Aruba - Cabo Rojo, Dominican Republic - Perfect Day at CocoCay, Bahamas - Fort Lauderdale, Florida",LE08FLL-1526021002-2027-01-09,2027-01-09,Sunset Suite,7289
2025-11-22T22:09:05.857590,"https://www.royalcaribbean.com/gbr/en/cruises?search=departurePort:BCN,BYE,FLL,LAX,MIA,ROM,SIN,YOK|nights:6~8,9~11,gte12|ship:AL,AN,HM,IC,LE,OA,OV,OY,QN,ST,SY,UT,WN&country=IRL&market=gbr&language=en",https://www.royalcaribbean.com/gbr/en/cruises/itinerary/8-nt-southern-caribbean-perfect-day-from-fort-on-legend/LE08FLL-1526021002?sail-date=2027-01-23&currency=EUR&country=IRL,LE08FLL-1526021002,Southern Caribbean & Perfect Day,8,Legend of the Seas,LE,"Fort Lauderdale, Florida",FLL,"Fort Lauderdale, Florida - Willemstad, Curacao - Oranjestad, Aruba - Cabo Rojo, Dominican Republic - Perfect Day at CocoCay, Bahamas - Fort Lauderdale, Florida",LE08FLL-1526021002-2027-01-09,2027-01-09,Sunset Corner Suite,8118
2025-11-22T22:09:05.857590,"https://www.royalcaribbean.com/gbr/en/cruises?search=departurePort:BCN,BYE,FLL,LAX,MIA,ROM,SIN,YOK|nights:6~8,9~11,gte12|ship:AL,AN,HM,IC,LE,OA,OV,OY,QN,ST,SY,UT,WN&country=IRL&market=gbr&language=en",https://www.royalcaribbean.com/gbr/en/cruises/itinerary/8-nt-southern-caribbean-perfect-day-from-fort-on-legend/LE08FLL-1526021002?sail-date=2027-01-23&currency=EUR&country=IRL,LE08FLL-1526021002,Southern Caribbean & Perfect Day,8,Legend of the Seas,LE,"Fort Lauderdale, Florida",FLL,"Fort Lauderdale, Florida - Willemstad, Curacao - Oranjestad, Aruba - Cabo Rojo, Dominican Republic - Perfect Day at CocoCay, Bahamas - Fort Lauderdale, Florida",LE08FLL-1526021002-2027-01-09,2027-01-09,Owners Suite,9693
2025-11-22T22:09:05.857590,"https://www.royalcaribbean.com/gbr/en/cruises?search=departurePort:BCN,BYE,FLL,LAX,MIA,ROM,SIN,YOK|nights:6~8,9~11,gte12|ship:AL,AN,HM,IC,LE,OA,OV,OY,QN,ST,SY,UT,WN&country=IRL&market=gbr&language=en",https://www.royalcaribbean.com/gbr/en/cruises/itinerary/8-nt-southern-caribbean-perfect-day-from-fort-on-legend/LE08FLL-1526021002?sail-date=2027-01-23&currency=EUR&country=IRL,LE08FLL-1526021002,Southern Caribbean & Perfect Day,8,Legend of the Seas,LE,"Fort Lauderdale, Florida",FLL,"Fort Lauderdale, Florida - Willemstad, Curacao - Oranjestad, Aruba - Cabo Rojo, Dominican Republic - Perfect Day at CocoCay, Bahamas - Fort Lauderdale, Florida",LE08FLL-1526021002-2027-01-09,2027-01-09,Icon Loft Suite,13469
2025-11-22T22:09:05.857590,"https://www.royalcaribbean.com/gbr/en/cruises?search=departurePort:BCN,BYE,FLL,LAX,MIA,ROM,SIN,YOK|nights:6~8,9~11,gte12|ship:AL,AN,HM,IC,LE,OA,OV,OY,QN,ST,SY,UT,WN&country=IRL&market=gbr&language=en",https://www.royalcaribbean.com/gbr/en/cruises/itinerary/8-nt-southern-caribbean-perfect-day-from-fort-on-legend/LE08FLL-1526021002?sail-date=2027-01-23&currency=EUR&country=IRL,LE08FLL-1526021002,Southern Caribbean & Perfect Day,8,Legend of the Seas,LE,"Fort Lauderdale, Florida",FLL,"Fort Lauderdale, Florida - Willemstad, Curacao - Oranjestad, Aruba - Cabo Rojo, Dominican Republic - Perfect Day at CocoCay, Bahamas - Fort Lauderdale, Florida",LE08FLL-1526021002-2027-01-09,2027-01-09,Ultimate Family Townhouse,39547
2025-11-22T22:09:05.857590,"https://www.royalcaribbean.com/gbr/en/cruises?search=departurePort:BCN,BYE,FLL,LAX,MIA,ROM,SIN,YOK|nights:6~8,9~11,gte12|ship:AL,AN,HM,IC,LE,OA,OV,OY,QN,ST,SY,UT,WN&country=IRL&market=gbr&language=en",https://www.royalcaribbean.com/gbr/en/cruises/itinerary/8-nt-southern-caribbean-perfect-day-from-fort-on-legend/LE08FLL-1526021002?sail-date=2027-01-23&currency=EUR&country=IRL,LE08FLL-1526021002,Southern Caribbean & Perfect Day,8,Legend of the Seas,LE,"Fort Lauderdale, Florida",FLL,"Fort Lauderdale, Florida - Willemstad, Curacao - Oranjestad, Aruba - Cabo Rojo, Dominican Republic - Perfect Day at CocoCay, Bahamas - Fort Lauderdale, Florida",LE08FLL-1526021002-2027-01-09,2027-01-09,Royal Loft Suite,41611
2025-11-22T22:09:05.857590,"https://www.royalcaribbean.com/gbr/en/cruises?search=departurePort:BCN,BYE,FLL,LAX,MIA,ROM,SIN,YOK|nights:6~8,9~11,gte12|ship:AL,AN,HM,IC,LE,OA,OV,OY,QN,ST,SY,UT,WN&country=IRL&market=gbr&language=en",https://www.royalcaribbean.com/gbr/en/cruises/itinerary/8-nt-southern-caribbean-perfect-day-from-fort-on-legend/LE08FLL-1526021002?sail-date=2027-01-23&currency=EUR&country=IRL,LE08FLL-1526021002,Southern Caribbean & Perfect Day,8,Legend of the Seas,LE,"Fort Lauderdale, Florida",FLL,"Fort Lauderdale, Florida - Willemstad, Curacao - Oranjestad, Aruba - Cabo Rojo, Dominican Republic - Perfect Day at CocoCay, Bahamas - Fort Lauderdale, Florida",LE08FLL-1526021002-2027-02-06,2027-02-06,Interior,1832
2025-11-22T22:09:05.857590,"https://www.royalcaribbean.com/gbr/en/cruises?search=departurePort:BCN,BYE,FLL,LAX,MIA,ROM,SIN,YOK|nights:6~8,9~11,gte12|ship:AL,AN,HM,IC,LE,OA,OV,OY,QN,ST,SY,UT,WN&country=IRL&market=gbr&language=en",https://www.royalcaribbean.com/gbr/en/cruises/itinerary/8-nt-southern-caribbean-perfect-day-from-fort-on-legend/LE08FLL-1526021002?sail-date=2027-01-23&currency=EUR&country=IRL,LE08FLL-1526021002,Southern Caribbean & Perfect Day,8,Legend of the Seas,LE,"Fort Lauderdale, Florida",FLL,"Fort Lauderdale, Florida - Willemstad, Curacao - Oranjestad, Aruba - Cabo Rojo, Dominican Republic - Perfect Day at CocoCay, Bahamas - Fort Lauderdale, Florida",LE08FLL-1526021002-2027-02-06,2027-02-06,Ocean View,2002
2025-11-22T22:09:05.857590,"https://www.royalcaribbean.com/gbr/en/cruises?search=departurePort:BCN,BYE,FLL,LAX,MIA,ROM,SIN,YOK|nights:6~8,9~11,gte12|ship:AL,AN,HM,IC,LE,OA,OV,OY,QN,ST,SY,UT,WN&country=IRL&market=gbr&language=en",https://www.royalcaribbean.com/gbr/en/cruises/itinerary/8-nt-southern-caribbean-perfect-day-from-fort-on-legend/LE08FLL-1526021002?sail-date=2027-01-23&currency=EUR&country=IRL,LE08FLL-1526021002,Southern Caribbean & Perfect Day,8,Legend of the Seas,LE,"Fort Lauderdale, Florida",FLL,"Fort Lauderdale, Florida - Willemstad, Curacao - Oranjestad, Aruba - Cabo Rojo, Dominican Republic - Perfect Day at CocoCay, Bahamas - Fort Lauderdale, Florida",LE08FLL-1526021002-2027-02-06,2027-02-06,Balcony,2076
2025-11-22T22:09:05.857590,"https://www.royalcaribbean.com/gbr/en/cruises?search=departurePort:BCN,BYE,FLL,LAX,MIA,ROM,SIN,YOK|nights:6~8,9~11,gte12|ship:AL,AN,HM,IC,LE,OA,OV,OY,QN,ST,SY,UT,WN&country=IRL&market=gbr&language=en",https://www.royalcaribbean.com/gbr/en/cruises/itinerary/8-nt-southern-caribbean-perfect-day-from-fort-on-legend/LE08FLL-1526021002?sail-date=2027-01-23&currency=EUR&country=IRL,LE08FLL-1526021002,Southern Caribbean & Perfect Day,8,Legend of the Seas,LE,"Fort Lauderdale, Florida",FLL,"Fort Lauderdale, Florida - Willemstad, Curacao - Oranjestad, Aruba - Cabo Rojo, Dominican Republic - Perfect Day at CocoCay, Bahamas - Fort Lauderdale, Florida",LE08FLL-1526021002-2027-02-06,2027-02-06,Suite Guarantee,3291
2025-11-22T22:09:05.857590,"https://www.royalcaribbean.com/gbr/en/cruises?search=departurePort:BCN,BYE,FLL,LAX,MIA,ROM,SIN,YOK|nights:6~8,9~11,gte12|ship:AL,AN,HM,IC,LE,OA,OV,OY,QN,ST,SY,UT,WN&country=IRL&market=gbr&language=en",https://www.royalcaribbean.com/gbr/en/cruises/itinerary/8-nt-southern-caribbean-perfect-day-from-fort-on-legend/LE08FLL-1526021002?sail-date=2027-01-23&currency=EUR&country=IRL,LE08FLL-1526021002,Southern Caribbean & Perfect Day,8,Legend of the Seas,LE,"Fort Lauderdale, Florida",FLL,"Fort Lauderdale, Florida - Willemstad, Curacao - Oranjestad, Aruba - Cabo Rojo, Dominican Republic - Perfect Day at CocoCay, Bahamas - Fort Lauderdale, Florida",LE08FLL-1526021002-2027-02-06,2027-02-06,We Choose Your Suite,3344
2025-11-22T22:09:05.857590,"https://www.royalcaribbean.com/gbr/en/cruises?search=departurePort:BCN,BYE,FLL,LAX,MIA,ROM,SIN,YOK|nights:6~8,9~11,gte12|ship:AL,AN,HM,IC,LE,OA,OV,OY,QN,ST,SY,UT,WN&country=IRL&market=gbr&language=en",https://www.royalcaribbean.com/gbr/en/cruises/itinerary/8-nt-southern-caribbean-perfect-day-from-fort-on-legend/LE08FLL-1526021002?sail-date=2027-01-23&currency=EUR&country=IRL,LE08FLL-1526021002,Southern Caribbean & Perfect Day,8,Legend of the Seas,LE,"Fort Lauderdale, Florida",FLL,"Fort Lauderdale, Florida - Willemstad, Curacao - Oranjestad, Aruba - Cabo Rojo, Dominican Republic - Perfect Day at CocoCay, Bahamas - Fort Lauderdale, Florida",LE08FLL-1526021002-2027-02-06,2027-02-06,Surfside Family Suite,3424
2025-11-22T22:09:05.857590,"https://www.royalcaribbean.com/gbr/en/cruises?search=departurePort:BCN,BYE,FLL,LAX,MIA,ROM,SIN,YOK|nights:6~8,9~11,gte12|ship:AL,AN,HM,IC,LE,OA,OV,OY,QN,ST,SY,UT,WN&country=IRL&market=gbr&language=en",https://www.royalcaribbean.com/gbr/en/cruises/itinerary/8-nt-southern-caribbean-perfect-day-from-fort-on-legend/LE08FLL-1526021002?sail-date=2027-01-23&currency=EUR&country=IRL,LE08FLL-1526021002,Southern Caribbean & Perfect Day,8,Legend of the Seas,LE,"Fort Lauderdale, Florida",FLL,"Fort Lauderdale, Florida - Willemstad, Curacao - Oranjestad, Aruba - Cabo Rojo, Dominican Republic - Perfect Day at CocoCay, Bahamas - Fort Lauderdale, Florida",LE08FLL-1526021002-2027-02-06,2027-02-06,Junior Suite,4297
2025-11-22T22:09:05.857590,"https://www.royalcaribbean.com/gbr/en/cruises?search=departurePort:BCN,BYE,FLL,LAX,MIA,ROM,SIN,YOK|nights:6~8,9~11,gte12|ship:AL,AN,HM,IC,LE,OA,OV,OY,QN,ST,SY,UT,WN&country=IRL&market=gbr&language=en",https://www.royalcaribbean.com/gbr/en/cruises/itinerary/8-nt-southern-caribbean-perfect-day-from-fort-on-legend/LE08FLL-1526021002?sail-date=2027-01-23&currency=EUR&country=IRL,LE08FLL-1526021002,Southern Caribbean & Perfect Day,8,Legend of the Seas,LE,"Fort Lauderdale, Florida",FLL,"Fort Lauderdale, Florida - Willemstad, Curacao - Oranjestad, Aruba - Cabo Rojo, Dominican Republic - Perfect Day at CocoCay, Bahamas - Fort Lauderdale, Florida",LE08FLL-1526021002-2027-02-06,2027-02-06,Sky Junior Suite,5206
2025-11-22T22:09:05.857590,"https://www.royalcaribbean.com/gbr/en/cruises?search=departurePort:BCN,BYE,FLL,LAX,MIA,ROM,SIN,YOK|nights:6~8,9~11,gte12|ship:AL,AN,HM,IC,LE,OA,OV,OY,QN,ST,SY,UT,WN&country=IRL&market=gbr&language=en",https://www.royalcaribbean.com/gbr/en/cruises/itinerary/8-nt-southern-caribbean-perfect-day-from-fort-on-legend/LE08FLL-1526021002?sail-date=2027-01-23&currency=EUR&country=IRL,LE08FLL-1526021002,Southern Caribbean & Perfect Day,8,Legend of the Seas,LE,"Fort Lauderdale, Florida",FLL,"Fort Lauderdale, Florida - Willemstad, Curacao - Oranjestad, Aruba - Cabo Rojo, Dominican Republic - Perfect Day at CocoCay, Bahamas - Fort Lauderdale, Florida",LE08FLL-1526021002-2027-02-06,2027-02-06,Sunset Junior Suite,5614
2025-11-22T22:09:05.857590,"https://www.royalcaribbean.com/gbr/en/cruises?search=departurePort:BCN,BYE,FLL,LAX,MIA,ROM,SIN,YOK|nights:6~8,9~11,gte12|ship:AL,AN,HM,IC,LE,OA,OV,OY,QN,ST,SY,UT,WN&country=IRL&market=gbr&language=en",https://www.royalcaribbean.com/gbr/en/cruises/itinerary/8-nt-southern-caribbean-perfect-day-from-fort-on-legend/LE08FLL-1526021002?sail-date=2027-01-23&currency=EUR&country=IRL,LE08FLL-1526021002,Southern Caribbean & Perfect Day,8,Legend of the Seas,LE,"Fort Lauderdale, Florida",FLL,"Fort Lauderdale, Florida - Willemstad, Curacao - Oranjestad, Aruba - Cabo Rojo, Dominican Republic - Perfect Day at CocoCay, Bahamas - Fort Lauderdale, Florida",LE08FLL-1526021002-2027-02-06,2027-02-06,Ocean View Panoramic Suite No Balcony,5616
2025-11-22T22:09:05.857590,"https://www.royalcaribbean.com/gbr/en/cruises?search=departurePort:BCN,BYE,FLL,LAX,MIA,ROM,SIN,YOK|nights:6~8,9~11,gte12|ship:AL,AN,HM,IC,LE,OA,OV,OY,QN,ST,SY,UT,WN&country=IRL&market=gbr&language=en",https://www.royalcaribbean.com/gbr/en/cruises/itinerary/8-nt-southern-caribbean-perfect-day-from-fort-on-legend/LE08FLL-1526021002?sail-date=2027-01-23&currency=EUR&country=IRL,LE08FLL-1526021002,Southern Caribbean & Perfect Day,8,Legend of the Seas,LE,"Fort Lauderdale, Florida",FLL,"Fort Lauderdale, Florida - Willemstad, Curacao - Oranjestad, Aruba - Cabo Rojo, Dominican Republic - Perfect Day at CocoCay, Bahamas - Fort Lauderdale, Florida",LE08FLL-1526021002-2027-02-06,2027-02-06,Infinite Grand Suite,7094
2025-11-22T22:09:05.857590,"https://www.royalcaribbean.com/gbr/en/cruises?search=departurePort:BCN,BYE,FLL,LAX,MIA,ROM,SIN,YOK|nights:6~8,9~11,gte12|ship:AL,AN,HM,IC,LE,OA,OV,OY,QN,ST,SY,UT,WN&country=IRL&market=gbr&language=en",https://www.royalcaribbean.com/gbr/en/cruises/itinerary/8-nt-southern-caribbean-perfect-day-from-fort-on-legend/LE08FLL-1526021002?sail-date=2027-01-23&currency=EUR&country=IRL,LE08FLL-1526021002,Southern Caribbean & Perfect Day,8,Legend of the Seas,LE,"Fort Lauderdale, Florida",FLL,"Fort Lauderdale, Florida - Willemstad, Curacao - Oranjestad, Aruba - Cabo Rojo, Dominican Republic - Perfect Day at CocoCay, Bahamas - Fort Lauderdale, Florida",LE08FLL-1526021002-2027-02-06,2027-02-06,Sunset Suite,7289
2025-11-22T22:09:05.857590,"https://www.royalcaribbean.com/gbr/en/cruises?search=departurePort:BCN,BYE,FLL,LAX,MIA,ROM,SIN,YOK|nights:6~8,9~11,gte12|ship:AL,AN,HM,IC,LE,OA,OV,OY,QN,ST,SY,UT,WN&country=IRL&market=gbr&language=en",https://www.royalcaribbean.com/gbr/en/cruises/itinerary/8-nt-southern-caribbean-perfect-day-from-fort-on-legend/LE08FLL-1526021002?sail-date=2027-01-23&currency=EUR&country=IRL,LE08FLL-1526021002,Southern Caribbean & Perfect Day,8,Legend of the Seas,LE,"Fort Lauderdale, Florida",FLL,"Fort Lauderdale, Florida - Willemstad, Curacao - Oranjestad, Aruba - Cabo Rojo, Dominican Republic - Perfect Day at CocoCay, Bahamas - Fort Lauderdale, Florida",LE08FLL-1526021002-2027-02-06,2027-02-06,Sunset Corner Suite,8118
2025-11-22T22:09:05.857590,"https://www.royalcaribbean.com/gbr/en/cruises?search=departurePort:BCN,BYE,FLL,LAX,MIA,ROM,SIN,YOK|nights:6~8,9~11,gte12|ship:AL,AN,HM,IC,LE,OA,OV,OY,QN,ST,SY,UT,WN&country=IRL&market=gbr&language=en",https://www.royalcaribbean.com/gbr/en/cruises/itinerary/8-nt-southern-caribbean-perfect-day-from-fort-on-legend/LE08FLL-1526021002?sail-date=2027-01-23&currency=EUR&country=IRL,LE08FLL-1526021002,Southern Caribbean & Perfect Day,8,Legend of the Seas,LE,"Fort Lauderdale, Florida",FLL,"Fort Lauderdale, Florida - Willemstad, Curacao - Oranjestad, Aruba - Cabo Rojo, Dominican Republic - Perfect Day at CocoCay, Bahamas - Fort Lauderdale, Florida",LE08FLL-1526021002-2027-02-06,2027-02-06,Owners Suite,9693
2025-11-22T22:09:05.857590,"https://www.royalcaribbean.com/gbr/en/cruises?search=departurePort:BCN,BYE,FLL,LAX,MIA,ROM,SIN,YOK|nights:6~8,9~11,gte12|ship:AL,AN,HM,IC,LE,OA,OV,OY,QN,ST,SY,UT,WN&country=IRL&market=gbr&language=en",https://www.royalcaribbean.com/gbr/en/cruises/itinerary/8-nt-southern-caribbean-perfect-day-from-fort-on-legend/LE08FLL-1526021002?sail-date=2027-01-23&currency=EUR&country=IRL,LE08FLL-1526021002,Southern Caribbean & Perfect Day,8,Legend of the Seas,LE,"Fort Lauderdale, Florida",FLL,"Fort Lauderdale, Florida - Willemstad, Curacao - Oranjestad, Aruba - Cabo Rojo, Dominican Republic - Perfect Day at CocoCay, Bahamas - Fort Lauderdale, Florida",LE08FLL-1526021002-2027-02-06,2027-02-06,Icon Loft Suite,13469
2025-11-22T22:09:05.857590,"https://www.royalcaribbean.com/gbr/en/cruises?search=departurePort:BCN,BYE,FLL,LAX,MIA,ROM,SIN,YOK|nights:6~8,9~11,gte12|ship:AL,AN,HM,IC,LE,OA,OV,OY,QN,ST,SY,UT,WN&country=IRL&market=gbr&language=en",https://www.royalcaribbean.com/gbr/en/cruises/itinerary/8-nt-southern-caribbean-perfect-day-from-fort-on-legend/LE08FLL-1526021002?sail-date=2027-01-23&currency=EUR&country=IRL,LE08FLL-1526021002,Southern Caribbean & Perfect Day,8,Legend of the Seas,LE,"Fort Lauderdale, Florida",FLL,"Fort Lauderdale, Florida - Willemstad, Curacao - Oranjestad, Aruba - Cabo Rojo, Dominican Republic - Perfect Day at CocoCay, Bahamas - Fort Lauderdale, Florida",LE08FLL-1526021002-2027-02-06,2027-02-06,Ultimate Family Townhouse,39547
2025-11-22T22:09:05.857590,"https://www.royalcaribbean.com/gbr/en/cruises?search=departurePort:BCN,BYE,FLL,LAX,MIA,ROM,SIN,YOK|nights:6~8,9~11,gte12|ship:AL,AN,HM,IC,LE,OA,OV,OY,QN,ST,SY,UT,WN&country=IRL&market=gbr&language=en",https://www.royalcaribbean.com/gbr/en/cruises/itinerary/8-nt-southern-caribbean-perfect-day-from-fort-on-legend/LE08FLL-1526021002?sail-date=2027-01-23&currency=EUR&country=IRL,LE08FLL-1526021002,Southern Caribbean & Perfect Day,8,Legend of the Seas,LE,"Fort Lauderdale, Florida",FLL,"Fort Lauderdale, Florida - Willemstad, Curacao - Oranjestad, Aruba - Cabo Rojo, Dominican Republic - Perfect Day at CocoCay, Bahamas - Fort Lauderdale, Florida",LE08FLL-1526021002-2027-02-06,2027-02-06,Royal Loft Suite,41611
2025-11-22T22:09:05.857590,"https://www.royalcaribbean.com/gbr/en/cruises?search=departurePort:BCN,BYE,FLL,LAX,MIA,ROM,SIN,YOK|nights:6~8,9~11,gte12|ship:AL,AN,HM,IC,LE,OA,OV,OY,QN,ST,SY,UT,WN&country=IRL&market=gbr&language=en",https://www.royalcaribbean.com/gbr/en/cruises/itinerary/6-night-western-caribbean-perfect-day-from-fort-on-legend/LE06FLL-1143316554?sail-date=2026-12-06&currency=EUR&country=IRL,LE06FLL-1143316554,Western Caribbean & Perfect Day,6,Legend of the Seas,LE,"Fort Lauderdale, Florida",FLL,"Fort Lauderdale, Florida - Perfect Day at CocoCay, Bahamas - Falmouth, Jamaica - Labadee, Haiti - Fort Lauderdale, Florida",LE06FLL-1143316554-2026-12-06,2026-12-06,Interior,1250
2025-11-22T22:09:05.857590,"https://www.royalcaribbean.com/gbr/en/cruises?search=departurePort:BCN,BYE,FLL,LAX,MIA,ROM,SIN,YOK|nights:6~8,9~11,gte12|ship:AL,AN,HM,IC,LE,OA,OV,OY,QN,ST,SY,UT,WN&country=IRL&market=gbr&language=en",https://www.royalcaribbean.com/gbr/en/cruises/itinerary/6-night-western-caribbean-perfect-day-from-fort-on-legend/LE06FLL-1143316554?sail-date=2026-12-06&currency=EUR&country=IRL,LE06FLL-1143316554,Western Caribbean & Perfect Day,6,Legend of the Seas,LE,"Fort Lauderdale, Florida",FLL,"Fort Lauderdale, Florida - Perfect Day at CocoCay, Bahamas - Falmouth, Jamaica - Labadee, Haiti - Fort Lauderdale, Florida",LE06FLL-1143316554-2026-12-06,2026-12-06,Ocean View,1330
2025-11-22T22:09:05.857590,"https://www.royalcaribbean.com/gbr/en/cruises?search=departurePort:BCN,BYE,FLL,LAX,MIA,ROM,SIN,YOK|nights:6~8,9~11,gte12|ship:AL,AN,HM,IC,LE,OA,OV,OY,QN,ST,SY,UT,WN&country=IRL&market=gbr&language=en",https://www.royalcaribbean.com/gbr/en/cruises/itinerary/6-night-western-caribbean-perfect-day-from-fort-on-legend/LE06FLL-1143316554?sail-date=2026-12-06&currency=EUR&country=IRL,LE06FLL-1143316554,Western Caribbean & Perfect Day,6,Legend of the Seas,LE,"Fort Lauderdale, Florida",FLL,"Fort Lauderdale, Florida - Perfect Day at CocoCay, Bahamas - Falmouth, Jamaica - Labadee, Haiti - Fort Lauderdale, Florida",LE06FLL-1143316554-2026-12-06,2026-12-06,Balcony,1460
2025-11-22T22:09:05.857590,"https://www.royalcaribbean.com/gbr/en/cruises?search=departurePort:BCN,BYE,FLL,LAX,MIA,ROM,SIN,YOK|nights:6~8,9~11,gte12|ship:AL,AN,HM,IC,LE,OA,OV,OY,QN,ST,SY,UT,WN&country=IRL&market=gbr&language=en",https://www.royalcaribbean.com/gbr/en/cruises/itinerary/6-night-western-caribbean-perfect-day-from-fort-on-legend/LE06FLL-1143316554?sail-date=2026-12-06&currency=EUR&country=IRL,LE06FLL-1143316554,Western Caribbean & Perfect Day,6,Legend of the Seas,LE,"Fort Lauderdale, Florida",FLL,"Fort Lauderdale, Florida - Perfect Day at CocoCay, Bahamas - Falmouth, Jamaica - Labadee, Haiti - Fort Lauderdale, Florida",LE06FLL-1143316554-2026-12-06,2026-12-06,Suite Guarantee,2178
2025-11-22T22:09:05.857590,"https://www.royalcaribbean.com/gbr/en/cruises?search=departurePort:BCN,BYE,FLL,LAX,MIA,ROM,SIN,YOK|nights:6~8,9~11,gte12|ship:AL,AN,HM,IC,LE,OA,OV,OY,QN,ST,SY,UT,WN&country=IRL&market=gbr&language=en",https://www.royalcaribbean.com/gbr/en/cruises/itinerary/6-night-western-caribbean-perfect-day-from-fort-on-legend/LE06FLL-1143316554?sail-date=2026-12-06&currency=EUR&country=IRL,LE06FLL-1143316554,Western Caribbean & Perfect Day,6,Legend of the Seas,LE,"Fort Lauderdale, Florida",FLL,"Fort Lauderdale, Florida - Perfect Day at CocoCay, Bahamas - Falmouth, Jamaica - Labadee, Haiti - Fort Lauderdale, Florida",LE06FLL-1143316554-2026-12-06,2026-12-06,Surfside Family Suite,2178
2025-11-22T22:09:05.857590,"https://www.royalcaribbean.com/gbr/en/cruises?search=departurePort:BCN,BYE,FLL,LAX,MIA,ROM,SIN,YOK|nights:6~8,9~11,gte12|ship:AL,AN,HM,IC,LE,OA,OV,OY,QN,ST,SY,UT,WN&country=IRL&market=gbr&language=en",https://www.royalcaribbean.com/gbr/en/cruises/itinerary/6-night-western-caribbean-perfect-day-from-fort-on-legend/LE06FLL-1143316554?sail-date=2026-12-06&currency=EUR&country=IRL,LE06FLL-1143316554,Western Caribbean & Perfect Day,6,Legend of the Seas,LE,"Fort Lauderdale, Florida",FLL,"Fort Lauderdale, Florida - Perfect Day at CocoCay, Bahamas - Falmouth, Jamaica - Labadee, Haiti - Fort Lauderdale, Florida",LE06FLL-1143316554-2026-12-06,2026-12-06,Junior Suite,2768
2025-11-22T22:09:05.857590,"https://www.royalcaribbean.com/gbr/en/cruises?search=departurePort:BCN,BYE,FLL,LAX,MIA,ROM,SIN,YOK|nights:6~8,9~11,gte12|ship:AL,AN,HM,IC,LE,OA,OV,OY,QN,ST,SY,UT,WN&country=IRL&market=gbr&language=en",https://www.royalcaribbean.com/gbr/en/cruises/itinerary/6-night-western-caribbean-perfect-day-from-fort-on-legend/LE06FLL-1143316554?sail-date=2026-12-06&currency=EUR&country=IRL,LE06FLL-1143316554,Western Caribbean & Perfect Day,6,Legend of the Seas,LE,"Fort Lauderdale, Florida",FLL,"Fort Lauderdale, Florida - Perfect Day at CocoCay, Bahamas - Falmouth, Jamaica - Labadee, Haiti - Fort Lauderdale, Florida",LE06FLL-1143316554-2026-12-06,2026-12-06,Ocean View Panoramic Suite No Balcony,3139
2025-11-22T22:09:05.857590,"https://www.royalcaribbean.com/gbr/en/cruises?search=departurePort:BCN,BYE,FLL,LAX,MIA,ROM,SIN,YOK|nights:6~8,9~11,gte12|ship:AL,AN,HM,IC,LE,OA,OV,OY,QN,ST,SY,UT,WN&country=IRL&market=gbr&language=en",https://www.royalcaribbean.com/gbr/en/cruises/itinerary/6-night-western-caribbean-perfect-day-from-fort-on-legend/LE06FLL-1143316554?sail-date=2026-12-06&currency=EUR&country=IRL,LE06FLL-1143316554,Western Caribbean & Perfect Day,6,Legend of the Seas,LE,"Fort Lauderdale, Florida",FLL,"Fort Lauderdale, Florida - Perfect Day at CocoCay, Bahamas - Falmouth, Jamaica - Labadee, Haiti - Fort Lauderdale, Florida",LE06FLL-1143316554-2026-12-06,2026-12-06,Sky Junior Suite,3333
2025-11-22T22:09:05.857590,"https://www.royalcaribbean.com/gbr/en/cruises?search=departurePort:BCN,BYE,FLL,LAX,MIA,ROM,SIN,YOK|nights:6~8,9~11,gte12|ship:AL,AN,HM,IC,LE,OA,OV,OY,QN,ST,SY,UT,WN&country=IRL&market=gbr&language=en",https://www.royalcaribbean.com/gbr/en/cruises/itinerary/6-night-western-caribbean-perfect-day-from-fort-on-legend/LE06FLL-1143316554?sail-date=2026-12-06&currency=EUR&country=IRL,LE06FLL-1143316554,Western Caribbean & Perfect Day,6,Legend of the Seas,LE,"Fort Lauderdale, Florida",FLL,"Fort Lauderdale, Florida - Perfect Day at CocoCay, Bahamas - Falmouth, Jamaica - Labadee, Haiti - Fort Lauderdale, Florida",LE06FLL-1143316554-2026-12-06,2026-12-06,Sunset Junior Suite,3658
2025-11-22T22:09:05.857590,"https://www.royalcaribbean.com/gbr/en/cruises?search=departurePort:BCN,BYE,FLL,LAX,MIA,ROM,SIN,YOK|nights:6~8,9~11,gte12|ship:AL,AN,HM,IC,LE,OA,OV,OY,QN,ST,SY,UT,WN&country=IRL&market=gbr&language=en",https://www.royalcaribbean.com/gbr/en/cruises/itinerary/6-night-western-caribbean-perfect-day-from-fort-on-legend/LE06FLL-1143316554?sail-date=2026-12-06&currency=EUR&country=IRL,LE06FLL-1143316554,Western Caribbean & Perfect Day,6,Legend of the Seas,LE,"Fort Lauderdale, Florida",FLL,"Fort Lauderdale, Florida - Perfect Day at CocoCay, Bahamas - Falmouth, Jamaica - Labadee, Haiti - Fort Lauderdale, Florida",LE06FLL-1143316554-2026-12-06,2026-12-06,Grand Suite,4314
2025-11-22T22:09:05.857590,"https://www.royalcaribbean.com/gbr/en/cruises?search=departurePort:BCN,BYE,FLL,LAX,MIA,ROM,SIN,YOK|nights:6~8,9~11,gte12|ship:AL,AN,HM,IC,LE,OA,OV,OY,QN,ST,SY,UT,WN&country=IRL&market=gbr&language=en",https://www.royalcaribbean.com/gbr/en/cruises/itinerary/6-night-western-caribbean-perfect-day-from-fort-on-legend/LE06FLL-1143316554?sail-date=2026-12-06&currency=EUR&country=IRL,LE06FLL-1143316554,Western Caribbean & Perfect Day,6,Legend of the Seas,LE,"Fort Lauderdale, Florida",FLL,"Fort Lauderdale, Florida - Perfect Day at CocoCay, Bahamas - Falmouth, Jamaica - Labadee, Haiti - Fort Lauderdale, Florida",LE06FLL-1143316554-2026-12-06,2026-12-06,Infinite Grand Suite,4405
2025-11-22T22:09:05.857590,"https://www.royalcaribbean.com/gbr/en/cruises?search=departurePort:BCN,BYE,FLL,LAX,MIA,ROM,SIN,YOK|nights:6~8,9~11,gte12|ship:AL,AN,HM,IC,LE,OA,OV,OY,QN,ST,SY,UT,WN&country=IRL&market=gbr&language=en",https://www.royalcaribbean.com/gbr/en/cruises/itinerary/6-night-western-caribbean-perfect-day-from-fort-on-legend/LE06FLL-1143316554?sail-date=2026-12-06&currency=EUR&country=IRL,LE06FLL-1143316554,Western Caribbean & Perfect Day,6,Legend of the Seas,LE,"Fort Lauderdale, Florida",FLL,"Fort Lauderdale, Florida - Perfect Day at CocoCay, Bahamas - Falmouth, Jamaica - Labadee, Haiti - Fort Lauderdale, Florida",LE06FLL-1143316554-2026-12-06,2026-12-06,Sunset Suite,4772
2025-11-22T22:09:05.857590,"https://www.royalcaribbean.com/gbr/en/cruises?search=departurePort:BCN,BYE,FLL,LAX,MIA,ROM,SIN,YOK|nights:6~8,9~11,gte12|ship:AL,AN,HM,IC,LE,OA,OV,OY,QN,ST,SY,UT,WN&country=IRL&market=gbr&language=en",https://www.royalcaribbean.com/gbr/en/cruises/itinerary/6-night-western-caribbean-perfect-day-from-fort-on-legend/LE06FLL-1143316554?sail-date=2026-12-06&currency=EUR&country=IRL,LE06FLL-1143316554,Western Caribbean & Perfect Day,6,Legend of the Seas,LE,"Fort Lauderdale, Florida",FLL,"Fort Lauderdale, Florida - Perfect Day at CocoCay, Bahamas - Falmouth, Jamaica - Labadee, Haiti - Fort Lauderdale, Florida",LE06FLL-1143316554-2026-12-06,2026-12-06,Sunset Corner Suite,5317
2025-11-22T22:09:05.857590,"https://www.royalcaribbean.com/gbr/en/cruises?search=departurePort:BCN,BYE,FLL,LAX,MIA,ROM,SIN,YOK|nights:6~8,9~11,gte12|ship:AL,AN,HM,IC,LE,OA,OV,OY,QN,ST,SY,UT,WN&country=IRL&market=gbr&language=en",https://www.royalcaribbean.com/gbr/en/cruises/itinerary/6-night-western-caribbean-perfect-day-from-fort-on-legend/LE06FLL-1143316554?sail-date=2026-12-06&currency=EUR&country=IRL,LE06FLL-1143316554,Western Caribbean & Perfect Day,6,Legend of the Seas,LE,"Fort Lauderdale, Florida",FLL,"Fort Lauderdale, Florida - Perfect Day at CocoCay, Bahamas - Falmouth, Jamaica - Labadee, Haiti - Fort Lauderdale, Florida",LE06FLL-1143316554-2026-12-06,2026-12-06,Owners Suite,6375
2025-11-22T22:09:05.857590,"https://www.royalcaribbean.com/gbr/en/cruises?search=departurePort:BCN,BYE,FLL,LAX,MIA,ROM,SIN,YOK|nights:6~8,9~11,gte12|ship:AL,AN,HM,IC,LE,OA,OV,OY,QN,ST,SY,UT,WN&country=IRL&market=gbr&language=en",https://www.royalcaribbean.com/gbr/en/cruises/itinerary/6-night-western-caribbean-perfect-day-from-fort-on-legend/LE06FLL-1143316554?sail-date=2026-12-06&currency=EUR&country=IRL,LE06FLL-1143316554,Western Caribbean & Perfect Day,6,Legend of the Seas,LE,"Fort Lauderdale, Florida",FLL,"Fort Lauderdale, Florida - Perfect Day at CocoCay, Bahamas - Falmouth, Jamaica - Labadee, Haiti - Fort Lauderdale, Florida",LE06FLL-1143316554-2026-12-06,2026-12-06,Icon Loft Suite,9679
2025-11-22T22:09:05.857590,"https://www.royalcaribbean.com/gbr/en/cruises?search=departurePort:BCN,BYE,FLL,LAX,MIA,ROM,SIN,YOK|nights:6~8,9~11,gte12|ship:AL,AN,HM,IC,LE,OA,OV,OY,QN,ST,SY,UT,WN&country=IRL&market=gbr&language=en",https://www.royalcaribbean.com/gbr/en/cruises/itinerary/6-night-western-caribbean-perfect-day-from-fort-on-legend/LE06FLL-1143316554?sail-date=2026-12-06&currency=EUR&country=IRL,LE06FLL-1143316554,Western Caribbean & Perfect Day,6,Legend of the Seas,LE,"Fort Lauderdale, Florida",FLL,"Fort Lauderdale, Florida - Perfect Day at CocoCay, Bahamas - Falmouth, Jamaica - Labadee, Haiti - Fort Lauderdale, Florida",LE06FLL-1143316554-2026-12-06,2026-12-06,Royal Loft Suite,27733
2025-11-22T22:09:05.857590,"https://www.royalcaribbean.com/gbr/en/cruises?search=departurePort:BCN,BYE,FLL,LAX,MIA,ROM,SIN,YOK|nights:6~8,9~11,gte12|ship:AL,AN,HM,IC,LE,OA,OV,OY,QN,ST,SY,UT,WN&country=IRL&market=gbr&language=en",https://www.royalcaribbean.com/gbr/en/cruises/itinerary/6-night-western-caribbean-perfect-day-from-fort-on-legend/LE06FLL-1143316554?sail-date=2026-12-06&currency=EUR&country=IRL,LE06FLL-1143316554,Western Caribbean & Perfect Day,6,Legend of the Seas,LE,"Fort Lauderdale, Florida",FLL,"Fort Lauderdale, Florida - Perfect Day at CocoCay, Bahamas - Falmouth, Jamaica - Labadee, Haiti - Fort Lauderdale, Florida",LE06FLL-1143316554-2026-11-22,2026-11-22,Interior,1513
2025-11-22T22:09:05.857590,"https://www.royalcaribbean.com/gbr/en/cruises?search=departurePort:BCN,BYE,FLL,LAX,MIA,ROM,SIN,YOK|nights:6~8,9~11,gte12|ship:AL,AN,HM,IC,LE,OA,OV,OY,QN,ST,SY,UT,WN&country=IRL&market=gbr&language=en",https://www.royalcaribbean.com/gbr/en/cruises/itinerary/6-night-western-caribbean-perfect-day-from-fort-on-legend/LE06FLL-1143316554?sail-date=2026-12-06&currency=EUR&country=IRL,LE06FLL-1143316554,Western Caribbean & Perfect Day,6,Legend of the Seas,LE,"Fort Lauderdale, Florida",FLL,"Fort Lauderdale, Florida - Perfect Day at CocoCay, Bahamas - Falmouth, Jamaica - Labadee, Haiti - Fort Lauderdale, Florida",LE06FLL-1143316554-2026-11-22,2026-11-22,Ocean View,1676
2025-11-22T22:09:05.857590,"https://www.royalcaribbean.com/gbr/en/cruises?search=departurePort:BCN,BYE,FLL,LAX,MIA,ROM,SIN,YOK|nights:6~8,9~11,gte12|ship:AL,AN,HM,IC,LE,OA,OV,OY,QN,ST,SY,UT,WN&country=IRL&market=gbr&language=en",https://www.royalcaribbean.com/gbr/en/cruises/itinerary/6-night-western-caribbean-perfect-day-from-fort-on-legend/LE06FLL-1143316554?sail-date=2026-12-06&currency=EUR&country=IRL,LE06FLL-1143316554,Western Caribbean & Perfect Day,6,Legend of the Seas,LE,"Fort Lauderdale, Florida",FLL,"Fort Lauderdale, Florida - Perfect Day at CocoCay, Bahamas - Falmouth, Jamaica - Labadee, Haiti - Fort Lauderdale, Florida",LE06FLL-1143316554-2026-11-22,2026-11-22,Balcony,1792
2025-11-22T22:09:05.857590,"https://www.royalcaribbean.com/gbr/en/cruises?search=departurePort:BCN,BYE,FLL,LAX,MIA,ROM,SIN,YOK|nights:6~8,9~11,gte12|ship:AL,AN,HM,IC,LE,OA,OV,OY,QN,ST,SY,UT,WN&country=IRL&market=gbr&language=en",https://www.royalcaribbean.com/gbr/en/cruises/itinerary/6-night-western-caribbean-perfect-day-from-fort-on-legend/LE06FLL-1143316554?sail-date=2026-12-06&currency=EUR&country=IRL,LE06FLL-1143316554,Western Caribbean & Perfect Day,6,Legend of the Seas,LE,"Fort Lauderdale, Florida",FLL,"Fort Lauderdale, Florida - Perfect Day at CocoCay, Bahamas - Falmouth, Jamaica - Labadee, Haiti - Fort Lauderdale, Florida",LE06FLL-1143316554-2026-11-22,2026-11-22,Suite Guarantee,2956
2025-11-22T22:09:05.857590,"https://www.royalcaribbean.com/gbr/en/cruises?search=departurePort:BCN,BYE,FLL,LAX,MIA,ROM,SIN,YOK|nights:6~8,9~11,gte12|ship:AL,AN,HM,IC,LE,OA,OV,OY,QN,ST,SY,UT,WN&country=IRL&market=gbr&language=en",https://www.royalcaribbean.com/gbr/en/cruises/itinerary/6-night-western-caribbean-perfect-day-from-fort-on-legend/LE06FLL-1143316554?sail-date=2026-12-06&currency=EUR&country=IRL,LE06FLL-1143316554,Western Caribbean & Perfect Day,6,Legend of the Seas,LE,"Fort Lauderdale, Florida",FLL,"Fort Lauderdale, Florida - Perfect Day at CocoCay, Bahamas - Falmouth, Jamaica - Labadee, Haiti - Fort Lauderdale, Florida",LE06FLL-1143316554-2026-11-22,2026-11-22,Surfside Family Suite,2178
2025-11-22T22:09:05.857590,"https://www.royalcaribbean.com/gbr/en/cruises?search=departurePort:BCN,BYE,FLL,LAX,MIA,ROM,SIN,YOK|nights:6~8,9~11,gte12|ship:AL,AN,HM,IC,LE,OA,OV,OY,QN,ST,SY,UT,WN&country=IRL&market=gbr&language=en",https://www.royalcaribbean.com/gbr/en/cruises/itinerary/6-night-western-caribbean-perfect-day-from-fort-on-legend/LE06FLL-1143316554?sail-date=2026-12-06&currency=EUR&country=IRL,LE06FLL-1143316554,Western Caribbean & Perfect Day,6,Legend of the Seas,LE,"Fort Lauderdale, Florida",FLL,"Fort Lauderdale, Florida - Perfect Day at CocoCay, Bahamas - Falmouth, Jamaica - Labadee, Haiti - Fort Lauderdale, Florida",LE06FLL-1143316554-2026-11-22,2026-11-22,Junior Suite,2768
2025-11-22T22:09:05.857590,"https://www.royalcaribbean.com/gbr/en/cruises?search=departurePort:BCN,BYE,FLL,LAX,MIA,ROM,SIN,YOK|nights:6~8,9~11,gte12|ship:AL,AN,HM,IC,LE,OA,OV,OY,QN,ST,SY,UT,WN&country=IRL&market=gbr&language=en",https://www.royalcaribbean.com/gbr/en/cruises/itinerary/6-night-western-caribbean-perfect-day-from-fort-on-legend/LE06FLL-1143316554?sail-date=2026-12-06&currency=EUR&country=IRL,LE06FLL-1143316554,Western Caribbean & Perfect Day,6,Legend of the Seas,LE,"Fort Lauderdale, Florida",FLL,"Fort Lauderdale, Florida - Perfect Day at CocoCay, Bahamas - Falmouth, Jamaica - Labadee, Haiti - Fort Lauderdale, Florida",LE06FLL-1143316554-2026-11-22,2026-11-22,Ocean View Panoramic Suite No Balcony,3139
2025-11-22T22:09:05.857590,"https://www.royalcaribbean.com/gbr/en/cruises?search=departurePort:BCN,BYE,FLL,LAX,MIA,ROM,SIN,YOK|nights:6~8,9~11,gte12|ship:AL,AN,HM,IC,LE,OA,OV,OY,QN,ST,SY,UT,WN&country=IRL&market=gbr&language=en",https://www.royalcaribbean.com/gbr/en/cruises/itinerary/6-night-western-caribbean-perfect-day-from-fort-on-legend/LE06FLL-1143316554?sail-date=2026-12-06&currency=EUR&country=IRL,LE06FLL-1143316554,Western Caribbean & Perfect Day,6,Legend of the Seas,LE,"Fort Lauderdale, Florida",FLL,"Fort Lauderdale, Florida - Perfect Day at CocoCay, Bahamas - Falmouth, Jamaica - Labadee, Haiti - Fort Lauderdale, Florida",LE06FLL-1143316554-2026-11-22,2026-11-22,Sky Junior Suite,3333
2025-11-22T22:09:05.857590,"https://www.royalcaribbean.com/gbr/en/cruises?search=departurePort:BCN,BYE,FLL,LAX,MIA,ROM,SIN,YOK|nights:6~8,9~11,gte12|ship:AL,AN,HM,IC,LE,OA,OV,OY,QN,ST,SY,UT,WN&country=IRL&market=gbr&language=en",https://www.royalcaribbean.com/gbr/en/cruises/itinerary/6-night-western-caribbean-perfect-day-from-fort-on-legend/LE06FLL-1143316554?sail-date=2026-12-06&currency=EUR&country=IRL,LE06FLL-1143316554,Western Caribbean & Perfect Day,6,Legend of the Seas,LE,"Fort Lauderdale, Florida",FLL,"Fort Lauderdale, Florida - Perfect Day at CocoCay, Bahamas - Falmouth, Jamaica - Labadee, Haiti - Fort Lauderdale, Florida",LE06FLL-1143316554-2026-11-22,2026-11-22,Sunset Junior Suite,3658
2025-11-22T22:09:05.857590,"https://www.royalcaribbean.com/gbr/en/cruises?search=departurePort:BCN,BYE,FLL,LAX,MIA,ROM,SIN,YOK|nights:6~8,9~11,gte12|ship:AL,AN,HM,IC,LE,OA,OV,OY,QN,ST,SY,UT,WN&country=IRL&market=gbr&language=en",https://www.royalcaribbean.com/gbr/en/cruises/itinerary/6-night-western-caribbean-perfect-day-from-fort-on-legend/LE06FLL-1143316554?sail-date=2026-12-06&currency=EUR&country=IRL,LE06FLL-1143316554,Western Caribbean & Perfect Day,6,Legend of the Seas,LE,"Fort Lauderdale, Florida",FLL,"Fort Lauderdale, Florida - Perfect Day at CocoCay, Bahamas - Falmouth, Jamaica - Labadee, Haiti - Fort Lauderdale, Florida",LE06FLL-1143316554-2026-11-22,2026-11-22,Grand Suite,4314
2025-11-22T22:09:05.857590,"https://www.royalcaribbean.com/gbr/en/cruises?search=departurePort:BCN,BYE,FLL,LAX,MIA,ROM,SIN,YOK|nights:6~8,9~11,gte12|ship:AL,AN,HM,IC,LE,OA,OV,OY,QN,ST,SY,UT,WN&country=IRL&market=gbr&language=en",https://www.royalcaribbean.com/gbr/en/cruises/itinerary/6-night-western-caribbean-perfect-day-from-fort-on-legend/LE06FLL-1143316554?sail-date=2026-12-06&currency=EUR&country=IRL,LE06FLL-1143316554,Western Caribbean & Perfect Day,6,Legend of the Seas,LE,"Fort Lauderdale, Florida",FLL,"Fort Lauderdale, Florida - Perfect Day at CocoCay, Bahamas - Falmouth, Jamaica - Labadee, Haiti - Fort Lauderdale, Florida",LE06FLL-1143316554-2026-11-22,2026-11-22,Infinite Grand Suite,4405
2025-11-22T22:09:05.857590,"https://www.royalcaribbean.com/gbr/en/cruises?search=departurePort:BCN,BYE,FLL,LAX,MIA,ROM,SIN,YOK|nights:6~8,9~11,gte12|ship:AL,AN,HM,IC,LE,OA,OV,OY,QN,ST,SY,UT,WN&country=IRL&market=gbr&language=en",https://www.royalcaribbean.com/gbr/en/cruises/itinerary/6-night-western-caribbean-perfect-day-from-fort-on-legend/LE06FLL-1143316554?sail-date=2026-12-06&currency=EUR&country=IRL,LE06FLL-1143316554,Western Caribbean & Perfect Day,6,Legend of the Seas,LE,"Fort Lauderdale, Florida",FLL,"Fort Lauderdale, Florida - Perfect Day at CocoCay, Bahamas - Falmouth, Jamaica - Labadee, Haiti - Fort Lauderdale, Florida",LE06FLL-1143316554-2026-11-22,2026-11-22,Sunset Suite,4772
2025-11-22T22:09:05.857590,"https://www.royalcaribbean.com/gbr/en/cruises?search=departurePort:BCN,BYE,FLL,LAX,MIA,ROM,SIN,YOK|nights:6~8,9~11,gte12|ship:AL,AN,HM,IC,LE,OA,OV,OY,QN,ST,SY,UT,WN&country=IRL&market=gbr&language=en",https://www.royalcaribbean.com/gbr/en/cruises/itinerary/6-night-western-caribbean-perfect-day-from-fort-on-legend/LE06FLL-1143316554?sail-date=2026-12-06&currency=EUR&country=IRL,LE06FLL-1143316554,Western Caribbean & Perfect Day,6,Legend of the Seas,LE,"Fort Lauderdale, Florida",FLL,"Fort Lauderdale, Florida - Perfect Day at CocoCay, Bahamas - Falmouth, Jamaica - Labadee, Haiti - Fort Lauderdale, Florida",LE06FLL-1143316554-2026-11-22,2026-11-22,Sunset Corner Suite,5317
2025-11-22T22:09:05.857590,"https://www.royalcaribbean.com/gbr/en/cruises?search=departurePort:BCN,BYE,FLL,LAX,MIA,ROM,SIN,YOK|nights:6~8,9~11,gte12|ship:AL,AN,HM,IC,LE,OA,OV,OY,QN,ST,SY,UT,WN&country=IRL&market=gbr&language=en",https://www.royalcaribbean.com/gbr/en/cruises/itinerary/6-night-western-caribbean-perfect-day-from-fort-on-legend/LE06FLL-1143316554?sail-date=2026-12-06&currency=EUR&country=IRL,LE06FLL-1143316554,Western Caribbean & Perfect Day,6,Legend of the Seas,LE,"Fort Lauderdale, Florida",FLL,"Fort Lauderdale, Florida - Perfect Day at CocoCay, Bahamas - Falmouth, Jamaica - Labadee, Haiti - Fort Lauderdale, Florida",LE06FLL-1143316554-2026-11-22,2026-11-22,Owners Suite,6375
2025-11-22T22:09:05.857590,"https://www.royalcaribbean.com/gbr/en/cruises?search=departurePort:BCN,BYE,FLL,LAX,MIA,ROM,SIN,YOK|nights:6~8,9~11,gte12|ship:AL,AN,HM,IC,LE,OA,OV,OY,QN,ST,SY,UT,WN&country=IRL&market=gbr&language=en",https://www.royalcaribbean.com/gbr/en/cruises/itinerary/6-night-western-caribbean-perfect-day-from-fort-on-legend/LE06FLL-1143316554?sail-date=2026-12-06&currency=EUR&country=IRL,LE06FLL-1143316554,Western Caribbean & Perfect Day,6,Legend of the Seas,LE,"Fort Lauderdale, Florida",FLL,"Fort Lauderdale, Florida - Perfect Day at CocoCay, Bahamas - Falmouth, Jamaica - Labadee, Haiti - Fort Lauderdale, Florida",LE06FLL-1143316554-2026-11-22,2026-11-22,Icon Loft Suite,9679
2025-11-22T22:09:05.857590,"https://www.royalcaribbean.com/gbr/en/cruises?search=departurePort:BCN,BYE,FLL,LAX,MIA,ROM,SIN,YOK|nights:6~8,9~11,gte12|ship:AL,AN,HM,IC,LE,OA,OV,OY,QN,ST,SY,UT,WN&country=IRL&market=gbr&language=en",https://www.royalcaribbean.com/gbr/en/cruises/itinerary/6-night-western-caribbean-perfect-day-from-fort-on-legend/LE06FLL-1143316554?sail-date=2026-12-06&currency=EUR&country=IRL,LE06FLL-1143316554,Western Caribbean & Perfect Day,6,Legend of the Seas,LE,"Fort Lauderdale, Florida",FLL,"Fort Lauderdale, Florida - Perfect Day at CocoCay, Bahamas - Falmouth, Jamaica - Labadee, Haiti - Fort Lauderdale, Florida",LE06FLL-1143316554-2026-11-22,2026-11-22,Royal Loft Suite,27733
2025-11-22T22:09:05.857590,"https://www.royalcaribbean.com/gbr/en/cruises?search=departurePort:BCN,BYE,FLL,LAX,MIA,ROM,SIN,YOK|nights:6~8,9~11,gte12|ship:AL,AN,HM,IC,LE,OA,OV,OY,QN,ST,SY,UT,WN&country=IRL&market=gbr&language=en",https://www.royalcaribbean.com/gbr/en/cruises/itinerary/6-night-western-caribbean-perfect-day-from-fort-on-legend/LE06FLL-1143316554?sail-date=2026-12-06&currency=EUR&country=IRL,LE06FLL-1143316554,Western Caribbean & Perfect Day,6,Legend of the Seas,LE,"Fort Lauderdale, Florida",FLL,"Fort Lauderdale, Florida - Perfect Day at CocoCay, Bahamas - Falmouth, Jamaica - Labadee, Haiti - Fort Lauderdale, Florida",LE06FLL-1143316554-2026-12-06,2026-12-06,Interior,1250
2025-11-22T22:09:05.857590,"https://www.royalcaribbean.com/gbr/en/cruises?search=departurePort:BCN,BYE,FLL,LAX,MIA,ROM,SIN,YOK|nights:6~8,9~11,gte12|ship:AL,AN,HM,IC,LE,OA,OV,OY,QN,ST,SY,UT,WN&country=IRL&market=gbr&language=en",https://www.royalcaribbean.com/gbr/en/cruises/itinerary/6-night-western-caribbean-perfect-day-from-fort-on-legend/LE06FLL-1143316554?sail-date=2026-12-06&currency=EUR&country=IRL,LE06FLL-1143316554,Western Caribbean & Perfect Day,6,Legend of the Seas,LE,"Fort Lauderdale, Florida",FLL,"Fort Lauderdale, Florida - Perfect Day at CocoCay, Bahamas - Falmouth, Jamaica - Labadee, Haiti - Fort Lauderdale, Florida",LE06FLL-1143316554-2026-12-06,2026-12-06,Ocean View,1330
2025-11-22T22:09:05.857590,"https://www.royalcaribbean.com/gbr/en/cruises?search=departurePort:BCN,BYE,FLL,LAX,MIA,ROM,SIN,YOK|nights:6~8,9~11,gte12|ship:AL,AN,HM,IC,LE,OA,OV,OY,QN,ST,SY,UT,WN&country=IRL&market=gbr&language=en",https://www.royalcaribbean.com/gbr/en/cruises/itinerary/6-night-western-caribbean-perfect-day-from-fort-on-legend/LE06FLL-1143316554?sail-date=2026-12-06&currency=EUR&country=IRL,LE06FLL-1143316554,Western Caribbean & Perfect Day,6,Legend of the Seas,LE,"Fort Lauderdale, Florida",FLL,"Fort Lauderdale, Florida - Perfect Day at CocoCay, Bahamas - Falmouth, Jamaica - Labadee, Haiti - Fort Lauderdale, Florida",LE06FLL-1143316554-2026-12-06,2026-12-06,Balcony,1460
2025-11-22T22:09:05.857590,"https://www.royalcaribbean.com/gbr/en/cruises?search=departurePort:BCN,BYE,FLL,LAX,MIA,ROM,SIN,YOK|nights:6~8,9~11,gte12|ship:AL,AN,HM,IC,LE,OA,OV,OY,QN,ST,SY,UT,WN&country=IRL&market=gbr&language=en",https://www.royalcaribbean.com/gbr/en/cruises/itinerary/6-night-western-caribbean-perfect-day-from-fort-on-legend/LE06FLL-1143316554?sail-date=2026-12-06&currency=EUR&country=IRL,LE06FLL-1143316554,Western Caribbean & Perfect Day,6,Legend of the Seas,LE,"Fort Lauderdale, Florida",FLL,"Fort Lauderdale, Florida - Perfect Day at CocoCay, Bahamas - Falmouth, Jamaica - Labadee, Haiti - Fort Lauderdale, Florida",LE06FLL-1143316554-2026-12-06,2026-12-06,Suite Guarantee,2178
2025-11-22T22:09:05.857590,"https://www.royalcaribbean.com/gbr/en/cruises?search=departurePort:BCN,BYE,FLL,LAX,MIA,ROM,SIN,YOK|nights:6~8,9~11,gte12|ship:AL,AN,HM,IC,LE,OA,OV,OY,QN,ST,SY,UT,WN&country=IRL&market=gbr&language=en",https://www.royalcaribbean.com/gbr/en/cruises/itinerary/6-night-western-caribbean-perfect-day-from-fort-on-legend/LE06FLL-1143316554?sail-date=2026-12-06&currency=EUR&country=IRL,LE06FLL-1143316554,Western Caribbean & Perfect Day,6,Legend of the Seas,LE,"Fort Lauderdale, Florida",FLL,"Fort Lauderdale, Florida - Perfect Day at CocoCay, Bahamas - Falmouth, Jamaica - Labadee, Haiti - Fort Lauderdale, Florida",LE06FLL-1143316554-2026-12-06,2026-12-06,Surfside Family Suite,2178
2025-11-22T22:09:05.857590,"https://www.royalcaribbean.com/gbr/en/cruises?search=departurePort:BCN,BYE,FLL,LAX,MIA,ROM,SIN,YOK|nights:6~8,9~11,gte12|ship:AL,AN,HM,IC,LE,OA,OV,OY,QN,ST,SY,UT,WN&country=IRL&market=gbr&language=en",https://www.royalcaribbean.com/gbr/en/cruises/itinerary/6-night-western-caribbean-perfect-day-from-fort-on-legend/LE06FLL-1143316554?sail-date=2026-12-06&currency=EUR&country=IRL,LE06FLL-1143316554,Western Caribbean & Perfect Day,6,Legend of the Seas,LE,"Fort Lauderdale, Florida",FLL,"Fort Lauderdale, Florida - Perfect Day at CocoCay, Bahamas - Falmouth, Jamaica - Labadee, Haiti - Fort Lauderdale, Florida",LE06FLL-1143316554-2026-12-06,2026-12-06,Junior Suite,2768
2025-11-22T22:09:05.857590,"https://www.royalcaribbean.com/gbr/en/cruises?search=departurePort:BCN,BYE,FLL,LAX,MIA,ROM,SIN,YOK|nights:6~8,9~11,gte12|ship:AL,AN,HM,IC,LE,OA,OV,OY,QN,ST,SY,UT,WN&country=IRL&market=gbr&language=en",https://www.royalcaribbean.com/gbr/en/cruises/itinerary/6-night-western-caribbean-perfect-day-from-fort-on-legend/LE06FLL-1143316554?sail-date=2026-12-06&currency=EUR&country=IRL,LE06FLL-1143316554,Western Caribbean & Perfect Day,6,Legend of the Seas,LE,"Fort Lauderdale, Florida",FLL,"Fort Lauderdale, Florida - Perfect Day at CocoCay, Bahamas - Falmouth, Jamaica - Labadee, Haiti - Fort Lauderdale, Florida",LE06FLL-1143316554-2026-12-06,2026-12-06,Ocean View Panoramic Suite No Balcony,3139
2025-11-22T22:09:05.857590,"https://www.royalcaribbean.com/gbr/en/cruises?search=departurePort:BCN,BYE,FLL,LAX,MIA,ROM,SIN,YOK|nights:6~8,9~11,gte12|ship:AL,AN,HM,IC,LE,OA,OV,OY,QN,ST,SY,UT,WN&country=IRL&market=gbr&language=en",https://www.royalcaribbean.com/gbr/en/cruises/itinerary/6-night-western-caribbean-perfect-day-from-fort-on-legend/LE06FLL-1143316554?sail-date=2026-12-06&currency=EUR&country=IRL,LE06FLL-1143316554,Western Caribbean & Perfect Day,6,Legend of the Seas,LE,"Fort Lauderdale, Florida",FLL,"Fort Lauderdale, Florida - Perfect Day at CocoCay, Bahamas - Falmouth, Jamaica - Labadee, Haiti - Fort Lauderdale, Florida",LE06FLL-1143316554-2026-12-06,2026-12-06,Sky Junior Suite,3333
2025-11-22T22:09:05.857590,"https://www.royalcaribbean.com/gbr/en/cruises?search=departurePort:BCN,BYE,FLL,LAX,MIA,ROM,SIN,YOK|nights:6~8,9~11,gte12|ship:AL,AN,HM,IC,LE,OA,OV,OY,QN,ST,SY,UT,WN&country=IRL&market=gbr&language=en",https://www.royalcaribbean.com/gbr/en/cruises/itinerary/6-night-western-caribbean-perfect-day-from-fort-on-legend/LE06FLL-1143316554?sail-date=2026-12-06&currency=EUR&country=IRL,LE06FLL-1143316554,Western Caribbean & Perfect Day,6,Legend of the Seas,LE,"Fort Lauderdale, Florida",FLL,"Fort Lauderdale, Florida - Perfect Day at CocoCay, Bahamas - Falmouth, Jamaica - Labadee, Haiti - Fort Lauderdale, Florida",LE06FLL-1143316554-2026-12-06,2026-12-06,Sunset Junior Suite,3658
2025-11-22T22:09:05.857590,"https://www.royalcaribbean.com/gbr/en/cruises?search=departurePort:BCN,BYE,FLL,LAX,MIA,ROM,SIN,YOK|nights:6~8,9~11,gte12|ship:AL,AN,HM,IC,LE,OA,OV,OY,QN,ST,SY,UT,WN&country=IRL&market=gbr&language=en",https://www.royalcaribbean.com/gbr/en/cruises/itinerary/6-night-western-caribbean-perfect-day-from-fort-on-legend/LE06FLL-1143316554?sail-date=2026-12-06&currency=EUR&country=IRL,LE06FLL-1143316554,Western Caribbean & Perfect Day,6,Legend of the Seas,LE,"Fort Lauderdale, Florida",FLL,"Fort Lauderdale, Florida - Perfect Day at CocoCay, Bahamas - Falmouth, Jamaica - Labadee, Haiti - Fort Lauderdale, Florida",LE06FLL-1143316554-2026-12-06,2026-12-06,Grand Suite,4314
2025-11-22T22:09:05.857590,"https://www.royalcaribbean.com/gbr/en/cruises?search=departurePort:BCN,BYE,FLL,LAX,MIA,ROM,SIN,YOK|nights:6~8,9~11,gte12|ship:AL,AN,HM,IC,LE,OA,OV,OY,QN,ST,SY,UT,WN&country=IRL&market=gbr&language=en",https://www.royalcaribbean.com/gbr/en/cruises/itinerary/6-night-western-caribbean-perfect-day-from-fort-on-legend/LE06FLL-1143316554?sail-date=2026-12-06&currency=EUR&country=IRL,LE06FLL-1143316554,Western Caribbean & Perfect Day,6,Legend of the Seas,LE,"Fort Lauderdale, Florida",FLL,"Fort Lauderdale, Florida - Perfect Day at CocoCay, Bahamas - Falmouth, Jamaica - Labadee, Haiti - Fort Lauderdale, Florida",LE06FLL-1143316554-2026-12-06,2026-12-06,Infinite Grand Suite,4405
2025-11-22T22:09:05.857590,"https://www.royalcaribbean.com/gbr/en/cruises?search=departurePort:BCN,BYE,FLL,LAX,MIA,ROM,SIN,YOK|nights:6~8,9~11,gte12|ship:AL,AN,HM,IC,LE,OA,OV,OY,QN,ST,SY,UT,WN&country=IRL&market=gbr&language=en",https://www.royalcaribbean.com/gbr/en/cruises/itinerary/6-night-western-caribbean-perfect-day-from-fort-on-legend/LE06FLL-1143316554?sail-date=2026-12-06&currency=EUR&country=IRL,LE06FLL-1143316554,Western Caribbean & Perfect Day,6,Legend of the Seas,LE,"Fort Lauderdale, Florida",FLL,"Fort Lauderdale, Florida - Perfect Day at CocoCay, Bahamas - Falmouth, Jamaica - Labadee, Haiti - Fort Lauderdale, Florida",LE06FLL-1143316554-2026-12-06,2026-12-06,Sunset Suite,4772
2025-11-22T22:09:05.857590,"https://www.royalcaribbean.com/gbr/en/cruises?search=departurePort:BCN,BYE,FLL,LAX,MIA,ROM,SIN,YOK|nights:6~8,9~11,gte12|ship:AL,AN,HM,IC,LE,OA,OV,OY,QN,ST,SY,UT,WN&country=IRL&market=gbr&language=en",https://www.royalcaribbean.com/gbr/en/cruises/itinerary/6-night-western-caribbean-perfect-day-from-fort-on-legend/LE06FLL-1143316554?sail-date=2026-12-06&currency=EUR&country=IRL,LE06FLL-1143316554,Western Caribbean & Perfect Day,6,Legend of the Seas,LE,"Fort Lauderdale, Florida",FLL,"Fort Lauderdale, Florida - Perfect Day at CocoCay, Bahamas - Falmouth, Jamaica - Labadee, Haiti - Fort Lauderdale, Florida",LE06FLL-1143316554-2026-12-06,2026-12-06,Sunset Corner Suite,5317
2025-11-22T22:09:05.857590,"https://www.royalcaribbean.com/gbr/en/cruises?search=departurePort:BCN,BYE,FLL,LAX,MIA,ROM,SIN,YOK|nights:6~8,9~11,gte12|ship:AL,AN,HM,IC,LE,OA,OV,OY,QN,ST,SY,UT,WN&country=IRL&market=gbr&language=en",https://www.royalcaribbean.com/gbr/en/cruises/itinerary/6-night-western-caribbean-perfect-day-from-fort-on-legend/LE06FLL-1143316554?sail-date=2026-12-06&currency=EUR&country=IRL,LE06FLL-1143316554,Western Caribbean & Perfect Day,6,Legend of the Seas,LE,"Fort Lauderdale, Florida",FLL,"Fort Lauderdale, Florida - Perfect Day at CocoCay, Bahamas - Falmouth, Jamaica - Labadee, Haiti - Fort Lauderdale, Florida",LE06FLL-1143316554-2026-12-06,2026-12-06,Owners Suite,6375
2025-11-22T22:09:05.857590,"https://www.royalcaribbean.com/gbr/en/cruises?search=departurePort:BCN,BYE,FLL,LAX,MIA,ROM,SIN,YOK|nights:6~8,9~11,gte12|ship:AL,AN,HM,IC,LE,OA,OV,OY,QN,ST,SY,UT,WN&country=IRL&market=gbr&language=en",https://www.royalcaribbean.com/gbr/en/cruises/itinerary/6-night-western-caribbean-perfect-day-from-fort-on-legend/LE06FLL-1143316554?sail-date=2026-12-06&currency=EUR&country=IRL,LE06FLL-1143316554,Western Caribbean & Perfect Day,6,Legend of the Seas,LE,"Fort Lauderdale, Florida",FLL,"Fort Lauderdale, Florida - Perfect Day at CocoCay, Bahamas - Falmouth, Jamaica - Labadee, Haiti - Fort Lauderdale, Florida",LE06FLL-1143316554-2026-12-06,2026-12-06,Icon Loft Suite,9679
2025-11-22T22:09:05.857590,"https://www.royalcaribbean.com/gbr/en/cruises?search=departurePort:BCN,BYE,FLL,LAX,MIA,ROM,SIN,YOK|nights:6~8,9~11,gte12|ship:AL,AN,HM,IC,LE,OA,OV,OY,QN,ST,SY,UT,WN&country=IRL&market=gbr&language=en",https://www.royalcaribbean.com/gbr/en/cruises/itinerary/6-night-western-caribbean-perfect-day-from-fort-on-legend/LE06FLL-1143316554?sail-date=2026-12-06&currency=EUR&country=IRL,LE06FLL-1143316554,Western Caribbean & Perfect Day,6,Legend of the Seas,LE,"Fort Lauderdale, Florida",FLL,"Fort Lauderdale, Florida - Perfect Day at CocoCay, Bahamas - Falmouth, Jamaica - Labadee, Haiti - Fort Lauderdale, Florida",LE06FLL-1143316554-2026-12-06,2026-12-06,Royal Loft Suite,27733
2025-11-22T22:09:05.857590,"https://www.royalcaribbean.com/gbr/en/cruises?search=departurePort:BCN,BYE,FLL,LAX,MIA,ROM,SIN,YOK|nights:6~8,9~11,gte12|ship:AL,AN,HM,IC,LE,OA,OV,OY,QN,ST,SY,UT,WN&country=IRL&market=gbr&language=en",https://www.royalcaribbean.com/gbr/en/cruises/itinerary/6-night-western-caribbean-perfect-day-from-fort-on-legend/LE06FLL-1143316554?sail-date=2026-12-06&currency=EUR&country=IRL,LE06FLL-1143316554,Western Caribbean & Perfect Day,6,Legend of the Seas,LE,"Fort Lauderdale, Florida",FLL,"Fort Lauderdale, Florida - Perfect Day at CocoCay, Bahamas - Falmouth, Jamaica - Labadee, Haiti - Fort Lauderdale, Florida",LE06FLL-1143316554-2026-12-20,2026-12-20,Interior,2086
2025-11-22T22:09:05.857590,"https://www.royalcaribbean.com/gbr/en/cruises?search=departurePort:BCN,BYE,FLL,LAX,MIA,ROM,SIN,YOK|nights:6~8,9~11,gte12|ship:AL,AN,HM,IC,LE,OA,OV,OY,QN,ST,SY,UT,WN&country=IRL&market=gbr&language=en",https://www.royalcaribbean.com/gbr/en/cruises/itinerary/6-night-western-caribbean-perfect-day-from-fort-on-legend/LE06FLL-1143316554?sail-date=2026-12-06&currency=EUR&country=IRL,LE06FLL-1143316554,Western Caribbean & Perfect Day,6,Legend of the Seas,LE,"Fort Lauderdale, Florida",FLL,"Fort Lauderdale, Florida - Perfect Day at CocoCay, Bahamas - Falmouth, Jamaica - Labadee, Haiti - Fort Lauderdale, Florida",LE06FLL-1143316554-2026-12-20,2026-12-20,Ocean View,2310
2025-11-22T22:09:05.857590,"https://www.royalcaribbean.com/gbr/en/cruises?search=departurePort:BCN,BYE,FLL,LAX,MIA,ROM,SIN,YOK|nights:6~8,9~11,gte12|ship:AL,AN,HM,IC,LE,OA,OV,OY,QN,ST,SY,UT,WN&country=IRL&market=gbr&language=en",https://www.royalcaribbean.com/gbr/en/cruises/itinerary/6-night-western-caribbean-perfect-day-from-fort-on-legend/LE06FLL-1143316554?sail-date=2026-12-06&currency=EUR&country=IRL,LE06FLL-1143316554,Western Caribbean & Perfect Day,6,Legend of the Seas,LE,"Fort Lauderdale, Florida",FLL,"Fort Lauderdale, Florida - Perfect Day at CocoCay, Bahamas - Falmouth, Jamaica - Labadee, Haiti - Fort Lauderdale, Florida",LE06FLL-1143316554-2026-12-20,2026-12-20,Balcony,2429
2025-11-22T22:09:05.857590,"https://www.royalcaribbean.com/gbr/en/cruises?search=departurePort:BCN,BYE,FLL,LAX,MIA,ROM,SIN,YOK|nights:6~8,9~11,gte12|ship:AL,AN,HM,IC,LE,OA,OV,OY,QN,ST,SY,UT,WN&country=IRL&market=gbr&language=en",https://www.royalcaribbean.com/gbr/en/cruises/itinerary/6-night-western-caribbean-perfect-day-from-fort-on-legend/LE06FLL-1143316554?sail-date=2026-12-06&currency=EUR&country=IRL,LE06FLL-1143316554,Western Caribbean & Perfect Day,6,Legend of the Seas,LE,"Fort Lauderdale, Florida",FLL,"Fort Lauderdale, Florida - Perfect Day at CocoCay, Bahamas - Falmouth, Jamaica - Labadee, Haiti - Fort Lauderdale, Florida",LE06FLL-1143316554-2026-12-20,2026-12-20,Suite Guarantee,4029
2025-11-22T22:09:05.857590,"https://www.royalcaribbean.com/gbr/en/cruises?search=departurePort:BCN,BYE,FLL,LAX,MIA,ROM,SIN,YOK|nights:6~8,9~11,gte12|ship:AL,AN,HM,IC,LE,OA,OV,OY,QN,ST,SY,UT,WN&country=IRL&market=gbr&language=en",https://www.royalcaribbean.com/gbr/en/cruises/itinerary/6-night-western-caribbean-perfect-day-from-fort-on-legend/LE06FLL-1143316554?sail-date=2026-12-06&currency=EUR&country=IRL,LE06FLL-1143316554,Western Caribbean & Perfect Day,6,Legend of the Seas,LE,"Fort Lauderdale, Florida",FLL,"Fort Lauderdale, Florida - Perfect Day at CocoCay, Bahamas - Falmouth, Jamaica - Labadee, Haiti - Fort Lauderdale, Florida",LE06FLL-1143316554-2026-12-20,2026-12-20,Surfside Family Suite,2178
2025-11-22T22:09:05.857590,"https://www.royalcaribbean.com/gbr/en/cruises?search=departurePort:BCN,BYE,FLL,LAX,MIA,ROM,SIN,YOK|nights:6~8,9~11,gte12|ship:AL,AN,HM,IC,LE,OA,OV,OY,QN,ST,SY,UT,WN&country=IRL&market=gbr&language=en",https://www.royalcaribbean.com/gbr/en/cruises/itinerary/6-night-western-caribbean-perfect-day-from-fort-on-legend/LE06FLL-1143316554?sail-date=2026-12-06&currency=EUR&country=IRL,LE06FLL-1143316554,Western Caribbean & Perfect Day,6,Legend of the Seas,LE,"Fort Lauderdale, Florida",FLL,"Fort Lauderdale, Florida - Perfect Day at CocoCay, Bahamas - Falmouth, Jamaica - Labadee, Haiti - Fort Lauderdale, Florida",LE06FLL-1143316554-2026-12-20,2026-12-20,Junior Suite,2768
2025-11-22T22:09:05.857590,"https://www.royalcaribbean.com/gbr/en/cruises?search=departurePort:BCN,BYE,FLL,LAX,MIA,ROM,SIN,YOK|nights:6~8,9~11,gte12|ship:AL,AN,HM,IC,LE,OA,OV,OY,QN,ST,SY,UT,WN&country=IRL&market=gbr&language=en",https://www.royalcaribbean.com/gbr/en/cruises/itinerary/6-night-western-caribbean-perfect-day-from-fort-on-legend/LE06FLL-1143316554?sail-date=2026-12-06&currency=EUR&country=IRL,LE06FLL-1143316554,Western Caribbean & Perfect Day,6,Legend of the Seas,LE,"Fort Lauderdale, Florida",FLL,"Fort Lauderdale, Florida - Perfect Day at CocoCay, Bahamas - Falmouth, Jamaica - Labadee, Haiti - Fort Lauderdale, Florida",LE06FLL-1143316554-2026-12-20,2026-12-20,Ocean View Panoramic Suite No Balcony,3139
2025-11-22T22:09:05.857590,"https://www.royalcaribbean.com/gbr/en/cruises?search=departurePort:BCN,BYE,FLL,LAX,MIA,ROM,SIN,YOK|nights:6~8,9~11,gte12|ship:AL,AN,HM,IC,LE,OA,OV,OY,QN,ST,SY,UT,WN&country=IRL&market=gbr&language=en",https://www.royalcaribbean.com/gbr/en/cruises/itinerary/6-night-western-caribbean-perfect-day-from-fort-on-legend/LE06FLL-1143316554?sail-date=2026-12-06&currency=EUR&country=IRL,LE06FLL-1143316554,Western Caribbean & Perfect Day,6,Legend of the Seas,LE,"Fort Lauderdale, Florida",FLL,"Fort Lauderdale, Florida - Perfect Day at CocoCay, Bahamas - Falmouth, Jamaica - Labadee, Haiti - Fort Lauderdale, Florida",LE06FLL-1143316554-2026-12-20,2026-12-20,Sky Junior Suite,3333
2025-11-22T22:09:05.857590,"https://www.royalcaribbean.com/gbr/en/cruises?search=departurePort:BCN,BYE,FLL,LAX,MIA,ROM,SIN,YOK|nights:6~8,9~11,gte12|ship:AL,AN,HM,IC,LE,OA,OV,OY,QN,ST,SY,UT,WN&country=IRL&market=gbr&language=en",https://www.royalcaribbean.com/gbr/en/cruises/itinerary/6-night-western-caribbean-perfect-day-from-fort-on-legend/LE06FLL-1143316554?sail-date=2026-12-06&currency=EUR&country=IRL,LE06FLL-1143316554,Western Caribbean & Perfect Day,6,Legend of the Seas,LE,"Fort Lauderdale, Florida",FLL,"Fort Lauderdale, Florida - Perfect Day at CocoCay, Bahamas - Falmouth, Jamaica - Labadee, Haiti - Fort Lauderdale, Florida",LE06FLL-1143316554-2026-12-20,2026-12-20,Sunset Junior Suite,3658
2025-11-22T22:09:05.857590,"https://www.royalcaribbean.com/gbr/en/cruises?search=departurePort:BCN,BYE,FLL,LAX,MIA,ROM,SIN,YOK|nights:6~8,9~11,gte12|ship:AL,AN,HM,IC,LE,OA,OV,OY,QN,ST,SY,UT,WN&country=IRL&market=gbr&language=en",https://www.royalcaribbean.com/gbr/en/cruises/itinerary/6-night-western-caribbean-perfect-day-from-fort-on-legend/LE06FLL-1143316554?sail-date=2026-12-06&currency=EUR&country=IRL,LE06FLL-1143316554,Western Caribbean & Perfect Day,6,Legend of the Seas,LE,"Fort Lauderdale, Florida",FLL,"Fort Lauderdale, Florida - Perfect Day at CocoCay, Bahamas - Falmouth, Jamaica - Labadee, Haiti - Fort Lauderdale, Florida",LE06FLL-1143316554-2026-12-20,2026-12-20,Grand Suite,4314
2025-11-22T22:09:05.857590,"https://www.royalcaribbean.com/gbr/en/cruises?search=departurePort:BCN,BYE,FLL,LAX,MIA,ROM,SIN,YOK|nights:6~8,9~11,gte12|ship:AL,AN,HM,IC,LE,OA,OV,OY,QN,ST,SY,UT,WN&country=IRL&market=gbr&language=en",https://www.royalcaribbean.com/gbr/en/cruises/itinerary/6-night-western-caribbean-perfect-day-from-fort-on-legend/LE06FLL-1143316554?sail-date=2026-12-06&currency=EUR&country=IRL,LE06FLL-1143316554,Western Caribbean & Perfect Day,6,Legend of the Seas,LE,"Fort Lauderdale, Florida",FLL,"Fort Lauderdale, Florida - Perfect Day at CocoCay, Bahamas - Falmouth, Jamaica - Labadee, Haiti - Fort Lauderdale, Florida",LE06FLL-1143316554-2026-12-20,2026-12-20,Infinite Grand Suite,4405
2025-11-22T22:09:05.857590,"https://www.royalcaribbean.com/gbr/en/cruises?search=departurePort:BCN,BYE,FLL,LAX,MIA,ROM,SIN,YOK|nights:6~8,9~11,gte12|ship:AL,AN,HM,IC,LE,OA,OV,OY,QN,ST,SY,UT,WN&country=IRL&market=gbr&language=en",https://www.royalcaribbean.com/gbr/en/cruises/itinerary/6-night-western-caribbean-perfect-day-from-fort-on-legend/LE06FLL-1143316554?sail-date=2026-12-06&currency=EUR&country=IRL,LE06FLL-1143316554,Western Caribbean & Perfect Day,6,Legend of the Seas,LE,"Fort Lauderdale, Florida",FLL,"Fort Lauderdale, Florida - Perfect Day at CocoCay, Bahamas - Falmouth, Jamaica - Labadee, Haiti - Fort Lauderdale, Florida",LE06FLL-1143316554-2026-12-20,2026-12-20,Sunset Suite,4772
2025-11-22T22:09:05.857590,"https://www.royalcaribbean.com/gbr/en/cruises?search=departurePort:BCN,BYE,FLL,LAX,MIA,ROM,SIN,YOK|nights:6~8,9~11,gte12|ship:AL,AN,HM,IC,LE,OA,OV,OY,QN,ST,SY,UT,WN&country=IRL&market=gbr&language=en",https://www.royalcaribbean.com/gbr/en/cruises/itinerary/6-night-western-caribbean-perfect-day-from-fort-on-legend/LE06FLL-1143316554?sail-date=2026-12-06&currency=EUR&country=IRL,LE06FLL-1143316554,Western Caribbean & Perfect Day,6,Legend of the Seas,LE,"Fort Lauderdale, Florida",FLL,"Fort Lauderdale, Florida - Perfect Day at CocoCay, Bahamas - Falmouth, Jamaica - Labadee, Haiti - Fort Lauderdale, Florida",LE06FLL-1143316554-2026-12-20,2026-12-20,Sunset Corner Suite,5317
2025-11-22T22:09:05.857590,"https://www.royalcaribbean.com/gbr/en/cruises?search=departurePort:BCN,BYE,FLL,LAX,MIA,ROM,SIN,YOK|nights:6~8,9~11,gte12|ship:AL,AN,HM,IC,LE,OA,OV,OY,QN,ST,SY,UT,WN&country=IRL&market=gbr&language=en",https://www.royalcaribbean.com/gbr/en/cruises/itinerary/6-night-western-caribbean-perfect-day-from-fort-on-legend/LE06FLL-1143316554?sail-date=2026-12-06&currency=EUR&country=IRL,LE06FLL-1143316554,Western Caribbean & Perfect Day,6,Legend of the Seas,LE,"Fort Lauderdale, Florida",FLL,"Fort Lauderdale, Florida - Perfect Day at CocoCay, Bahamas - Falmouth, Jamaica - Labadee, Haiti - Fort Lauderdale, Florida",LE06FLL-1143316554-2026-12-20,2026-12-20,Owners Suite,6375
2025-11-22T22:09:05.857590,"https://www.royalcaribbean.com/gbr/en/cruises?search=departurePort:BCN,BYE,FLL,LAX,MIA,ROM,SIN,YOK|nights:6~8,9~11,gte12|ship:AL,AN,HM,IC,LE,OA,OV,OY,QN,ST,SY,UT,WN&country=IRL&market=gbr&language=en",https://www.royalcaribbean.com/gbr/en/cruises/itinerary/6-night-western-caribbean-perfect-day-from-fort-on-legend/LE06FLL-1143316554?sail-date=2026-12-06&currency=EUR&country=IRL,LE06FLL-1143316554,Western Caribbean & Perfect Day,6,Legend of the Seas,LE,"Fort Lauderdale, Florida",FLL,"Fort Lauderdale, Florida - Perfect Day at CocoCay, Bahamas - Falmouth, Jamaica - Labadee, Haiti - Fort Lauderdale, Florida",LE06FLL-1143316554-2026-12-20,2026-12-20,Icon Loft Suite,9679
2025-11-22T22:09:05.857590,"https://www.royalcaribbean.com/gbr/en/cruises?search=departurePort:BCN,BYE,FLL,LAX,MIA,ROM,SIN,YOK|nights:6~8,9~11,gte12|ship:AL,AN,HM,IC,LE,OA,OV,OY,QN,ST,SY,UT,WN&country=IRL&market=gbr&language=en",https://www.royalcaribbean.com/gbr/en/cruises/itinerary/6-night-western-caribbean-perfect-day-from-fort-on-legend/LE06FLL-1143316554?sail-date=2026-12-06&currency=EUR&country=IRL,LE06FLL-1143316554,Western Caribbean & Perfect Day,6,Legend of the Seas,LE,"Fort Lauderdale, Florida",FLL,"Fort Lauderdale, Florida - Perfect Day at CocoCay, Bahamas - Falmouth, Jamaica - Labadee, Haiti - Fort Lauderdale, Florida",LE06FLL-1143316554-2026-12-20,2026-12-20,Royal Loft Suite,27733
2025-11-22T22:09:05.857590,"https://www.royalcaribbean.com/gbr/en/cruises?search=departurePort:BCN,BYE,FLL,LAX,MIA,ROM,SIN,YOK|nights:6~8,9~11,gte12|ship:AL,AN,HM,IC,LE,OA,OV,OY,QN,ST,SY,UT,WN&country=IRL&market=gbr&language=en",https://www.royalcaribbean.com/gbr/en/cruises/itinerary/6-night-western-caribbean-perfect-day-from-fort-on-legend/LE06FLL-1143316554?sail-date=2026-12-06&currency=EUR&country=IRL,LE06FLL-1143316554,Western Caribbean & Perfect Day,6,Legend of the Seas,LE,"Fort Lauderdale, Florida",FLL,"Fort Lauderdale, Florida - Perfect Day at CocoCay, Bahamas - Falmouth, Jamaica - Labadee, Haiti - Fort Lauderdale, Florida",LE06FLL-1143316554-2027-01-03,2027-01-03,Interior,1381
2025-11-22T22:09:05.857590,"https://www.royalcaribbean.com/gbr/en/cruises?search=departurePort:BCN,BYE,FLL,LAX,MIA,ROM,SIN,YOK|nights:6~8,9~11,gte12|ship:AL,AN,HM,IC,LE,OA,OV,OY,QN,ST,SY,UT,WN&country=IRL&market=gbr&language=en",https://www.royalcaribbean.com/gbr/en/cruises/itinerary/6-night-western-caribbean-perfect-day-from-fort-on-legend/LE06FLL-1143316554?sail-date=2026-12-06&currency=EUR&country=IRL,LE06FLL-1143316554,Western Caribbean & Perfect Day,6,Legend of the Seas,LE,"Fort Lauderdale, Florida",FLL,"Fort Lauderdale, Florida - Perfect Day at CocoCay, Bahamas - Falmouth, Jamaica - Labadee, Haiti - Fort Lauderdale, Florida",LE06FLL-1143316554-2027-01-03,2027-01-03,Ocean View,1486
2025-11-22T22:09:05.857590,"https://www.royalcaribbean.com/gbr/en/cruises?search=departurePort:BCN,BYE,FLL,LAX,MIA,ROM,SIN,YOK|nights:6~8,9~11,gte12|ship:AL,AN,HM,IC,LE,OA,OV,OY,QN,ST,SY,UT,WN&country=IRL&market=gbr&language=en",https://www.royalcaribbean.com/gbr/en/cruises/itinerary/6-night-western-caribbean-perfect-day-from-fort-on-legend/LE06FLL-1143316554?sail-date=2026-12-06&currency=EUR&country=IRL,LE06FLL-1143316554,Western Caribbean & Perfect Day,6,Legend of the Seas,LE,"Fort Lauderdale, Florida",FLL,"Fort Lauderdale, Florida - Perfect Day at CocoCay, Bahamas - Falmouth, Jamaica - Labadee, Haiti - Fort Lauderdale, Florida",LE06FLL-1143316554-2027-01-03,2027-01-03,Balcony,1558
2025-11-22T22:09:05.857590,"https://www.royalcaribbean.com/gbr/en/cruises?search=departurePort:BCN,BYE,FLL,LAX,MIA,ROM,SIN,YOK|nights:6~8,9~11,gte12|ship:AL,AN,HM,IC,LE,OA,OV,OY,QN,ST,SY,UT,WN&country=IRL&market=gbr&language=en",https://www.royalcaribbean.com/gbr/en/cruises/itinerary/6-night-western-caribbean-perfect-day-from-fort-on-legend/LE06FLL-1143316554?sail-date=2026-12-06&currency=EUR&country=IRL,LE06FLL-1143316554,Western Caribbean & Perfect Day,6,Legend of the Seas,LE,"Fort Lauderdale, Florida",FLL,"Fort Lauderdale, Florida - Perfect Day at CocoCay, Bahamas - Falmouth, Jamaica - Labadee, Haiti - Fort Lauderdale, Florida",LE06FLL-1143316554-2027-01-03,2027-01-03,Suite Guarantee,2514
2025-11-22T22:09:05.857590,"https://www.royalcaribbean.com/gbr/en/cruises?search=departurePort:BCN,BYE,FLL,LAX,MIA,ROM,SIN,YOK|nights:6~8,9~11,gte12|ship:AL,AN,HM,IC,LE,OA,OV,OY,QN,ST,SY,UT,WN&country=IRL&market=gbr&language=en",https://www.royalcaribbean.com/gbr/en/cruises/itinerary/6-night-western-caribbean-perfect-day-from-fort-on-legend/LE06FLL-1143316554?sail-date=2026-12-06&currency=EUR&country=IRL,LE06FLL-1143316554,Western Caribbean & Perfect Day,6,Legend of the Seas,LE,"Fort Lauderdale, Florida",FLL,"Fort Lauderdale, Florida - Perfect Day at CocoCay, Bahamas - Falmouth, Jamaica - Labadee, Haiti - Fort Lauderdale, Florida",LE06FLL-1143316554-2027-01-03,2027-01-03,Surfside Family Suite,2178
2025-11-22T22:09:05.857590,"https://www.royalcaribbean.com/gbr/en/cruises?search=departurePort:BCN,BYE,FLL,LAX,MIA,ROM,SIN,YOK|nights:6~8,9~11,gte12|ship:AL,AN,HM,IC,LE,OA,OV,OY,QN,ST,SY,UT,WN&country=IRL&market=gbr&language=en",https://www.royalcaribbean.com/gbr/en/cruises/itinerary/6-night-western-caribbean-perfect-day-from-fort-on-legend/LE06FLL-1143316554?sail-date=2026-12-06&currency=EUR&country=IRL,LE06FLL-1143316554,Western Caribbean & Perfect Day,6,Legend of the Seas,LE,"Fort Lauderdale, Florida",FLL,"Fort Lauderdale, Florida - Perfect Day at CocoCay, Bahamas - Falmouth, Jamaica - Labadee, Haiti - Fort Lauderdale, Florida",LE06FLL-1143316554-2027-01-03,2027-01-03,Junior Suite,2768
2025-11-22T22:09:05.857590,"https://www.royalcaribbean.com/gbr/en/cruises?search=departurePort:BCN,BYE,FLL,LAX,MIA,ROM,SIN,YOK|nights:6~8,9~11,gte12|ship:AL,AN,HM,IC,LE,OA,OV,OY,QN,ST,SY,UT,WN&country=IRL&market=gbr&language=en",https://www.royalcaribbean.com/gbr/en/cruises/itinerary/6-night-western-caribbean-perfect-day-from-fort-on-legend/LE06FLL-1143316554?sail-date=2026-12-06&currency=EUR&country=IRL,LE06FLL-1143316554,Western Caribbean & Perfect Day,6,Legend of the Seas,LE,"Fort Lauderdale, Florida",FLL,"Fort Lauderdale, Florida - Perfect Day at CocoCay, Bahamas - Falmouth, Jamaica - Labadee, Haiti - Fort Lauderdale, Florida",LE06FLL-1143316554-2027-01-03,2027-01-03,Ocean View Panoramic Suite No Balcony,3139
2025-11-22T22:09:05.857590,"https://www.royalcaribbean.com/gbr/en/cruises?search=departurePort:BCN,BYE,FLL,LAX,MIA,ROM,SIN,YOK|nights:6~8,9~11,gte12|ship:AL,AN,HM,IC,LE,OA,OV,OY,QN,ST,SY,UT,WN&country=IRL&market=gbr&language=en",https://www.royalcaribbean.com/gbr/en/cruises/itinerary/6-night-western-caribbean-perfect-day-from-fort-on-legend/LE06FLL-1143316554?sail-date=2026-12-06&currency=EUR&country=IRL,LE06FLL-1143316554,Western Caribbean & Perfect Day,6,Legend of the Seas,LE,"Fort Lauderdale, Florida",FLL,"Fort Lauderdale, Florida - Perfect Day at CocoCay, Bahamas - Falmouth, Jamaica - Labadee, Haiti - Fort Lauderdale, Florida",LE06FLL-1143316554-2027-01-03,2027-01-03,Sky Junior Suite,3333
2025-11-22T22:09:05.857590,"https://www.royalcaribbean.com/gbr/en/cruises?search=departurePort:BCN,BYE,FLL,LAX,MIA,ROM,SIN,YOK|nights:6~8,9~11,gte12|ship:AL,AN,HM,IC,LE,OA,OV,OY,QN,ST,SY,UT,WN&country=IRL&market=gbr&language=en",https://www.royalcaribbean.com/gbr/en/cruises/itinerary/6-night-western-caribbean-perfect-day-from-fort-on-legend/LE06FLL-1143316554?sail-date=2026-12-06&currency=EUR&country=IRL,LE06FLL-1143316554,Western Caribbean & Perfect Day,6,Legend of the Seas,LE,"Fort Lauderdale, Florida",FLL,"Fort Lauderdale, Florida - Perfect Day at CocoCay, Bahamas - Falmouth, Jamaica - Labadee, Haiti - Fort Lauderdale, Florida",LE06FLL-1143316554-2027-01-03,2027-01-03,Sunset Junior Suite,3658
2025-11-22T22:09:05.857590,"https://www.royalcaribbean.com/gbr/en/cruises?search=departurePort:BCN,BYE,FLL,LAX,MIA,ROM,SIN,YOK|nights:6~8,9~11,gte12|ship:AL,AN,HM,IC,LE,OA,OV,OY,QN,ST,SY,UT,WN&country=IRL&market=gbr&language=en",https://www.royalcaribbean.com/gbr/en/cruises/itinerary/6-night-western-caribbean-perfect-day-from-fort-on-legend/LE06FLL-1143316554?sail-date=2026-12-06&currency=EUR&country=IRL,LE06FLL-1143316554,Western Caribbean & Perfect Day,6,Legend of the Seas,LE,"Fort Lauderdale, Florida",FLL,"Fort Lauderdale, Florida - Perfect Day at CocoCay, Bahamas - Falmouth, Jamaica - Labadee, Haiti - Fort Lauderdale, Florida",LE06FLL-1143316554-2027-01-03,2027-01-03,Grand Suite,4314
2025-11-22T22:09:05.857590,"https://www.royalcaribbean.com/gbr/en/cruises?search=departurePort:BCN,BYE,FLL,LAX,MIA,ROM,SIN,YOK|nights:6~8,9~11,gte12|ship:AL,AN,HM,IC,LE,OA,OV,OY,QN,ST,SY,UT,WN&country=IRL&market=gbr&language=en",https://www.royalcaribbean.com/gbr/en/cruises/itinerary/6-night-western-caribbean-perfect-day-from-fort-on-legend/LE06FLL-1143316554?sail-date=2026-12-06&currency=EUR&country=IRL,LE06FLL-1143316554,Western Caribbean & Perfect Day,6,Legend of the Seas,LE,"Fort Lauderdale, Florida",FLL,"Fort Lauderdale, Florida - Perfect Day at CocoCay, Bahamas - Falmouth, Jamaica - Labadee, Haiti - Fort Lauderdale, Florida",LE06FLL-1143316554-2027-01-03,2027-01-03,Infinite Grand Suite,4405
2025-11-22T22:09:05.857590,"https://www.royalcaribbean.com/gbr/en/cruises?search=departurePort:BCN,BYE,FLL,LAX,MIA,ROM,SIN,YOK|nights:6~8,9~11,gte12|ship:AL,AN,HM,IC,LE,OA,OV,OY,QN,ST,SY,UT,WN&country=IRL&market=gbr&language=en",https://www.royalcaribbean.com/gbr/en/cruises/itinerary/6-night-western-caribbean-perfect-day-from-fort-on-legend/LE06FLL-1143316554?sail-date=2026-12-06&currency=EUR&country=IRL,LE06FLL-1143316554,Western Caribbean & Perfect Day,6,Legend of the Seas,LE,"Fort Lauderdale, Florida",FLL,"Fort Lauderdale, Florida - Perfect Day at CocoCay, Bahamas - Falmouth, Jamaica - Labadee, Haiti - Fort Lauderdale, Florida",LE06FLL-1143316554-2027-01-03,2027-01-03,Sunset Suite,4772
2025-11-22T22:09:05.857590,"https://www.royalcaribbean.com/gbr/en/cruises?search=departurePort:BCN,BYE,FLL,LAX,MIA,ROM,SIN,YOK|nights:6~8,9~11,gte12|ship:AL,AN,HM,IC,LE,OA,OV,OY,QN,ST,SY,UT,WN&country=IRL&market=gbr&language=en",https://www.royalcaribbean.com/gbr/en/cruises/itinerary/6-night-western-caribbean-perfect-day-from-fort-on-legend/LE06FLL-1143316554?sail-date=2026-12-06&currency=EUR&country=IRL,LE06FLL-1143316554,Western Caribbean & Perfect Day,6,Legend of the Seas,LE,"Fort Lauderdale, Florida",FLL,"Fort Lauderdale, Florida - Perfect Day at CocoCay, Bahamas - Falmouth, Jamaica - Labadee, Haiti - Fort Lauderdale, Florida",LE06FLL-1143316554-2027-01-03,2027-01-03,Sunset Corner Suite,5317
2025-11-22T22:09:05.857590,"https://www.royalcaribbean.com/gbr/en/cruises?search=departurePort:BCN,BYE,FLL,LAX,MIA,ROM,SIN,YOK|nights:6~8,9~11,gte12|ship:AL,AN,HM,IC,LE,OA,OV,OY,QN,ST,SY,UT,WN&country=IRL&market=gbr&language=en",https://www.royalcaribbean.com/gbr/en/cruises/itinerary/6-night-western-caribbean-perfect-day-from-fort-on-legend/LE06FLL-1143316554?sail-date=2026-12-06&currency=EUR&country=IRL,LE06FLL-1143316554,Western Caribbean & Perfect Day,6,Legend of the Seas,LE,"Fort Lauderdale, Florida",FLL,"Fort Lauderdale, Florida - Perfect Day at CocoCay, Bahamas - Falmouth, Jamaica - Labadee, Haiti - Fort Lauderdale, Florida",LE06FLL-1143316554-2027-01-03,2027-01-03,Owners Suite,6375
2025-11-22T22:09:05.857590,"https://www.royalcaribbean.com/gbr/en/cruises?search=departurePort:BCN,BYE,FLL,LAX,MIA,ROM,SIN,YOK|nights:6~8,9~11,gte12|ship:AL,AN,HM,IC,LE,OA,OV,OY,QN,ST,SY,UT,WN&country=IRL&market=gbr&language=en",https://www.royalcaribbean.com/gbr/en/cruises/itinerary/6-night-western-caribbean-perfect-day-from-fort-on-legend/LE06FLL-1143316554?sail-date=2026-12-06&currency=EUR&country=IRL,LE06FLL-1143316554,Western Caribbean & Perfect Day,6,Legend of the Seas,LE,"Fort Lauderdale, Florida",FLL,"Fort Lauderdale, Florida - Perfect Day at CocoCay, Bahamas - Falmouth, Jamaica - Labadee, Haiti - Fort Lauderdale, Florida",LE06FLL-1143316554-2027-01-03,2027-01-03,Icon Loft Suite,9679
2025-11-22T22:09:05.857590,"https://www.royalcaribbean.com/gbr/en/cruises?search=departurePort:BCN,BYE,FLL,LAX,MIA,ROM,SIN,YOK|nights:6~8,9~11,gte12|ship:AL,AN,HM,IC,LE,OA,OV,OY,QN,ST,SY,UT,WN&country=IRL&market=gbr&language=en",https://www.royalcaribbean.com/gbr/en/cruises/itinerary/6-night-western-caribbean-perfect-day-from-fort-on-legend/LE06FLL-1143316554?sail-date=2026-12-06&currency=EUR&country=IRL,LE06FLL-1143316554,Western Caribbean & Perfect Day,6,Legend of the Seas,LE,"Fort Lauderdale, Florida",FLL,"Fort Lauderdale, Florida - Perfect Day at CocoCay, Bahamas - Falmouth, Jamaica - Labadee, Haiti - Fort Lauderdale, Florida",LE06FLL-1143316554-2027-01-03,2027-01-03,Royal Loft Suite,27733
2025-11-22T22:09:05.857590,"https://www.royalcaribbean.com/gbr/en/cruises?search=departurePort:BCN,BYE,FLL,LAX,MIA,ROM,SIN,YOK|nights:6~8,9~11,gte12|ship:AL,AN,HM,IC,LE,OA,OV,OY,QN,ST,SY,UT,WN&country=IRL&market=gbr&language=en",https://www.royalcaribbean.com/gbr/en/cruises/itinerary/7-night-cabo-overnight-ensenada-from-los-on-quantum/QN07LAX-1239441612?sail-date=2026-05-01&currency=EUR&country=IRL,QN07LAX-1239441612,Cabo Overnight & Ensenada,7,Quantum of the Seas,QN,"Los Angeles, California",LAX,"Los Angeles, California - Cabo San Lucas, Mexico - Cabo San Lucas, Mexico - Cabo San Lucas, Mexico - Ensenada, Mexico - Los Angeles, California",QN07LAX-1239441612-2026-05-01,2026-05-01,Interior,453
2025-11-22T22:09:05.857590,"https://www.royalcaribbean.com/gbr/en/cruises?search=departurePort:BCN,BYE,FLL,LAX,MIA,ROM,SIN,YOK|nights:6~8,9~11,gte12|ship:AL,AN,HM,IC,LE,OA,OV,OY,QN,ST,SY,UT,WN&country=IRL&market=gbr&language=en",https://www.royalcaribbean.com/gbr/en/cruises/itinerary/7-night-cabo-overnight-ensenada-from-los-on-quantum/QN07LAX-1239441612?sail-date=2026-05-01&currency=EUR&country=IRL,QN07LAX-1239441612,Cabo Overnight & Ensenada,7,Quantum of the Seas,QN,"Los Angeles, California",LAX,"Los Angeles, California - Cabo San Lucas, Mexico - Cabo San Lucas, Mexico - Cabo San Lucas, Mexico - Ensenada, Mexico - Los Angeles, California",QN07LAX-1239441612-2026-05-01,2026-05-01,Ocean View,470
2025-11-22T22:09:05.857590,"https://www.royalcaribbean.com/gbr/en/cruises?search=departurePort:BCN,BYE,FLL,LAX,MIA,ROM,SIN,YOK|nights:6~8,9~11,gte12|ship:AL,AN,HM,IC,LE,OA,OV,OY,QN,ST,SY,UT,WN&country=IRL&market=gbr&language=en",https://www.royalcaribbean.com/gbr/en/cruises/itinerary/7-night-cabo-overnight-ensenada-from-los-on-quantum/QN07LAX-1239441612?sail-date=2026-05-01&currency=EUR&country=IRL,QN07LAX-1239441612,Cabo Overnight & Ensenada,7,Quantum of the Seas,QN,"Los Angeles, California",LAX,"Los Angeles, California - Cabo San Lucas, Mexico - Cabo San Lucas, Mexico - Cabo San Lucas, Mexico - Ensenada, Mexico - Los Angeles, California",QN07LAX-1239441612-2026-05-01,2026-05-01,Balcony,496
2025-11-22T22:09:05.857590,"https://www.royalcaribbean.com/gbr/en/cruises?search=departurePort:BCN,BYE,FLL,LAX,MIA,ROM,SIN,YOK|nights:6~8,9~11,gte12|ship:AL,AN,HM,IC,LE,OA,OV,OY,QN,ST,SY,UT,WN&country=IRL&market=gbr&language=en",https://www.royalcaribbean.com/gbr/en/cruises/itinerary/7-night-cabo-overnight-ensenada-from-los-on-quantum/QN07LAX-1239441612?sail-date=2026-05-01&currency=EUR&country=IRL,QN07LAX-1239441612,Cabo Overnight & Ensenada,7,Quantum of the Seas,QN,"Los Angeles, California",LAX,"Los Angeles, California - Cabo San Lucas, Mexico - Cabo San Lucas, Mexico - Cabo San Lucas, Mexico - Ensenada, Mexico - Los Angeles, California",QN07LAX-1239441612-2026-05-01,2026-05-01,Suite Guarantee,1341
2025-11-22T22:09:05.857590,"https://www.royalcaribbean.com/gbr/en/cruises?search=departurePort:BCN,BYE,FLL,LAX,MIA,ROM,SIN,YOK|nights:6~8,9~11,gte12|ship:AL,AN,HM,IC,LE,OA,OV,OY,QN,ST,SY,UT,WN&country=IRL&market=gbr&language=en",https://www.royalcaribbean.com/gbr/en/cruises/itinerary/7-night-cabo-overnight-ensenada-from-los-on-quantum/QN07LAX-1239441612?sail-date=2026-05-01&currency=EUR&country=IRL,QN07LAX-1239441612,Cabo Overnight & Ensenada,7,Quantum of the Seas,QN,"Los Angeles, California",LAX,"Los Angeles, California - Cabo San Lucas, Mexico - Cabo San Lucas, Mexico - Cabo San Lucas, Mexico - Ensenada, Mexico - Los Angeles, California",QN07LAX-1239441612-2026-05-01,2026-05-01,Junior Suite,1341
2025-11-22T22:09:05.857590,"https://www.royalcaribbean.com/gbr/en/cruises?search=departurePort:BCN,BYE,FLL,LAX,MIA,ROM,SIN,YOK|nights:6~8,9~11,gte12|ship:AL,AN,HM,IC,LE,OA,OV,OY,QN,ST,SY,UT,WN&country=IRL&market=gbr&language=en",https://www.royalcaribbean.com/gbr/en/cruises/itinerary/7-night-cabo-overnight-ensenada-from-los-on-quantum/QN07LAX-1239441612?sail-date=2026-05-01&currency=EUR&country=IRL,QN07LAX-1239441612,Cabo Overnight & Ensenada,7,Quantum of the Seas,QN,"Los Angeles, California",LAX,"Los Angeles, California - Cabo San Lucas, Mexico - Cabo San Lucas, Mexico - Cabo San Lucas, Mexico - Ensenada, Mexico - Los Angeles, California",QN07LAX-1239441612-2026-05-01,2026-05-01,Junior Suite With Large Balcony,1562
2025-11-22T22:09:05.857590,"https://www.royalcaribbean.com/gbr/en/cruises?search=departurePort:BCN,BYE,FLL,LAX,MIA,ROM,SIN,YOK|nights:6~8,9~11,gte12|ship:AL,AN,HM,IC,LE,OA,OV,OY,QN,ST,SY,UT,WN&country=IRL&market=gbr&language=en",https://www.royalcaribbean.com/gbr/en/cruises/itinerary/7-night-cabo-overnight-ensenada-from-los-on-quantum/QN07LAX-1239441612?sail-date=2026-05-01&currency=EUR&country=IRL,QN07LAX-1239441612,Cabo Overnight & Ensenada,7,Quantum of the Seas,QN,"Los Angeles, California",LAX,"Los Angeles, California - Cabo San Lucas, Mexico - Cabo San Lucas, Mexico - Cabo San Lucas, Mexico - Ensenada, Mexico - Los Angeles, California",QN07LAX-1239441612-2026-05-01,2026-05-01,Sky Junior Suite,1980
2025-11-22T22:09:05.857590,"https://www.royalcaribbean.com/gbr/en/cruises?search=departurePort:BCN,BYE,FLL,LAX,MIA,ROM,SIN,YOK|nights:6~8,9~11,gte12|ship:AL,AN,HM,IC,LE,OA,OV,OY,QN,ST,SY,UT,WN&country=IRL&market=gbr&language=en",https://www.royalcaribbean.com/gbr/en/cruises/itinerary/7-night-cabo-overnight-ensenada-from-los-on-quantum/QN07LAX-1239441612?sail-date=2026-05-01&currency=EUR&country=IRL,QN07LAX-1239441612,Cabo Overnight & Ensenada,7,Quantum of the Seas,QN,"Los Angeles, California",LAX,"Los Angeles, California - Cabo San Lucas, Mexico - Cabo San Lucas, Mexico - Cabo San Lucas, Mexico - Ensenada, Mexico - Los Angeles, California",QN07LAX-1239441612-2026-05-01,2026-05-01,Grand Suite 1 Bedroom,2236
2025-11-22T22:09:05.857590,"https://www.royalcaribbean.com/gbr/en/cruises?search=departurePort:BCN,BYE,FLL,LAX,MIA,ROM,SIN,YOK|nights:6~8,9~11,gte12|ship:AL,AN,HM,IC,LE,OA,OV,OY,QN,ST,SY,UT,WN&country=IRL&market=gbr&language=en",https://www.royalcaribbean.com/gbr/en/cruises/itinerary/7-night-cabo-overnight-ensenada-from-los-on-quantum/QN07LAX-1239441612?sail-date=2026-05-01&currency=EUR&country=IRL,QN07LAX-1239441612,Cabo Overnight & Ensenada,7,Quantum of the Seas,QN,"Los Angeles, California",LAX,"Los Angeles, California - Cabo San Lucas, Mexico - Cabo San Lucas, Mexico - Cabo San Lucas, Mexico - Ensenada, Mexico - Los Angeles, California",QN07LAX-1239441612-2026-05-01,2026-05-01,Grand Suite With Large Balcony 1 Bedroom,2356
2025-11-22T22:09:05.857590,"https://www.royalcaribbean.com/gbr/en/cruises?search=departurePort:BCN,BYE,FLL,LAX,MIA,ROM,SIN,YOK|nights:6~8,9~11,gte12|ship:AL,AN,HM,IC,LE,OA,OV,OY,QN,ST,SY,UT,WN&country=IRL&market=gbr&language=en",https://www.royalcaribbean.com/gbr/en/cruises/itinerary/7-night-cabo-overnight-ensenada-from-los-on-quantum/QN07LAX-1239441612?sail-date=2026-05-01&currency=EUR&country=IRL,QN07LAX-1239441612,Cabo Overnight & Ensenada,7,Quantum of the Seas,QN,"Los Angeles, California",LAX,"Los Angeles, California - Cabo San Lucas, Mexico - Cabo San Lucas, Mexico - Cabo San Lucas, Mexico - Ensenada, Mexico - Los Angeles, California",QN07LAX-1239441612-2026-05-01,2026-05-01,Owners Suite With Balcony,2953
2025-11-22T22:09:05.857590,"https://www.royalcaribbean.com/gbr/en/cruises?search=departurePort:BCN,BYE,FLL,LAX,MIA,ROM,SIN,YOK|nights:6~8,9~11,gte12|ship:AL,AN,HM,IC,LE,OA,OV,OY,QN,ST,SY,UT,WN&country=IRL&market=gbr&language=en",https://www.royalcaribbean.com/gbr/en/cruises/itinerary/7-night-cabo-overnight-ensenada-from-los-on-quantum/QN07LAX-1239441612?sail-date=2026-05-01&currency=EUR&country=IRL,QN07LAX-1239441612,Cabo Overnight & Ensenada,7,Quantum of the Seas,QN,"Los Angeles, California",LAX,"Los Angeles, California - Cabo San Lucas, Mexico - Cabo San Lucas, Mexico - Cabo San Lucas, Mexico - Ensenada, Mexico - Los Angeles, California",QN07LAX-1239441612-2026-05-01,2026-05-01,Sky Loft Suite,3009
2025-11-22T22:09:05.857590,"https://www.royalcaribbean.com/gbr/en/cruises?search=departurePort:BCN,BYE,FLL,LAX,MIA,ROM,SIN,YOK|nights:6~8,9~11,gte12|ship:AL,AN,HM,IC,LE,OA,OV,OY,QN,ST,SY,UT,WN&country=IRL&market=gbr&language=en",https://www.royalcaribbean.com/gbr/en/cruises/itinerary/7-night-cabo-overnight-ensenada-from-los-on-quantum/QN07LAX-1239441612?sail-date=2026-05-01&currency=EUR&country=IRL,QN07LAX-1239441612,Cabo Overnight & Ensenada,7,Quantum of the Seas,QN,"Los Angeles, California",LAX,"Los Angeles, California - Cabo San Lucas, Mexico - Cabo San Lucas, Mexico - Cabo San Lucas, Mexico - Ensenada, Mexico - Los Angeles, California",QN07LAX-1239441612-2026-05-01,2026-05-01,Grand Suite 2 Bedroom,3082
2025-11-22T22:09:05.857590,"https://www.royalcaribbean.com/gbr/en/cruises?search=departurePort:BCN,BYE,FLL,LAX,MIA,ROM,SIN,YOK|nights:6~8,9~11,gte12|ship:AL,AN,HM,IC,LE,OA,OV,OY,QN,ST,SY,UT,WN&country=IRL&market=gbr&language=en",https://www.royalcaribbean.com/gbr/en/cruises/itinerary/7-night-cabo-overnight-ensenada-from-los-on-quantum/QN07LAX-1239441612?sail-date=2026-05-01&currency=EUR&country=IRL,QN07LAX-1239441612,Cabo Overnight & Ensenada,7,Quantum of the Seas,QN,"Los Angeles, California",LAX,"Los Angeles, California - Cabo San Lucas, Mexico - Cabo San Lucas, Mexico - Cabo San Lucas, Mexico - Ensenada, Mexico - Los Angeles, California",QN07LAX-1239441612-2026-06-19,2026-06-19,Interior,732
2025-11-22T22:09:05.857590,"https://www.royalcaribbean.com/gbr/en/cruises?search=departurePort:BCN,BYE,FLL,LAX,MIA,ROM,SIN,YOK|nights:6~8,9~11,gte12|ship:AL,AN,HM,IC,LE,OA,OV,OY,QN,ST,SY,UT,WN&country=IRL&market=gbr&language=en",https://www.royalcaribbean.com/gbr/en/cruises/itinerary/7-night-cabo-overnight-ensenada-from-los-on-quantum/QN07LAX-1239441612?sail-date=2026-05-01&currency=EUR&country=IRL,QN07LAX-1239441612,Cabo Overnight & Ensenada,7,Quantum of the Seas,QN,"Los Angeles, California",LAX,"Los Angeles, California - Cabo San Lucas, Mexico - Cabo San Lucas, Mexico - Cabo San Lucas, Mexico - Ensenada, Mexico - Los Angeles, California",QN07LAX-1239441612-2026-06-19,2026-06-19,Ocean View,771
2025-11-22T22:09:05.857590,"https://www.royalcaribbean.com/gbr/en/cruises?search=departurePort:BCN,BYE,FLL,LAX,MIA,ROM,SIN,YOK|nights:6~8,9~11,gte12|ship:AL,AN,HM,IC,LE,OA,OV,OY,QN,ST,SY,UT,WN&country=IRL&market=gbr&language=en",https://www.royalcaribbean.com/gbr/en/cruises/itinerary/7-night-cabo-overnight-ensenada-from-los-on-quantum/QN07LAX-1239441612?sail-date=2026-05-01&currency=EUR&country=IRL,QN07LAX-1239441612,Cabo Overnight & Ensenada,7,Quantum of the Seas,QN,"Los Angeles, California",LAX,"Los Angeles, California - Cabo San Lucas, Mexico - Cabo San Lucas, Mexico - Cabo San Lucas, Mexico - Ensenada, Mexico - Los Angeles, California",QN07LAX-1239441612-2026-06-19,2026-06-19,Balcony,810
2025-11-22T22:09:05.857590,"https://www.royalcaribbean.com/gbr/en/cruises?search=departurePort:BCN,BYE,FLL,LAX,MIA,ROM,SIN,YOK|nights:6~8,9~11,gte12|ship:AL,AN,HM,IC,LE,OA,OV,OY,QN,ST,SY,UT,WN&country=IRL&market=gbr&language=en",https://www.royalcaribbean.com/gbr/en/cruises/itinerary/7-night-cabo-overnight-ensenada-from-los-on-quantum/QN07LAX-1239441612?sail-date=2026-05-01&currency=EUR&country=IRL,QN07LAX-1239441612,Cabo Overnight & Ensenada,7,Quantum of the Seas,QN,"Los Angeles, California",LAX,"Los Angeles, California - Cabo San Lucas, Mexico - Cabo San Lucas, Mexico - Cabo San Lucas, Mexico - Ensenada, Mexico - Los Angeles, California",QN07LAX-1239441612-2026-06-19,2026-06-19,Suite Guarantee,1931
2025-11-22T22:09:05.857590,"https://www.royalcaribbean.com/gbr/en/cruises?search=departurePort:BCN,BYE,FLL,LAX,MIA,ROM,SIN,YOK|nights:6~8,9~11,gte12|ship:AL,AN,HM,IC,LE,OA,OV,OY,QN,ST,SY,UT,WN&country=IRL&market=gbr&language=en",https://www.royalcaribbean.com/gbr/en/cruises/itinerary/7-night-cabo-overnight-ensenada-from-los-on-quantum/QN07LAX-1239441612?sail-date=2026-05-01&currency=EUR&country=IRL,QN07LAX-1239441612,Cabo Overnight & Ensenada,7,Quantum of the Seas,QN,"Los Angeles, California",LAX,"Los Angeles, California - Cabo San Lucas, Mexico - Cabo San Lucas, Mexico - Cabo San Lucas, Mexico - Ensenada, Mexico - Los Angeles, California",QN07LAX-1239441612-2026-06-19,2026-06-19,Junior Suite,1341
2025-11-22T22:09:05.857590,"https://www.royalcaribbean.com/gbr/en/cruises?search=departurePort:BCN,BYE,FLL,LAX,MIA,ROM,SIN,YOK|nights:6~8,9~11,gte12|ship:AL,AN,HM,IC,LE,OA,OV,OY,QN,ST,SY,UT,WN&country=IRL&market=gbr&language=en",https://www.royalcaribbean.com/gbr/en/cruises/itinerary/7-night-cabo-overnight-ensenada-from-los-on-quantum/QN07LAX-1239441612?sail-date=2026-05-01&currency=EUR&country=IRL,QN07LAX-1239441612,Cabo Overnight & Ensenada,7,Quantum of the Seas,QN,"Los Angeles, California",LAX,"Los Angeles, California - Cabo San Lucas, Mexico - Cabo San Lucas, Mexico - Cabo San Lucas, Mexico - Ensenada, Mexico - Los Angeles, California",QN07LAX-1239441612-2026-06-19,2026-06-19,Junior Suite With Large Balcony,1562
2025-11-22T22:09:05.857590,"https://www.royalcaribbean.com/gbr/en/cruises?search=departurePort:BCN,BYE,FLL,LAX,MIA,ROM,SIN,YOK|nights:6~8,9~11,gte12|ship:AL,AN,HM,IC,LE,OA,OV,OY,QN,ST,SY,UT,WN&country=IRL&market=gbr&language=en",https://www.royalcaribbean.com/gbr/en/cruises/itinerary/7-night-cabo-overnight-ensenada-from-los-on-quantum/QN07LAX-1239441612?sail-date=2026-05-01&currency=EUR&country=IRL,QN07LAX-1239441612,Cabo Overnight & Ensenada,7,Quantum of the Seas,QN,"Los Angeles, California",LAX,"Los Angeles, California - Cabo San Lucas, Mexico - Cabo San Lucas, Mexico - Cabo San Lucas, Mexico - Ensenada, Mexico - Los Angeles, California",QN07LAX-1239441612-2026-06-19,2026-06-19,Sky Junior Suite,1980
2025-11-22T22:09:05.857590,"https://www.royalcaribbean.com/gbr/en/cruises?search=departurePort:BCN,BYE,FLL,LAX,MIA,ROM,SIN,YOK|nights:6~8,9~11,gte12|ship:AL,AN,HM,IC,LE,OA,OV,OY,QN,ST,SY,UT,WN&country=IRL&market=gbr&language=en",https://www.royalcaribbean.com/gbr/en/cruises/itinerary/7-night-cabo-overnight-ensenada-from-los-on-quantum/QN07LAX-1239441612?sail-date=2026-05-01&currency=EUR&country=IRL,QN07LAX-1239441612,Cabo Overnight & Ensenada,7,Quantum of the Seas,QN,"Los Angeles, California",LAX,"Los Angeles, California - Cabo San Lucas, Mexico - Cabo San Lucas, Mexico - Cabo San Lucas, Mexico - Ensenada, Mexico - Los Angeles, California",QN07LAX-1239441612-2026-06-19,2026-06-19,Grand Suite 1 Bedroom,2236
2025-11-22T22:09:05.857590,"https://www.royalcaribbean.com/gbr/en/cruises?search=departurePort:BCN,BYE,FLL,LAX,MIA,ROM,SIN,YOK|nights:6~8,9~11,gte12|ship:AL,AN,HM,IC,LE,OA,OV,OY,QN,ST,SY,UT,WN&country=IRL&market=gbr&language=en",https://www.royalcaribbean.com/gbr/en/cruises/itinerary/7-night-cabo-overnight-ensenada-from-los-on-quantum/QN07LAX-1239441612?sail-date=2026-05-01&currency=EUR&country=IRL,QN07LAX-1239441612,Cabo Overnight & Ensenada,7,Quantum of the Seas,QN,"Los Angeles, California",LAX,"Los Angeles, California - Cabo San Lucas, Mexico - Cabo San Lucas, Mexico - Cabo San Lucas, Mexico - Ensenada, Mexico - Los Angeles, California",QN07LAX-1239441612-2026-06-19,2026-06-19,Grand Suite With Large Balcony 1 Bedroom,2356
2025-11-22T22:09:05.857590,"https://www.royalcaribbean.com/gbr/en/cruises?search=departurePort:BCN,BYE,FLL,LAX,MIA,ROM,SIN,YOK|nights:6~8,9~11,gte12|ship:AL,AN,HM,IC,LE,OA,OV,OY,QN,ST,SY,UT,WN&country=IRL&market=gbr&language=en",https://www.royalcaribbean.com/gbr/en/cruises/itinerary/7-night-cabo-overnight-ensenada-from-los-on-quantum/QN07LAX-1239441612?sail-date=2026-05-01&currency=EUR&country=IRL,QN07LAX-1239441612,Cabo Overnight & Ensenada,7,Quantum of the Seas,QN,"Los Angeles, California",LAX,"Los Angeles, California - Cabo San Lucas, Mexico - Cabo San Lucas, Mexico - Cabo San Lucas, Mexico - Ensenada, Mexico - Los Angeles, California",QN07LAX-1239441612-2026-06-19,2026-06-19,Owners Suite With Balcony,2953
2025-11-22T22:09:05.857590,"https://www.royalcaribbean.com/gbr/en/cruises?search=departurePort:BCN,BYE,FLL,LAX,MIA,ROM,SIN,YOK|nights:6~8,9~11,gte12|ship:AL,AN,HM,IC,LE,OA,OV,OY,QN,ST,SY,UT,WN&country=IRL&market=gbr&language=en",https://www.royalcaribbean.com/gbr/en/cruises/itinerary/7-night-cabo-overnight-ensenada-from-los-on-quantum/QN07LAX-1239441612?sail-date=2026-05-01&currency=EUR&country=IRL,QN07LAX-1239441612,Cabo Overnight & Ensenada,7,Quantum of the Seas,QN,"Los Angeles, California",LAX,"Los Angeles, California - Cabo San Lucas, Mexico - Cabo San Lucas, Mexico - Cabo San Lucas, Mexico - Ensenada, Mexico - Los Angeles, California",QN07LAX-1239441612-2026-06-19,2026-06-19,Sky Loft Suite,3009
2025-11-22T22:09:05.857590,"https://www.royalcaribbean.com/gbr/en/cruises?search=departurePort:BCN,BYE,FLL,LAX,MIA,ROM,SIN,YOK|nights:6~8,9~11,gte12|ship:AL,AN,HM,IC,LE,OA,OV,OY,QN,ST,SY,UT,WN&country=IRL&market=gbr&language=en",https://www.royalcaribbean.com/gbr/en/cruises/itinerary/7-night-cabo-overnight-ensenada-from-los-on-quantum/QN07LAX-1239441612?sail-date=2026-05-01&currency=EUR&country=IRL,QN07LAX-1239441612,Cabo Overnight & Ensenada,7,Quantum of the Seas,QN,"Los Angeles, California",LAX,"Los Angeles, California - Cabo San Lucas, Mexico - Cabo San Lucas, Mexico - Cabo San Lucas, Mexico - Ensenada, Mexico - Los Angeles, California",QN07LAX-1239441612-2026-06-19,2026-06-19,Grand Suite 2 Bedroom,3082
2025-11-22T22:09:05.857590,"https://www.royalcaribbean.com/gbr/en/cruises?search=departurePort:BCN,BYE,FLL,LAX,MIA,ROM,SIN,YOK|nights:6~8,9~11,gte12|ship:AL,AN,HM,IC,LE,OA,OV,OY,QN,ST,SY,UT,WN&country=IRL&market=gbr&language=en",https://www.royalcaribbean.com/gbr/en/cruises/itinerary/7-night-cabo-overnight-ensenada-from-los-on-quantum/QN07LAX-1239441612?sail-date=2026-05-01&currency=EUR&country=IRL,QN07LAX-1239441612,Cabo Overnight & Ensenada,7,Quantum of the Seas,QN,"Los Angeles, California",LAX,"Los Angeles, California - Cabo San Lucas, Mexico - Cabo San Lucas, Mexico - Cabo San Lucas, Mexico - Ensenada, Mexico - Los Angeles, California",QN07LAX-1239441612-2026-07-03,2026-07-03,Interior,765
2025-11-22T22:09:05.857590,"https://www.royalcaribbean.com/gbr/en/cruises?search=departurePort:BCN,BYE,FLL,LAX,MIA,ROM,SIN,YOK|nights:6~8,9~11,gte12|ship:AL,AN,HM,IC,LE,OA,OV,OY,QN,ST,SY,UT,WN&country=IRL&market=gbr&language=en",https://www.royalcaribbean.com/gbr/en/cruises/itinerary/7-night-cabo-overnight-ensenada-from-los-on-quantum/QN07LAX-1239441612?sail-date=2026-05-01&currency=EUR&country=IRL,QN07LAX-1239441612,Cabo Overnight & Ensenada,7,Quantum of the Seas,QN,"Los Angeles, California",LAX,"Los Angeles, California - Cabo San Lucas, Mexico - Cabo San Lucas, Mexico - Cabo San Lucas, Mexico - Ensenada, Mexico - Los Angeles, California",QN07LAX-1239441612-2026-07-03,2026-07-03,Ocean View,941
2025-11-22T22:09:05.857590,"https://www.royalcaribbean.com/gbr/en/cruises?search=departurePort:BCN,BYE,FLL,LAX,MIA,ROM,SIN,YOK|nights:6~8,9~11,gte12|ship:AL,AN,HM,IC,LE,OA,OV,OY,QN,ST,SY,UT,WN&country=IRL&market=gbr&language=en",https://www.royalcaribbean.com/gbr/en/cruises/itinerary/7-night-cabo-overnight-ensenada-from-los-on-quantum/QN07LAX-1239441612?sail-date=2026-05-01&currency=EUR&country=IRL,QN07LAX-1239441612,Cabo Overnight & Ensenada,7,Quantum of the Seas,QN,"Los Angeles, California",LAX,"Los Angeles, California - Cabo San Lucas, Mexico - Cabo San Lucas, Mexico - Cabo San Lucas, Mexico - Ensenada, Mexico - Los Angeles, California",QN07LAX-1239441612-2026-07-03,2026-07-03,Balcony,929
2025-11-22T22:09:05.857590,"https://www.royalcaribbean.com/gbr/en/cruises?search=departurePort:BCN,BYE,FLL,LAX,MIA,ROM,SIN,YOK|nights:6~8,9~11,gte12|ship:AL,AN,HM,IC,LE,OA,OV,OY,QN,ST,SY,UT,WN&country=IRL&market=gbr&language=en",https://www.royalcaribbean.com/gbr/en/cruises/itinerary/7-night-cabo-overnight-ensenada-from-los-on-quantum/QN07LAX-1239441612?sail-date=2026-05-01&currency=EUR&country=IRL,QN07LAX-1239441612,Cabo Overnight & Ensenada,7,Quantum of the Seas,QN,"Los Angeles, California",LAX,"Los Angeles, California - Cabo San Lucas, Mexico - Cabo San Lucas, Mexico - Cabo San Lucas, Mexico - Ensenada, Mexico - Los Angeles, California",QN07LAX-1239441612-2026-07-03,2026-07-03,Suite Guarantee,1706
2025-11-22T22:09:05.857590,"https://www.royalcaribbean.com/gbr/en/cruises?search=departurePort:BCN,BYE,FLL,LAX,MIA,ROM,SIN,YOK|nights:6~8,9~11,gte12|ship:AL,AN,HM,IC,LE,OA,OV,OY,QN,ST,SY,UT,WN&country=IRL&market=gbr&language=en",https://www.royalcaribbean.com/gbr/en/cruises/itinerary/7-night-cabo-overnight-ensenada-from-los-on-quantum/QN07LAX-1239441612?sail-date=2026-05-01&currency=EUR&country=IRL,QN07LAX-1239441612,Cabo Overnight & Ensenada,7,Quantum of the Seas,QN,"Los Angeles, California",LAX,"Los Angeles, California - Cabo San Lucas, Mexico - Cabo San Lucas, Mexico - Cabo San Lucas, Mexico - Ensenada, Mexico - Los Angeles, California",QN07LAX-1239441612-2026-07-03,2026-07-03,Junior Suite,1341
2025-11-22T22:09:05.857590,"https://www.royalcaribbean.com/gbr/en/cruises?search=departurePort:BCN,BYE,FLL,LAX,MIA,ROM,SIN,YOK|nights:6~8,9~11,gte12|ship:AL,AN,HM,IC,LE,OA,OV,OY,QN,ST,SY,UT,WN&country=IRL&market=gbr&language=en",https://www.royalcaribbean.com/gbr/en/cruises/itinerary/7-night-cabo-overnight-ensenada-from-los-on-quantum/QN07LAX-1239441612?sail-date=2026-05-01&currency=EUR&country=IRL,QN07LAX-1239441612,Cabo Overnight & Ensenada,7,Quantum of the Seas,QN,"Los Angeles, California",LAX,"Los Angeles, California - Cabo San Lucas, Mexico - Cabo San Lucas, Mexico - Cabo San Lucas, Mexico - Ensenada, Mexico - Los Angeles, California",QN07LAX-1239441612-2026-07-03,2026-07-03,Junior Suite With Large Balcony,1562
2025-11-22T22:09:05.857590,"https://www.royalcaribbean.com/gbr/en/cruises?search=departurePort:BCN,BYE,FLL,LAX,MIA,ROM,SIN,YOK|nights:6~8,9~11,gte12|ship:AL,AN,HM,IC,LE,OA,OV,OY,QN,ST,SY,UT,WN&country=IRL&market=gbr&language=en",https://www.royalcaribbean.com/gbr/en/cruises/itinerary/7-night-cabo-overnight-ensenada-from-los-on-quantum/QN07LAX-1239441612?sail-date=2026-05-01&currency=EUR&country=IRL,QN07LAX-1239441612,Cabo Overnight & Ensenada,7,Quantum of the Seas,QN,"Los Angeles, California",LAX,"Los Angeles, California - Cabo San Lucas, Mexico - Cabo San Lucas, Mexico - Cabo San Lucas, Mexico - Ensenada, Mexico - Los Angeles, California",QN07LAX-1239441612-2026-07-03,2026-07-03,Sky Junior Suite,1980
2025-11-22T22:09:05.857590,"https://www.royalcaribbean.com/gbr/en/cruises?search=departurePort:BCN,BYE,FLL,LAX,MIA,ROM,SIN,YOK|nights:6~8,9~11,gte12|ship:AL,AN,HM,IC,LE,OA,OV,OY,QN,ST,SY,UT,WN&country=IRL&market=gbr&language=en",https://www.royalcaribbean.com/gbr/en/cruises/itinerary/7-night-cabo-overnight-ensenada-from-los-on-quantum/QN07LAX-1239441612?sail-date=2026-05-01&currency=EUR&country=IRL,QN07LAX-1239441612,Cabo Overnight & Ensenada,7,Quantum of the Seas,QN,"Los Angeles, California",LAX,"Los Angeles, California - Cabo San Lucas, Mexico - Cabo San Lucas, Mexico - Cabo San Lucas, Mexico - Ensenada, Mexico - Los Angeles, California",QN07LAX-1239441612-2026-07-03,2026-07-03,Grand Suite 1 Bedroom,2236
2025-11-22T22:09:05.857590,"https://www.royalcaribbean.com/gbr/en/cruises?search=departurePort:BCN,BYE,FLL,LAX,MIA,ROM,SIN,YOK|nights:6~8,9~11,gte12|ship:AL,AN,HM,IC,LE,OA,OV,OY,QN,ST,SY,UT,WN&country=IRL&market=gbr&language=en",https://www.royalcaribbean.com/gbr/en/cruises/itinerary/7-night-cabo-overnight-ensenada-from-los-on-quantum/QN07LAX-1239441612?sail-date=2026-05-01&currency=EUR&country=IRL,QN07LAX-1239441612,Cabo Overnight & Ensenada,7,Quantum of the Seas,QN,"Los Angeles, California",LAX,"Los Angeles, California - Cabo San Lucas, Mexico - Cabo San Lucas, Mexico - Cabo San Lucas, Mexico - Ensenada, Mexico - Los Angeles, California",QN07LAX-1239441612-2026-07-03,2026-07-03,Grand Suite With Large Balcony 1 Bedroom,2356
2025-11-22T22:09:05.857590,"https://www.royalcaribbean.com/gbr/en/cruises?search=departurePort:BCN,BYE,FLL,LAX,MIA,ROM,SIN,YOK|nights:6~8,9~11,gte12|ship:AL,AN,HM,IC,LE,OA,OV,OY,QN,ST,SY,UT,WN&country=IRL&market=gbr&language=en",https://www.royalcaribbean.com/gbr/en/cruises/itinerary/7-night-cabo-overnight-ensenada-from-los-on-quantum/QN07LAX-1239441612?sail-date=2026-05-01&currency=EUR&country=IRL,QN07LAX-1239441612,Cabo Overnight & Ensenada,7,Quantum of the Seas,QN,"Los Angeles, California",LAX,"Los Angeles, California - Cabo San Lucas, Mexico - Cabo San Lucas, Mexico - Cabo San Lucas, Mexico - Ensenada, Mexico - Los Angeles, California",QN07LAX-1239441612-2026-07-03,2026-07-03,Owners Suite With Balcony,2953
2025-11-22T22:09:05.857590,"https://www.royalcaribbean.com/gbr/en/cruises?search=departurePort:BCN,BYE,FLL,LAX,MIA,ROM,SIN,YOK|nights:6~8,9~11,gte12|ship:AL,AN,HM,IC,LE,OA,OV,OY,QN,ST,SY,UT,WN&country=IRL&market=gbr&language=en",https://www.royalcaribbean.com/gbr/en/cruises/itinerary/7-night-cabo-overnight-ensenada-from-los-on-quantum/QN07LAX-1239441612?sail-date=2026-05-01&currency=EUR&country=IRL,QN07LAX-1239441612,Cabo Overnight & Ensenada,7,Quantum of the Seas,QN,"Los Angeles, California",LAX,"Los Angeles, California - Cabo San Lucas, Mexico - Cabo San Lucas, Mexico - Cabo San Lucas, Mexico - Ensenada, Mexico - Los Angeles, California",QN07LAX-1239441612-2026-07-03,2026-07-03,Sky Loft Suite,3009
2025-11-22T22:09:05.857590,"https://www.royalcaribbean.com/gbr/en/cruises?search=departurePort:BCN,BYE,FLL,LAX,MIA,ROM,SIN,YOK|nights:6~8,9~11,gte12|ship:AL,AN,HM,IC,LE,OA,OV,OY,QN,ST,SY,UT,WN&country=IRL&market=gbr&language=en",https://www.royalcaribbean.com/gbr/en/cruises/itinerary/7-night-cabo-overnight-ensenada-from-los-on-quantum/QN07LAX-1239441612?sail-date=2026-05-01&currency=EUR&country=IRL,QN07LAX-1239441612,Cabo Overnight & Ensenada,7,Quantum of the Seas,QN,"Los Angeles, California",LAX,"Los Angeles, California - Cabo San Lucas, Mexico - Cabo San Lucas, Mexico - Cabo San Lucas, Mexico - Ensenada, Mexico - Los Angeles, California",QN07LAX-1239441612-2026-07-03,2026-07-03,Grand Suite 2 Bedroom,3082
2025-11-22T22:09:05.857590,"https://www.royalcaribbean.com/gbr/en/cruises?search=departurePort:BCN,BYE,FLL,LAX,MIA,ROM,SIN,YOK|nights:6~8,9~11,gte12|ship:AL,AN,HM,IC,LE,OA,OV,OY,QN,ST,SY,UT,WN&country=IRL&market=gbr&language=en",https://www.royalcaribbean.com/gbr/en/cruises/itinerary/7-night-cabo-overnight-ensenada-from-los-on-quantum/QN07LAX-1239441612?sail-date=2026-05-01&currency=EUR&country=IRL,QN07LAX-1239441612,Cabo Overnight & Ensenada,7,Quantum of the Seas,QN,"Los Angeles, California",LAX,"Los Angeles, California - Cabo San Lucas, Mexico - Cabo San Lucas, Mexico - Cabo San Lucas, Mexico - Ensenada, Mexico - Los Angeles, California",QN07LAX-1239441612-2026-07-17,2026-07-17,Interior,787
2025-11-22T22:09:05.857590,"https://www.royalcaribbean.com/gbr/en/cruises?search=departurePort:BCN,BYE,FLL,LAX,MIA,ROM,SIN,YOK|nights:6~8,9~11,gte12|ship:AL,AN,HM,IC,LE,OA,OV,OY,QN,ST,SY,UT,WN&country=IRL&market=gbr&language=en",https://www.royalcaribbean.com/gbr/en/cruises/itinerary/7-night-cabo-overnight-ensenada-from-los-on-quantum/QN07LAX-1239441612?sail-date=2026-05-01&currency=EUR&country=IRL,QN07LAX-1239441612,Cabo Overnight & Ensenada,7,Quantum of the Seas,QN,"Los Angeles, California",LAX,"Los Angeles, California - Cabo San Lucas, Mexico - Cabo San Lucas, Mexico - Cabo San Lucas, Mexico - Ensenada, Mexico - Los Angeles, California",QN07LAX-1239441612-2026-07-17,2026-07-17,Ocean View,915
2025-11-22T22:09:05.857590,"https://www.royalcaribbean.com/gbr/en/cruises?search=departurePort:BCN,BYE,FLL,LAX,MIA,ROM,SIN,YOK|nights:6~8,9~11,gte12|ship:AL,AN,HM,IC,LE,OA,OV,OY,QN,ST,SY,UT,WN&country=IRL&market=gbr&language=en",https://www.royalcaribbean.com/gbr/en/cruises/itinerary/7-night-cabo-overnight-ensenada-from-los-on-quantum/QN07LAX-1239441612?sail-date=2026-05-01&currency=EUR&country=IRL,QN07LAX-1239441612,Cabo Overnight & Ensenada,7,Quantum of the Seas,QN,"Los Angeles, California",LAX,"Los Angeles, California - Cabo San Lucas, Mexico - Cabo San Lucas, Mexico - Cabo San Lucas, Mexico - Ensenada, Mexico - Los Angeles, California",QN07LAX-1239441612-2026-07-17,2026-07-17,Balcony,962
2025-11-22T22:09:05.857590,"https://www.royalcaribbean.com/gbr/en/cruises?search=departurePort:BCN,BYE,FLL,LAX,MIA,ROM,SIN,YOK|nights:6~8,9~11,gte12|ship:AL,AN,HM,IC,LE,OA,OV,OY,QN,ST,SY,UT,WN&country=IRL&market=gbr&language=en",https://www.royalcaribbean.com/gbr/en/cruises/itinerary/7-night-cabo-overnight-ensenada-from-los-on-quantum/QN07LAX-1239441612?sail-date=2026-05-01&currency=EUR&country=IRL,QN07LAX-1239441612,Cabo Overnight & Ensenada,7,Quantum of the Seas,QN,"Los Angeles, California",LAX,"Los Angeles, California - Cabo San Lucas, Mexico - Cabo San Lucas, Mexico - Cabo San Lucas, Mexico - Ensenada, Mexico - Los Angeles, California",QN07LAX-1239441612-2026-07-17,2026-07-17,Suite Guarantee,1928
2025-11-22T22:09:05.857590,"https://www.royalcaribbean.com/gbr/en/cruises?search=departurePort:BCN,BYE,FLL,LAX,MIA,ROM,SIN,YOK|nights:6~8,9~11,gte12|ship:AL,AN,HM,IC,LE,OA,OV,OY,QN,ST,SY,UT,WN&country=IRL&market=gbr&language=en",https://www.royalcaribbean.com/gbr/en/cruises/itinerary/7-night-cabo-overnight-ensenada-from-los-on-quantum/QN07LAX-1239441612?sail-date=2026-05-01&currency=EUR&country=IRL,QN07LAX-1239441612,Cabo Overnight & Ensenada,7,Quantum of the Seas,QN,"Los Angeles, California",LAX,"Los Angeles, California - Cabo San Lucas, Mexico - Cabo San Lucas, Mexico - Cabo San Lucas, Mexico - Ensenada, Mexico - Los Angeles, California",QN07LAX-1239441612-2026-07-17,2026-07-17,Junior Suite,1341
2025-11-22T22:09:05.857590,"https://www.royalcaribbean.com/gbr/en/cruises?search=departurePort:BCN,BYE,FLL,LAX,MIA,ROM,SIN,YOK|nights:6~8,9~11,gte12|ship:AL,AN,HM,IC,LE,OA,OV,OY,QN,ST,SY,UT,WN&country=IRL&market=gbr&language=en",https://www.royalcaribbean.com/gbr/en/cruises/itinerary/7-night-cabo-overnight-ensenada-from-los-on-quantum/QN07LAX-1239441612?sail-date=2026-05-01&currency=EUR&country=IRL,QN07LAX-1239441612,Cabo Overnight & Ensenada,7,Quantum of the Seas,QN,"Los Angeles, California",LAX,"Los Angeles, California - Cabo San Lucas, Mexico - Cabo San Lucas, Mexico - Cabo San Lucas, Mexico - Ensenada, Mexico - Los Angeles, California",QN07LAX-1239441612-2026-07-17,2026-07-17,Junior Suite With Large Balcony,1562
2025-11-22T22:09:05.857590,"https://www.royalcaribbean.com/gbr/en/cruises?search=departurePort:BCN,BYE,FLL,LAX,MIA,ROM,SIN,YOK|nights:6~8,9~11,gte12|ship:AL,AN,HM,IC,LE,OA,OV,OY,QN,ST,SY,UT,WN&country=IRL&market=gbr&language=en",https://www.royalcaribbean.com/gbr/en/cruises/itinerary/7-night-cabo-overnight-ensenada-from-los-on-quantum/QN07LAX-1239441612?sail-date=2026-05-01&currency=EUR&country=IRL,QN07LAX-1239441612,Cabo Overnight & Ensenada,7,Quantum of the Seas,QN,"Los Angeles, California",LAX,"Los Angeles, California - Cabo San Lucas, Mexico - Cabo San Lucas, Mexico - Cabo San Lucas, Mexico - Ensenada, Mexico - Los Angeles, California",QN07LAX-1239441612-2026-07-17,2026-07-17,Sky Junior Suite,1980
2025-11-22T22:09:05.857590,"https://www.royalcaribbean.com/gbr/en/cruises?search=departurePort:BCN,BYE,FLL,LAX,MIA,ROM,SIN,YOK|nights:6~8,9~11,gte12|ship:AL,AN,HM,IC,LE,OA,OV,OY,QN,ST,SY,UT,WN&country=IRL&market=gbr&language=en",https://www.royalcaribbean.com/gbr/en/cruises/itinerary/7-night-cabo-overnight-ensenada-from-los-on-quantum/QN07LAX-1239441612?sail-date=2026-05-01&currency=EUR&country=IRL,QN07LAX-1239441612,Cabo Overnight & Ensenada,7,Quantum of the Seas,QN,"Los Angeles, California",LAX,"Los Angeles, California - Cabo San Lucas, Mexico - Cabo San Lucas, Mexico - Cabo San Lucas, Mexico - Ensenada, Mexico - Los Angeles, California",QN07LAX-1239441612-2026-07-17,2026-07-17,Grand Suite 1 Bedroom,2236
2025-11-22T22:09:05.857590,"https://www.royalcaribbean.com/gbr/en/cruises?search=departurePort:BCN,BYE,FLL,LAX,MIA,ROM,SIN,YOK|nights:6~8,9~11,gte12|ship:AL,AN,HM,IC,LE,OA,OV,OY,QN,ST,SY,UT,WN&country=IRL&market=gbr&language=en",https://www.royalcaribbean.com/gbr/en/cruises/itinerary/7-night-cabo-overnight-ensenada-from-los-on-quantum/QN07LAX-1239441612?sail-date=2026-05-01&currency=EUR&country=IRL,QN07LAX-1239441612,Cabo Overnight & Ensenada,7,Quantum of the Seas,QN,"Los Angeles, California",LAX,"Los Angeles, California - Cabo San Lucas, Mexico - Cabo San Lucas, Mexico - Cabo San Lucas, Mexico - Ensenada, Mexico - Los Angeles, California",QN07LAX-1239441612-2026-07-17,2026-07-17,Grand Suite With Large Balcony 1 Bedroom,2356
2025-11-22T22:09:05.857590,"https://www.royalcaribbean.com/gbr/en/cruises?search=departurePort:BCN,BYE,FLL,LAX,MIA,ROM,SIN,YOK|nights:6~8,9~11,gte12|ship:AL,AN,HM,IC,LE,OA,OV,OY,QN,ST,SY,UT,WN&country=IRL&market=gbr&language=en",https://www.royalcaribbean.com/gbr/en/cruises/itinerary/7-night-cabo-overnight-ensenada-from-los-on-quantum/QN07LAX-1239441612?sail-date=2026-05-01&currency=EUR&country=IRL,QN07LAX-1239441612,Cabo Overnight & Ensenada,7,Quantum of the Seas,QN,"Los Angeles, California",LAX,"Los Angeles, California - Cabo San Lucas, Mexico - Cabo San Lucas, Mexico - Cabo San Lucas, Mexico - Ensenada, Mexico - Los Angeles, California",QN07LAX-1239441612-2026-07-17,2026-07-17,Owners Suite With Balcony,2953
2025-11-22T22:09:05.857590,"https://www.royalcaribbean.com/gbr/en/cruises?search=departurePort:BCN,BYE,FLL,LAX,MIA,ROM,SIN,YOK|nights:6~8,9~11,gte12|ship:AL,AN,HM,IC,LE,OA,OV,OY,QN,ST,SY,UT,WN&country=IRL&market=gbr&language=en",https://www.royalcaribbean.com/gbr/en/cruises/itinerary/7-night-cabo-overnight-ensenada-from-los-on-quantum/QN07LAX-1239441612?sail-date=2026-05-01&currency=EUR&country=IRL,QN07LAX-1239441612,Cabo Overnight & Ensenada,7,Quantum of the Seas,QN,"Los Angeles, California",LAX,"Los Angeles, California - Cabo San Lucas, Mexico - Cabo San Lucas, Mexico - Cabo San Lucas, Mexico - Ensenada, Mexico - Los Angeles, California",QN07LAX-1239441612-2026-07-17,2026-07-17,Sky Loft Suite,3009
2025-11-22T22:09:05.857590,"https://www.royalcaribbean.com/gbr/en/cruises?search=departurePort:BCN,BYE,FLL,LAX,MIA,ROM,SIN,YOK|nights:6~8,9~11,gte12|ship:AL,AN,HM,IC,LE,OA,OV,OY,QN,ST,SY,UT,WN&country=IRL&market=gbr&language=en",https://www.royalcaribbean.com/gbr/en/cruises/itinerary/7-night-cabo-overnight-ensenada-from-los-on-quantum/QN07LAX-1239441612?sail-date=2026-05-01&currency=EUR&country=IRL,QN07LAX-1239441612,Cabo Overnight & Ensenada,7,Quantum of the Seas,QN,"Los Angeles, California",LAX,"Los Angeles, California - Cabo San Lucas, Mexico - Cabo San Lucas, Mexico - Cabo San Lucas, Mexico - Ensenada, Mexico - Los Angeles, California",QN07LAX-1239441612-2026-07-17,2026-07-17,Grand Suite 2 Bedroom,3082
2025-11-22T22:09:05.857590,"https://www.royalcaribbean.com/gbr/en/cruises?search=departurePort:BCN,BYE,FLL,LAX,MIA,ROM,SIN,YOK|nights:6~8,9~11,gte12|ship:AL,AN,HM,IC,LE,OA,OV,OY,QN,ST,SY,UT,WN&country=IRL&market=gbr&language=en",https://www.royalcaribbean.com/gbr/en/cruises/itinerary/7-night-cabo-overnight-ensenada-from-los-on-quantum/QN07LAX-1239441612?sail-date=2026-05-01&currency=EUR&country=IRL,QN07LAX-1239441612,Cabo Overnight & Ensenada,7,Quantum of the Seas,QN,"Los Angeles, California",LAX,"Los Angeles, California - Cabo San Lucas, Mexico - Cabo San Lucas, Mexico - Cabo San Lucas, Mexico - Ensenada, Mexico - Los Angeles, California",QN07LAX-1239441612-2026-08-21,2026-08-21,Interior,656
2025-11-22T22:09:05.857590,"https://www.royalcaribbean.com/gbr/en/cruises?search=departurePort:BCN,BYE,FLL,LAX,MIA,ROM,SIN,YOK|nights:6~8,9~11,gte12|ship:AL,AN,HM,IC,LE,OA,OV,OY,QN,ST,SY,UT,WN&country=IRL&market=gbr&language=en",https://www.royalcaribbean.com/gbr/en/cruises/itinerary/7-night-cabo-overnight-ensenada-from-los-on-quantum/QN07LAX-1239441612?sail-date=2026-05-01&currency=EUR&country=IRL,QN07LAX-1239441612,Cabo Overnight & Ensenada,7,Quantum of the Seas,QN,"Los Angeles, California",LAX,"Los Angeles, California - Cabo San Lucas, Mexico - Cabo San Lucas, Mexico - Cabo San Lucas, Mexico - Ensenada, Mexico - Los Angeles, California",QN07LAX-1239441612-2026-08-21,2026-08-21,Ocean View,853
2025-11-22T22:09:05.857590,"https://www.royalcaribbean.com/gbr/en/cruises?search=departurePort:BCN,BYE,FLL,LAX,MIA,ROM,SIN,YOK|nights:6~8,9~11,gte12|ship:AL,AN,HM,IC,LE,OA,OV,OY,QN,ST,SY,UT,WN&country=IRL&market=gbr&language=en",https://www.royalcaribbean.com/gbr/en/cruises/itinerary/7-night-cabo-overnight-ensenada-from-los-on-quantum/QN07LAX-1239441612?sail-date=2026-05-01&currency=EUR&country=IRL,QN07LAX-1239441612,Cabo Overnight & Ensenada,7,Quantum of the Seas,QN,"Los Angeles, California",LAX,"Los Angeles, California - Cabo San Lucas, Mexico - Cabo San Lucas, Mexico - Cabo San Lucas, Mexico - Ensenada, Mexico - Los Angeles, California",QN07LAX-1239441612-2026-08-21,2026-08-21,Balcony,907
2025-11-22T22:09:05.857590,"https://www.royalcaribbean.com/gbr/en/cruises?search=departurePort:BCN,BYE,FLL,LAX,MIA,ROM,SIN,YOK|nights:6~8,9~11,gte12|ship:AL,AN,HM,IC,LE,OA,OV,OY,QN,ST,SY,UT,WN&country=IRL&market=gbr&language=en",https://www.royalcaribbean.com/gbr/en/cruises/itinerary/7-night-cabo-overnight-ensenada-from-los-on-quantum/QN07LAX-1239441612?sail-date=2026-05-01&currency=EUR&country=IRL,QN07LAX-1239441612,Cabo Overnight & Ensenada,7,Quantum of the Seas,QN,"Los Angeles, California",LAX,"Los Angeles, California - Cabo San Lucas, Mexico - Cabo San Lucas, Mexico - Cabo San Lucas, Mexico - Ensenada, Mexico - Los Angeles, California",QN07LAX-1239441612-2026-08-21,2026-08-21,Suite Guarantee,1981
2025-11-22T22:09:05.857590,"https://www.royalcaribbean.com/gbr/en/cruises?search=departurePort:BCN,BYE,FLL,LAX,MIA,ROM,SIN,YOK|nights:6~8,9~11,gte12|ship:AL,AN,HM,IC,LE,OA,OV,OY,QN,ST,SY,UT,WN&country=IRL&market=gbr&language=en",https://www.royalcaribbean.com/gbr/en/cruises/itinerary/7-night-cabo-overnight-ensenada-from-los-on-quantum/QN07LAX-1239441612?sail-date=2026-05-01&currency=EUR&country=IRL,QN07LAX-1239441612,Cabo Overnight & Ensenada,7,Quantum of the Seas,QN,"Los Angeles, California",LAX,"Los Angeles, California - Cabo San Lucas, Mexico - Cabo San Lucas, Mexico - Cabo San Lucas, Mexico - Ensenada, Mexico - Los Angeles, California",QN07LAX-1239441612-2026-08-21,2026-08-21,Junior Suite,1341
2025-11-22T22:09:05.857590,"https://www.royalcaribbean.com/gbr/en/cruises?search=departurePort:BCN,BYE,FLL,LAX,MIA,ROM,SIN,YOK|nights:6~8,9~11,gte12|ship:AL,AN,HM,IC,LE,OA,OV,OY,QN,ST,SY,UT,WN&country=IRL&market=gbr&language=en",https://www.royalcaribbean.com/gbr/en/cruises/itinerary/7-night-cabo-overnight-ensenada-from-los-on-quantum/QN07LAX-1239441612?sail-date=2026-05-01&currency=EUR&country=IRL,QN07LAX-1239441612,Cabo Overnight & Ensenada,7,Quantum of the Seas,QN,"Los Angeles, California",LAX,"Los Angeles, California - Cabo San Lucas, Mexico - Cabo San Lucas, Mexico - Cabo San Lucas, Mexico - Ensenada, Mexico - Los Angeles, California",QN07LAX-1239441612-2026-08-21,2026-08-21,Junior Suite With Large Balcony,1562
2025-11-22T22:09:05.857590,"https://www.royalcaribbean.com/gbr/en/cruises?search=departurePort:BCN,BYE,FLL,LAX,MIA,ROM,SIN,YOK|nights:6~8,9~11,gte12|ship:AL,AN,HM,IC,LE,OA,OV,OY,QN,ST,SY,UT,WN&country=IRL&market=gbr&language=en",https://www.royalcaribbean.com/gbr/en/cruises/itinerary/7-night-cabo-overnight-ensenada-from-los-on-quantum/QN07LAX-1239441612?sail-date=2026-05-01&currency=EUR&country=IRL,QN07LAX-1239441612,Cabo Overnight & Ensenada,7,Quantum of the Seas,QN,"Los Angeles, California",LAX,"Los Angeles, California - Cabo San Lucas, Mexico - Cabo San Lucas, Mexico - Cabo San Lucas, Mexico - Ensenada, Mexico - Los Angeles, California",QN07LAX-1239441612-2026-08-21,2026-08-21,Sky Junior Suite,1980
2025-11-22T22:09:05.857590,"https://www.royalcaribbean.com/gbr/en/cruises?search=departurePort:BCN,BYE,FLL,LAX,MIA,ROM,SIN,YOK|nights:6~8,9~11,gte12|ship:AL,AN,HM,IC,LE,OA,OV,OY,QN,ST,SY,UT,WN&country=IRL&market=gbr&language=en",https://www.royalcaribbean.com/gbr/en/cruises/itinerary/7-night-cabo-overnight-ensenada-from-los-on-quantum/QN07LAX-1239441612?sail-date=2026-05-01&currency=EUR&country=IRL,QN07LAX-1239441612,Cabo Overnight & Ensenada,7,Quantum of the Seas,QN,"Los Angeles, California",LAX,"Los Angeles, California - Cabo San Lucas, Mexico - Cabo San Lucas, Mexico - Cabo San Lucas, Mexico - Ensenada, Mexico - Los Angeles, California",QN07LAX-1239441612-2026-08-21,2026-08-21,Grand Suite 1 Bedroom,2236
2025-11-22T22:09:05.857590,"https://www.royalcaribbean.com/gbr/en/cruises?search=departurePort:BCN,BYE,FLL,LAX,MIA,ROM,SIN,YOK|nights:6~8,9~11,gte12|ship:AL,AN,HM,IC,LE,OA,OV,OY,QN,ST,SY,UT,WN&country=IRL&market=gbr&language=en",https://www.royalcaribbean.com/gbr/en/cruises/itinerary/7-night-cabo-overnight-ensenada-from-los-on-quantum/QN07LAX-1239441612?sail-date=2026-05-01&currency=EUR&country=IRL,QN07LAX-1239441612,Cabo Overnight & Ensenada,7,Quantum of the Seas,QN,"Los Angeles, California",LAX,"Los Angeles, California - Cabo San Lucas, Mexico - Cabo San Lucas, Mexico - Cabo San Lucas, Mexico - Ensenada, Mexico - Los Angeles, California",QN07LAX-1239441612-2026-08-21,2026-08-21,Grand Suite With Large Balcony 1 Bedroom,2356
2025-11-22T22:09:05.857590,"https://www.royalcaribbean.com/gbr/en/cruises?search=departurePort:BCN,BYE,FLL,LAX,MIA,ROM,SIN,YOK|nights:6~8,9~11,gte12|ship:AL,AN,HM,IC,LE,OA,OV,OY,QN,ST,SY,UT,WN&country=IRL&market=gbr&language=en",https://www.royalcaribbean.com/gbr/en/cruises/itinerary/7-night-cabo-overnight-ensenada-from-los-on-quantum/QN07LAX-1239441612?sail-date=2026-05-01&currency=EUR&country=IRL,QN07LAX-1239441612,Cabo Overnight & Ensenada,7,Quantum of the Seas,QN,"Los Angeles, California",LAX,"Los Angeles, California - Cabo San Lucas, Mexico - Cabo San Lucas, Mexico - Cabo San Lucas, Mexico - Ensenada, Mexico - Los Angeles, California",QN07LAX-1239441612-2026-08-21,2026-08-21,Owners Suite With Balcony,2953
2025-11-22T22:09:05.857590,"https://www.royalcaribbean.com/gbr/en/cruises?search=departurePort:BCN,BYE,FLL,LAX,MIA,ROM,SIN,YOK|nights:6~8,9~11,gte12|ship:AL,AN,HM,IC,LE,OA,OV,OY,QN,ST,SY,UT,WN&country=IRL&market=gbr&language=en",https://www.royalcaribbean.com/gbr/en/cruises/itinerary/7-night-cabo-overnight-ensenada-from-los-on-quantum/QN07LAX-1239441612?sail-date=2026-05-01&currency=EUR&country=IRL,QN07LAX-1239441612,Cabo Overnight & Ensenada,7,Quantum of the Seas,QN,"Los Angeles, California",LAX,"Los Angeles, California - Cabo San Lucas, Mexico - Cabo San Lucas, Mexico - Cabo San Lucas, Mexico - Ensenada, Mexico - Los Angeles, California",QN07LAX-1239441612-2026-08-21,2026-08-21,Sky Loft Suite,3009
2025-11-22T22:09:05.857590,"https://www.royalcaribbean.com/gbr/en/cruises?search=departurePort:BCN,BYE,FLL,LAX,MIA,ROM,SIN,YOK|nights:6~8,9~11,gte12|ship:AL,AN,HM,IC,LE,OA,OV,OY,QN,ST,SY,UT,WN&country=IRL&market=gbr&language=en",https://www.royalcaribbean.com/gbr/en/cruises/itinerary/7-night-cabo-overnight-ensenada-from-los-on-quantum/QN07LAX-1239441612?sail-date=2026-05-01&currency=EUR&country=IRL,QN07LAX-1239441612,Cabo Overnight & Ensenada,7,Quantum of the Seas,QN,"Los Angeles, California",LAX,"Los Angeles, California - Cabo San Lucas, Mexico - Cabo San Lucas, Mexico - Cabo San Lucas, Mexico - Ensenada, Mexico - Los Angeles, California",QN07LAX-1239441612-2026-08-21,2026-08-21,Grand Suite 2 Bedroom,3082
2025-11-22T22:09:05.857590,"https://www.royalcaribbean.com/gbr/en/cruises?search=departurePort:BCN,BYE,FLL,LAX,MIA,ROM,SIN,YOK|nights:6~8,9~11,gte12|ship:AL,AN,HM,IC,LE,OA,OV,OY,QN,ST,SY,UT,WN&country=IRL&market=gbr&language=en",https://www.royalcaribbean.com/gbr/en/cruises/itinerary/7-night-greek-isles-from-rome-on-odyssey/OY07ROM-3274971603?sail-date=2026-06-07&currency=EUR&country=IRL,OY07ROM-3274971603,Greek Isles Cruise,7,Odyssey of the Seas,OY,"Rome (Civitavecchia), Italy",ROM,"Rome (Civitavecchia), Italy - Santorini, Greece - Ephesus (Kusadasi), Turkey - Mykonos, Greece - Naples/Capri, Italy - Rome (Civitavecchia), Italy",OY07ROM-3274971603-2026-06-07,2026-06-07,Interior,1020
2025-11-22T22:09:05.857590,"https://www.royalcaribbean.com/gbr/en/cruises?search=departurePort:BCN,BYE,FLL,LAX,MIA,ROM,SIN,YOK|nights:6~8,9~11,gte12|ship:AL,AN,HM,IC,LE,OA,OV,OY,QN,ST,SY,UT,WN&country=IRL&market=gbr&language=en",https://www.royalcaribbean.com/gbr/en/cruises/itinerary/7-night-greek-isles-from-rome-on-odyssey/OY07ROM-3274971603?sail-date=2026-06-07&currency=EUR&country=IRL,OY07ROM-3274971603,Greek Isles Cruise,7,Odyssey of the Seas,OY,"Rome (Civitavecchia), Italy",ROM,"Rome (Civitavecchia), Italy - Santorini, Greece - Ephesus (Kusadasi), Turkey - Mykonos, Greece - Naples/Capri, Italy - Rome (Civitavecchia), Italy",OY07ROM-3274971603-2026-06-07,2026-06-07,Ocean View,1165
2025-11-22T22:09:05.857590,"https://www.royalcaribbean.com/gbr/en/cruises?search=departurePort:BCN,BYE,FLL,LAX,MIA,ROM,SIN,YOK|nights:6~8,9~11,gte12|ship:AL,AN,HM,IC,LE,OA,OV,OY,QN,ST,SY,UT,WN&country=IRL&market=gbr&language=en",https://www.royalcaribbean.com/gbr/en/cruises/itinerary/7-night-greek-isles-from-rome-on-odyssey/OY07ROM-3274971603?sail-date=2026-06-07&currency=EUR&country=IRL,OY07ROM-3274971603,Greek Isles Cruise,7,Odyssey of the Seas,OY,"Rome (Civitavecchia), Italy",ROM,"Rome (Civitavecchia), Italy - Santorini, Greece - Ephesus (Kusadasi), Turkey - Mykonos, Greece - Naples/Capri, Italy - Rome (Civitavecchia), Italy",OY07ROM-3274971603-2026-06-07,2026-06-07,Balcony,1468
2025-11-22T22:09:05.857590,"https://www.royalcaribbean.com/gbr/en/cruises?search=departurePort:BCN,BYE,FLL,LAX,MIA,ROM,SIN,YOK|nights:6~8,9~11,gte12|ship:AL,AN,HM,IC,LE,OA,OV,OY,QN,ST,SY,UT,WN&country=IRL&market=gbr&language=en",https://www.royalcaribbean.com/gbr/en/cruises/itinerary/7-night-greek-isles-from-rome-on-odyssey/OY07ROM-3274971603?sail-date=2026-06-07&currency=EUR&country=IRL,OY07ROM-3274971603,Greek Isles Cruise,7,Odyssey of the Seas,OY,"Rome (Civitavecchia), Italy",ROM,"Rome (Civitavecchia), Italy - Santorini, Greece - Ephesus (Kusadasi), Turkey - Mykonos, Greece - Naples/Capri, Italy - Rome (Civitavecchia), Italy",OY07ROM-3274971603-2026-06-07,2026-06-07,Suite Guarantee,3172
2025-11-22T22:09:05.857590,"https://www.royalcaribbean.com/gbr/en/cruises?search=departurePort:BCN,BYE,FLL,LAX,MIA,ROM,SIN,YOK|nights:6~8,9~11,gte12|ship:AL,AN,HM,IC,LE,OA,OV,OY,QN,ST,SY,UT,WN&country=IRL&market=gbr&language=en",https://www.royalcaribbean.com/gbr/en/cruises/itinerary/7-night-greek-isles-from-rome-on-odyssey/OY07ROM-3274971603?sail-date=2026-06-07&currency=EUR&country=IRL,OY07ROM-3274971603,Greek Isles Cruise,7,Odyssey of the Seas,OY,"Rome (Civitavecchia), Italy",ROM,"Rome (Civitavecchia), Italy - Santorini, Greece - Ephesus (Kusadasi), Turkey - Mykonos, Greece - Naples/Capri, Italy - Rome (Civitavecchia), Italy",OY07ROM-3274971603-2026-06-07,2026-06-07,Junior Suite,3172
2025-11-22T22:09:05.857590,"https://www.royalcaribbean.com/gbr/en/cruises?search=departurePort:BCN,BYE,FLL,LAX,MIA,ROM,SIN,YOK|nights:6~8,9~11,gte12|ship:AL,AN,HM,IC,LE,OA,OV,OY,QN,ST,SY,UT,WN&country=IRL&market=gbr&language=en",https://www.royalcaribbean.com/gbr/en/cruises/itinerary/7-night-greek-isles-from-rome-on-odyssey/OY07ROM-3274971603?sail-date=2026-06-07&currency=EUR&country=IRL,OY07ROM-3274971603,Greek Isles Cruise,7,Odyssey of the Seas,OY,"Rome (Civitavecchia), Italy",ROM,"Rome (Civitavecchia), Italy - Santorini, Greece - Ephesus (Kusadasi), Turkey - Mykonos, Greece - Naples/Capri, Italy - Rome (Civitavecchia), Italy",OY07ROM-3274971603-2026-05-03,2026-05-03,Interior,1179
2025-11-22T22:09:05.857590,"https://www.royalcaribbean.com/gbr/en/cruises?search=departurePort:BCN,BYE,FLL,LAX,MIA,ROM,SIN,YOK|nights:6~8,9~11,gte12|ship:AL,AN,HM,IC,LE,OA,OV,OY,QN,ST,SY,UT,WN&country=IRL&market=gbr&language=en",https://www.royalcaribbean.com/gbr/en/cruises/itinerary/7-night-greek-isles-from-rome-on-odyssey/OY07ROM-3274971603?sail-date=2026-06-07&currency=EUR&country=IRL,OY07ROM-3274971603,Greek Isles Cruise,7,Odyssey of the Seas,OY,"Rome (Civitavecchia), Italy",ROM,"Rome (Civitavecchia), Italy - Santorini, Greece - Ephesus (Kusadasi), Turkey - Mykonos, Greece - Naples/Capri, Italy - Rome (Civitavecchia), Italy",OY07ROM-3274971603-2026-05-03,2026-05-03,Ocean View,1315
2025-11-22T22:09:05.857590,"https://www.royalcaribbean.com/gbr/en/cruises?search=departurePort:BCN,BYE,FLL,LAX,MIA,ROM,SIN,YOK|nights:6~8,9~11,gte12|ship:AL,AN,HM,IC,LE,OA,OV,OY,QN,ST,SY,UT,WN&country=IRL&market=gbr&language=en",https://www.royalcaribbean.com/gbr/en/cruises/itinerary/7-night-greek-isles-from-rome-on-odyssey/OY07ROM-3274971603?sail-date=2026-06-07&currency=EUR&country=IRL,OY07ROM-3274971603,Greek Isles Cruise,7,Odyssey of the Seas,OY,"Rome (Civitavecchia), Italy",ROM,"Rome (Civitavecchia), Italy - Santorini, Greece - Ephesus (Kusadasi), Turkey - Mykonos, Greece - Naples/Capri, Italy - Rome (Civitavecchia), Italy",OY07ROM-3274971603-2026-05-03,2026-05-03,Balcony,1418
2025-11-22T22:09:05.857590,"https://www.royalcaribbean.com/gbr/en/cruises?search=departurePort:BCN,BYE,FLL,LAX,MIA,ROM,SIN,YOK|nights:6~8,9~11,gte12|ship:AL,AN,HM,IC,LE,OA,OV,OY,QN,ST,SY,UT,WN&country=IRL&market=gbr&language=en",https://www.royalcaribbean.com/gbr/en/cruises/itinerary/7-night-greek-isles-from-rome-on-odyssey/OY07ROM-3274971603?sail-date=2026-06-07&currency=EUR&country=IRL,OY07ROM-3274971603,Greek Isles Cruise,7,Odyssey of the Seas,OY,"Rome (Civitavecchia), Italy",ROM,"Rome (Civitavecchia), Italy - Santorini, Greece - Ephesus (Kusadasi), Turkey - Mykonos, Greece - Naples/Capri, Italy - Rome (Civitavecchia), Italy",OY07ROM-3274971603-2026-05-03,2026-05-03,Suite Guarantee,3454
2025-11-22T22:09:05.857590,"https://www.royalcaribbean.com/gbr/en/cruises?search=departurePort:BCN,BYE,FLL,LAX,MIA,ROM,SIN,YOK|nights:6~8,9~11,gte12|ship:AL,AN,HM,IC,LE,OA,OV,OY,QN,ST,SY,UT,WN&country=IRL&market=gbr&language=en",https://www.royalcaribbean.com/gbr/en/cruises/itinerary/7-night-greek-isles-from-rome-on-odyssey/OY07ROM-3274971603?sail-date=2026-06-07&currency=EUR&country=IRL,OY07ROM-3274971603,Greek Isles Cruise,7,Odyssey of the Seas,OY,"Rome (Civitavecchia), Italy",ROM,"Rome (Civitavecchia), Italy - Santorini, Greece - Ephesus (Kusadasi), Turkey - Mykonos, Greece - Naples/Capri, Italy - Rome (Civitavecchia), Italy",OY07ROM-3274971603-2026-05-03,2026-05-03,Junior Suite,3172
2025-11-22T22:09:05.857590,"https://www.royalcaribbean.com/gbr/en/cruises?search=departurePort:BCN,BYE,FLL,LAX,MIA,ROM,SIN,YOK|nights:6~8,9~11,gte12|ship:AL,AN,HM,IC,LE,OA,OV,OY,QN,ST,SY,UT,WN&country=IRL&market=gbr&language=en",https://www.royalcaribbean.com/gbr/en/cruises/itinerary/7-night-greek-isles-from-rome-on-odyssey/OY07ROM-3274971603?sail-date=2026-06-07&currency=EUR&country=IRL,OY07ROM-3274971603,Greek Isles Cruise,7,Odyssey of the Seas,OY,"Rome (Civitavecchia), Italy",ROM,"Rome (Civitavecchia), Italy - Santorini, Greece - Ephesus (Kusadasi), Turkey - Mykonos, Greece - Naples/Capri, Italy - Rome (Civitavecchia), Italy",OY07ROM-3274971603-2026-05-10,2026-05-10,Interior,1255
2025-11-22T22:09:05.857590,"https://www.royalcaribbean.com/gbr/en/cruises?search=departurePort:BCN,BYE,FLL,LAX,MIA,ROM,SIN,YOK|nights:6~8,9~11,gte12|ship:AL,AN,HM,IC,LE,OA,OV,OY,QN,ST,SY,UT,WN&country=IRL&market=gbr&language=en",https://www.royalcaribbean.com/gbr/en/cruises/itinerary/7-night-greek-isles-from-rome-on-odyssey/OY07ROM-3274971603?sail-date=2026-06-07&currency=EUR&country=IRL,OY07ROM-3274971603,Greek Isles Cruise,7,Odyssey of the Seas,OY,"Rome (Civitavecchia), Italy",ROM,"Rome (Civitavecchia), Italy - Santorini, Greece - Ephesus (Kusadasi), Turkey - Mykonos, Greece - Naples/Capri, Italy - Rome (Civitavecchia), Italy",OY07ROM-3274971603-2026-05-10,2026-05-10,Ocean View,1608
2025-11-22T22:09:05.857590,"https://www.royalcaribbean.com/gbr/en/cruises?search=departurePort:BCN,BYE,FLL,LAX,MIA,ROM,SIN,YOK|nights:6~8,9~11,gte12|ship:AL,AN,HM,IC,LE,OA,OV,OY,QN,ST,SY,UT,WN&country=IRL&market=gbr&language=en",https://www.royalcaribbean.com/gbr/en/cruises/itinerary/7-night-greek-isles-from-rome-on-odyssey/OY07ROM-3274971603?sail-date=2026-06-07&currency=EUR&country=IRL,OY07ROM-3274971603,Greek Isles Cruise,7,Odyssey of the Seas,OY,"Rome (Civitavecchia), Italy",ROM,"Rome (Civitavecchia), Italy - Santorini, Greece - Ephesus (Kusadasi), Turkey - Mykonos, Greece - Naples/Capri, Italy - Rome (Civitavecchia), Italy",OY07ROM-3274971603-2026-05-10,2026-05-10,Balcony,1425
2025-11-22T22:09:05.857590,"https://www.royalcaribbean.com/gbr/en/cruises?search=departurePort:BCN,BYE,FLL,LAX,MIA,ROM,SIN,YOK|nights:6~8,9~11,gte12|ship:AL,AN,HM,IC,LE,OA,OV,OY,QN,ST,SY,UT,WN&country=IRL&market=gbr&language=en",https://www.royalcaribbean.com/gbr/en/cruises/itinerary/7-night-greek-isles-from-rome-on-odyssey/OY07ROM-3274971603?sail-date=2026-06-07&currency=EUR&country=IRL,OY07ROM-3274971603,Greek Isles Cruise,7,Odyssey of the Seas,OY,"Rome (Civitavecchia), Italy",ROM,"Rome (Civitavecchia), Italy - Santorini, Greece - Ephesus (Kusadasi), Turkey - Mykonos, Greece - Naples/Capri, Italy - Rome (Civitavecchia), Italy",OY07ROM-3274971603-2026-05-10,2026-05-10,Suite Guarantee,2125
2025-11-22T22:09:05.857590,"https://www.royalcaribbean.com/gbr/en/cruises?search=departurePort:BCN,BYE,FLL,LAX,MIA,ROM,SIN,YOK|nights:6~8,9~11,gte12|ship:AL,AN,HM,IC,LE,OA,OV,OY,QN,ST,SY,UT,WN&country=IRL&market=gbr&language=en",https://www.royalcaribbean.com/gbr/en/cruises/itinerary/7-night-greek-isles-from-rome-on-odyssey/OY07ROM-3274971603?sail-date=2026-06-07&currency=EUR&country=IRL,OY07ROM-3274971603,Greek Isles Cruise,7,Odyssey of the Seas,OY,"Rome (Civitavecchia), Italy",ROM,"Rome (Civitavecchia), Italy - Santorini, Greece - Ephesus (Kusadasi), Turkey - Mykonos, Greece - Naples/Capri, Italy - Rome (Civitavecchia), Italy",OY07ROM-3274971603-2026-05-10,2026-05-10,Junior Suite,3172
2025-11-22T22:09:05.857590,"https://www.royalcaribbean.com/gbr/en/cruises?search=departurePort:BCN,BYE,FLL,LAX,MIA,ROM,SIN,YOK|nights:6~8,9~11,gte12|ship:AL,AN,HM,IC,LE,OA,OV,OY,QN,ST,SY,UT,WN&country=IRL&market=gbr&language=en",https://www.royalcaribbean.com/gbr/en/cruises/itinerary/7-night-greek-isles-from-rome-on-odyssey/OY07ROM-3274971603?sail-date=2026-06-07&currency=EUR&country=IRL,OY07ROM-3274971603,Greek Isles Cruise,7,Odyssey of the Seas,OY,"Rome (Civitavecchia), Italy",ROM,"Rome (Civitavecchia), Italy - Santorini, Greece - Ephesus (Kusadasi), Turkey - Mykonos, Greece - Naples/Capri, Italy - Rome (Civitavecchia), Italy",OY07ROM-3274971603-2026-05-17,2026-05-17,Interior,1356
2025-11-22T22:09:05.857590,"https://www.royalcaribbean.com/gbr/en/cruises?search=departurePort:BCN,BYE,FLL,LAX,MIA,ROM,SIN,YOK|nights:6~8,9~11,gte12|ship:AL,AN,HM,IC,LE,OA,OV,OY,QN,ST,SY,UT,WN&country=IRL&market=gbr&language=en",https://www.royalcaribbean.com/gbr/en/cruises/itinerary/7-night-greek-isles-from-rome-on-odyssey/OY07ROM-3274971603?sail-date=2026-06-07&currency=EUR&country=IRL,OY07ROM-3274971603,Greek Isles Cruise,7,Odyssey of the Seas,OY,"Rome (Civitavecchia), Italy",ROM,"Rome (Civitavecchia), Italy - Santorini, Greece - Ephesus (Kusadasi), Turkey - Mykonos, Greece - Naples/Capri, Italy - Rome (Civitavecchia), Italy",OY07ROM-3274971603-2026-05-17,2026-05-17,Ocean View,1598
2025-11-22T22:09:05.857590,"https://www.royalcaribbean.com/gbr/en/cruises?search=departurePort:BCN,BYE,FLL,LAX,MIA,ROM,SIN,YOK|nights:6~8,9~11,gte12|ship:AL,AN,HM,IC,LE,OA,OV,OY,QN,ST,SY,UT,WN&country=IRL&market=gbr&language=en",https://www.royalcaribbean.com/gbr/en/cruises/itinerary/7-night-greek-isles-from-rome-on-odyssey/OY07ROM-3274971603?sail-date=2026-06-07&currency=EUR&country=IRL,OY07ROM-3274971603,Greek Isles Cruise,7,Odyssey of the Seas,OY,"Rome (Civitavecchia), Italy",ROM,"Rome (Civitavecchia), Italy - Santorini, Greece - Ephesus (Kusadasi), Turkey - Mykonos, Greece - Naples/Capri, Italy - Rome (Civitavecchia), Italy",OY07ROM-3274971603-2026-05-17,2026-05-17,Balcony,1462
2025-11-22T22:09:05.857590,"https://www.royalcaribbean.com/gbr/en/cruises?search=departurePort:BCN,BYE,FLL,LAX,MIA,ROM,SIN,YOK|nights:6~8,9~11,gte12|ship:AL,AN,HM,IC,LE,OA,OV,OY,QN,ST,SY,UT,WN&country=IRL&market=gbr&language=en",https://www.royalcaribbean.com/gbr/en/cruises/itinerary/7-night-greek-isles-from-rome-on-odyssey/OY07ROM-3274971603?sail-date=2026-06-07&currency=EUR&country=IRL,OY07ROM-3274971603,Greek Isles Cruise,7,Odyssey of the Seas,OY,"Rome (Civitavecchia), Italy",ROM,"Rome (Civitavecchia), Italy - Santorini, Greece - Ephesus (Kusadasi), Turkey - Mykonos, Greece - Naples/Capri, Italy - Rome (Civitavecchia), Italy",OY07ROM-3274971603-2026-05-17,2026-05-17,Suite Guarantee,2093
2025-11-22T22:09:05.857590,"https://www.royalcaribbean.com/gbr/en/cruises?search=departurePort:BCN,BYE,FLL,LAX,MIA,ROM,SIN,YOK|nights:6~8,9~11,gte12|ship:AL,AN,HM,IC,LE,OA,OV,OY,QN,ST,SY,UT,WN&country=IRL&market=gbr&language=en",https://www.royalcaribbean.com/gbr/en/cruises/itinerary/7-night-greek-isles-from-rome-on-odyssey/OY07ROM-3274971603?sail-date=2026-06-07&currency=EUR&country=IRL,OY07ROM-3274971603,Greek Isles Cruise,7,Odyssey of the Seas,OY,"Rome (Civitavecchia), Italy",ROM,"Rome (Civitavecchia), Italy - Santorini, Greece - Ephesus (Kusadasi), Turkey - Mykonos, Greece - Naples/Capri, Italy - Rome (Civitavecchia), Italy",OY07ROM-3274971603-2026-05-17,2026-05-17,Junior Suite,3172
2025-11-22T22:09:05.857590,"https://www.royalcaribbean.com/gbr/en/cruises?search=departurePort:BCN,BYE,FLL,LAX,MIA,ROM,SIN,YOK|nights:6~8,9~11,gte12|ship:AL,AN,HM,IC,LE,OA,OV,OY,QN,ST,SY,UT,WN&country=IRL&market=gbr&language=en",https://www.royalcaribbean.com/gbr/en/cruises/itinerary/7-night-greek-isles-from-rome-on-odyssey/OY07ROM-3274971603?sail-date=2026-06-07&currency=EUR&country=IRL,OY07ROM-3274971603,Greek Isles Cruise,7,Odyssey of the Seas,OY,"Rome (Civitavecchia), Italy",ROM,"Rome (Civitavecchia), Italy - Santorini, Greece - Ephesus (Kusadasi), Turkey - Mykonos, Greece - Naples/Capri, Italy - Rome (Civitavecchia), Italy",OY07ROM-3274971603-2026-05-24,2026-05-24,Interior,1224
2025-11-22T22:09:05.857590,"https://www.royalcaribbean.com/gbr/en/cruises?search=departurePort:BCN,BYE,FLL,LAX,MIA,ROM,SIN,YOK|nights:6~8,9~11,gte12|ship:AL,AN,HM,IC,LE,OA,OV,OY,QN,ST,SY,UT,WN&country=IRL&market=gbr&language=en",https://www.royalcaribbean.com/gbr/en/cruises/itinerary/7-night-greek-isles-from-rome-on-odyssey/OY07ROM-3274971603?sail-date=2026-06-07&currency=EUR&country=IRL,OY07ROM-3274971603,Greek Isles Cruise,7,Odyssey of the Seas,OY,"Rome (Civitavecchia), Italy",ROM,"Rome (Civitavecchia), Italy - Santorini, Greece - Ephesus (Kusadasi), Turkey - Mykonos, Greece - Naples/Capri, Italy - Rome (Civitavecchia), Italy",OY07ROM-3274971603-2026-05-24,2026-05-24,Ocean View,1351
2025-11-22T22:09:05.857590,"https://www.royalcaribbean.com/gbr/en/cruises?search=departurePort:BCN,BYE,FLL,LAX,MIA,ROM,SIN,YOK|nights:6~8,9~11,gte12|ship:AL,AN,HM,IC,LE,OA,OV,OY,QN,ST,SY,UT,WN&country=IRL&market=gbr&language=en",https://www.royalcaribbean.com/gbr/en/cruises/itinerary/7-night-greek-isles-from-rome-on-odyssey/OY07ROM-3274971603?sail-date=2026-06-07&currency=EUR&country=IRL,OY07ROM-3274971603,Greek Isles Cruise,7,Odyssey of the Seas,OY,"Rome (Civitavecchia), Italy",ROM,"Rome (Civitavecchia), Italy - Santorini, Greece - Ephesus (Kusadasi), Turkey - Mykonos, Greece - Naples/Capri, Italy - Rome (Civitavecchia), Italy",OY07ROM-3274971603-2026-05-24,2026-05-24,Balcony,1503
2025-11-22T22:09:05.857590,"https://www.royalcaribbean.com/gbr/en/cruises?search=departurePort:BCN,BYE,FLL,LAX,MIA,ROM,SIN,YOK|nights:6~8,9~11,gte12|ship:AL,AN,HM,IC,LE,OA,OV,OY,QN,ST,SY,UT,WN&country=IRL&market=gbr&language=en",https://www.royalcaribbean.com/gbr/en/cruises/itinerary/7-night-greek-isles-from-rome-on-odyssey/OY07ROM-3274971603?sail-date=2026-06-07&currency=EUR&country=IRL,OY07ROM-3274971603,Greek Isles Cruise,7,Odyssey of the Seas,OY,"Rome (Civitavecchia), Italy",ROM,"Rome (Civitavecchia), Italy - Santorini, Greece - Ephesus (Kusadasi), Turkey - Mykonos, Greece - Naples/Capri, Italy - Rome (Civitavecchia), Italy",OY07ROM-3274971603-2026-05-24,2026-05-24,Suite Guarantee,3294
2025-11-22T22:09:05.857590,"https://www.royalcaribbean.com/gbr/en/cruises?search=departurePort:BCN,BYE,FLL,LAX,MIA,ROM,SIN,YOK|nights:6~8,9~11,gte12|ship:AL,AN,HM,IC,LE,OA,OV,OY,QN,ST,SY,UT,WN&country=IRL&market=gbr&language=en",https://www.royalcaribbean.com/gbr/en/cruises/itinerary/7-night-greek-isles-from-rome-on-odyssey/OY07ROM-3274971603?sail-date=2026-06-07&currency=EUR&country=IRL,OY07ROM-3274971603,Greek Isles Cruise,7,Odyssey of the Seas,OY,"Rome (Civitavecchia), Italy",ROM,"Rome (Civitavecchia), Italy - Santorini, Greece - Ephesus (Kusadasi), Turkey - Mykonos, Greece - Naples/Capri, Italy - Rome (Civitavecchia), Italy",OY07ROM-3274971603-2026-05-24,2026-05-24,Junior Suite,3172
2025-11-22T22:09:05.857590,"https://www.royalcaribbean.com/gbr/en/cruises?search=departurePort:BCN,BYE,FLL,LAX,MIA,ROM,SIN,YOK|nights:6~8,9~11,gte12|ship:AL,AN,HM,IC,LE,OA,OV,OY,QN,ST,SY,UT,WN&country=IRL&market=gbr&language=en",https://www.royalcaribbean.com/gbr/en/cruises/itinerary/7-night-western-caribbean-perfect-day-from-miami-on-icon/IC07MIA-1694717396?sail-date=2025-11-29&currency=EUR&country=IRL,IC07MIA-1694717396,Western Caribbean & Perfect Day,7,Icon of the Seas,IC,"Miami, Florida",MIA,"Miami, Florida - Puerto Costa Maya, Mexico - Roatan, Honduras - Cozumel, Mexico - Perfect Day at CocoCay, Bahamas - Miami, Florida",IC07MIA-1694717396-2025-11-29,2025-11-29,Interior,1017
2025-11-22T22:09:05.857590,"https://www.royalcaribbean.com/gbr/en/cruises?search=departurePort:BCN,BYE,FLL,LAX,MIA,ROM,SIN,YOK|nights:6~8,9~11,gte12|ship:AL,AN,HM,IC,LE,OA,OV,OY,QN,ST,SY,UT,WN&country=IRL&market=gbr&language=en",https://www.royalcaribbean.com/gbr/en/cruises/itinerary/7-night-western-caribbean-perfect-day-from-miami-on-icon/IC07MIA-1694717396?sail-date=2025-11-29&currency=EUR&country=IRL,IC07MIA-1694717396,Western Caribbean & Perfect Day,7,Icon of the Seas,IC,"Miami, Florida",MIA,"Miami, Florida - Puerto Costa Maya, Mexico - Roatan, Honduras - Cozumel, Mexico - Perfect Day at CocoCay, Bahamas - Miami, Florida",IC07MIA-1694717396-2025-11-29,2025-11-29,Ocean View,1125
2025-11-22T22:09:05.857590,"https://www.royalcaribbean.com/gbr/en/cruises?search=departurePort:BCN,BYE,FLL,LAX,MIA,ROM,SIN,YOK|nights:6~8,9~11,gte12|ship:AL,AN,HM,IC,LE,OA,OV,OY,QN,ST,SY,UT,WN&country=IRL&market=gbr&language=en",https://www.royalcaribbean.com/gbr/en/cruises/itinerary/7-night-western-caribbean-perfect-day-from-miami-on-icon/IC07MIA-1694717396?sail-date=2025-11-29&currency=EUR&country=IRL,IC07MIA-1694717396,Western Caribbean & Perfect Day,7,Icon of the Seas,IC,"Miami, Florida",MIA,"Miami, Florida - Puerto Costa Maya, Mexico - Roatan, Honduras - Cozumel, Mexico - Perfect Day at CocoCay, Bahamas - Miami, Florida",IC07MIA-1694717396-2025-11-29,2025-11-29,Balcony,1167
2025-11-22T22:09:05.857590,"https://www.royalcaribbean.com/gbr/en/cruises?search=departurePort:BCN,BYE,FLL,LAX,MIA,ROM,SIN,YOK|nights:6~8,9~11,gte12|ship:AL,AN,HM,IC,LE,OA,OV,OY,QN,ST,SY,UT,WN&country=IRL&market=gbr&language=en",https://www.royalcaribbean.com/gbr/en/cruises/itinerary/7-night-western-caribbean-perfect-day-from-miami-on-icon/IC07MIA-1694717396?sail-date=2025-11-29&currency=EUR&country=IRL,IC07MIA-1694717396,Western Caribbean & Perfect Day,7,Icon of the Seas,IC,"Miami, Florida",MIA,"Miami, Florida - Puerto Costa Maya, Mexico - Roatan, Honduras - Cozumel, Mexico - Perfect Day at CocoCay, Bahamas - Miami, Florida",IC07MIA-1694717396-2025-11-29,2025-11-29,Suite Guarantee,1998
2025-11-22T22:09:05.857590,"https://www.royalcaribbean.com/gbr/en/cruises?search=departurePort:BCN,BYE,FLL,LAX,MIA,ROM,SIN,YOK|nights:6~8,9~11,gte12|ship:AL,AN,HM,IC,LE,OA,OV,OY,QN,ST,SY,UT,WN&country=IRL&market=gbr&language=en",https://www.royalcaribbean.com/gbr/en/cruises/itinerary/7-night-western-caribbean-perfect-day-from-miami-on-icon/IC07MIA-1694717396?sail-date=2025-11-29&currency=EUR&country=IRL,IC07MIA-1694717396,Western Caribbean & Perfect Day,7,Icon of the Seas,IC,"Miami, Florida",MIA,"Miami, Florida - Puerto Costa Maya, Mexico - Roatan, Honduras - Cozumel, Mexico - Perfect Day at CocoCay, Bahamas - Miami, Florida",IC07MIA-1694717396-2025-11-29,2025-11-29,We Choose Your Suite,1998
2025-11-22T22:09:05.857590,"https://www.royalcaribbean.com/gbr/en/cruises?search=departurePort:BCN,BYE,FLL,LAX,MIA,ROM,SIN,YOK|nights:6~8,9~11,gte12|ship:AL,AN,HM,IC,LE,OA,OV,OY,QN,ST,SY,UT,WN&country=IRL&market=gbr&language=en",https://www.royalcaribbean.com/gbr/en/cruises/itinerary/7-night-western-caribbean-perfect-day-from-miami-on-icon/IC07MIA-1694717396?sail-date=2025-11-29&currency=EUR&country=IRL,IC07MIA-1694717396,Western Caribbean & Perfect Day,7,Icon of the Seas,IC,"Miami, Florida",MIA,"Miami, Florida - Puerto Costa Maya, Mexico - Roatan, Honduras - Cozumel, Mexico - Perfect Day at CocoCay, Bahamas - Miami, Florida",IC07MIA-1694717396-2025-11-29,2025-11-29,Surfside Family Suite,2148
2025-11-22T22:09:05.857590,"https://www.royalcaribbean.com/gbr/en/cruises?search=departurePort:BCN,BYE,FLL,LAX,MIA,ROM,SIN,YOK|nights:6~8,9~11,gte12|ship:AL,AN,HM,IC,LE,OA,OV,OY,QN,ST,SY,UT,WN&country=IRL&market=gbr&language=en",https://www.royalcaribbean.com/gbr/en/cruises/itinerary/7-night-western-caribbean-perfect-day-from-miami-on-icon/IC07MIA-1694717396?sail-date=2025-11-29&currency=EUR&country=IRL,IC07MIA-1694717396,Western Caribbean & Perfect Day,7,Icon of the Seas,IC,"Miami, Florida",MIA,"Miami, Florida - Puerto Costa Maya, Mexico - Roatan, Honduras - Cozumel, Mexico - Perfect Day at CocoCay, Bahamas - Miami, Florida",IC07MIA-1694717396-2025-11-29,2025-11-29,Interior,1017
2025-11-22T22:09:05.857590,"https://www.royalcaribbean.com/gbr/en/cruises?search=departurePort:BCN,BYE,FLL,LAX,MIA,ROM,SIN,YOK|nights:6~8,9~11,gte12|ship:AL,AN,HM,IC,LE,OA,OV,OY,QN,ST,SY,UT,WN&country=IRL&market=gbr&language=en",https://www.royalcaribbean.com/gbr/en/cruises/itinerary/7-night-western-caribbean-perfect-day-from-miami-on-icon/IC07MIA-1694717396?sail-date=2025-11-29&currency=EUR&country=IRL,IC07MIA-1694717396,Western Caribbean & Perfect Day,7,Icon of the Seas,IC,"Miami, Florida",MIA,"Miami, Florida - Puerto Costa Maya, Mexico - Roatan, Honduras - Cozumel, Mexico - Perfect Day at CocoCay, Bahamas - Miami, Florida",IC07MIA-1694717396-2025-11-29,2025-11-29,Ocean View,1125
2025-11-22T22:09:05.857590,"https://www.royalcaribbean.com/gbr/en/cruises?search=departurePort:BCN,BYE,FLL,LAX,MIA,ROM,SIN,YOK|nights:6~8,9~11,gte12|ship:AL,AN,HM,IC,LE,OA,OV,OY,QN,ST,SY,UT,WN&country=IRL&market=gbr&language=en",https://www.royalcaribbean.com/gbr/en/cruises/itinerary/7-night-western-caribbean-perfect-day-from-miami-on-icon/IC07MIA-1694717396?sail-date=2025-11-29&currency=EUR&country=IRL,IC07MIA-1694717396,Western Caribbean & Perfect Day,7,Icon of the Seas,IC,"Miami, Florida",MIA,"Miami, Florida - Puerto Costa Maya, Mexico - Roatan, Honduras - Cozumel, Mexico - Perfect Day at CocoCay, Bahamas - Miami, Florida",IC07MIA-1694717396-2025-11-29,2025-11-29,Balcony,1167
2025-11-22T22:09:05.857590,"https://www.royalcaribbean.com/gbr/en/cruises?search=departurePort:BCN,BYE,FLL,LAX,MIA,ROM,SIN,YOK|nights:6~8,9~11,gte12|ship:AL,AN,HM,IC,LE,OA,OV,OY,QN,ST,SY,UT,WN&country=IRL&market=gbr&language=en",https://www.royalcaribbean.com/gbr/en/cruises/itinerary/7-night-western-caribbean-perfect-day-from-miami-on-icon/IC07MIA-1694717396?sail-date=2025-11-29&currency=EUR&country=IRL,IC07MIA-1694717396,Western Caribbean & Perfect Day,7,Icon of the Seas,IC,"Miami, Florida",MIA,"Miami, Florida - Puerto Costa Maya, Mexico - Roatan, Honduras - Cozumel, Mexico - Perfect Day at CocoCay, Bahamas - Miami, Florida",IC07MIA-1694717396-2025-11-29,2025-11-29,Suite Guarantee,1998
2025-11-22T22:09:05.857590,"https://www.royalcaribbean.com/gbr/en/cruises?search=departurePort:BCN,BYE,FLL,LAX,MIA,ROM,SIN,YOK|nights:6~8,9~11,gte12|ship:AL,AN,HM,IC,LE,OA,OV,OY,QN,ST,SY,UT,WN&country=IRL&market=gbr&language=en",https://www.royalcaribbean.com/gbr/en/cruises/itinerary/7-night-western-caribbean-perfect-day-from-miami-on-icon/IC07MIA-1694717396?sail-date=2025-11-29&currency=EUR&country=IRL,IC07MIA-1694717396,Western Caribbean & Perfect Day,7,Icon of the Seas,IC,"Miami, Florida",MIA,"Miami, Florida - Puerto Costa Maya, Mexico - Roatan, Honduras - Cozumel, Mexico - Perfect Day at CocoCay, Bahamas - Miami, Florida",IC07MIA-1694717396-2025-11-29,2025-11-29,We Choose Your Suite,1998
2025-11-22T22:09:05.857590,"https://www.royalcaribbean.com/gbr/en/cruises?search=departurePort:BCN,BYE,FLL,LAX,MIA,ROM,SIN,YOK|nights:6~8,9~11,gte12|ship:AL,AN,HM,IC,LE,OA,OV,OY,QN,ST,SY,UT,WN&country=IRL&market=gbr&language=en",https://www.royalcaribbean.com/gbr/en/cruises/itinerary/7-night-western-caribbean-perfect-day-from-miami-on-icon/IC07MIA-1694717396?sail-date=2025-11-29&currency=EUR&country=IRL,IC07MIA-1694717396,Western Caribbean & Perfect Day,7,Icon of the Seas,IC,"Miami, Florida",MIA,"Miami, Florida - Puerto Costa Maya, Mexico - Roatan, Honduras - Cozumel, Mexico - Perfect Day at CocoCay, Bahamas - Miami, Florida",IC07MIA-1694717396-2025-11-29,2025-11-29,Surfside Family Suite,2148
2025-11-22T22:09:05.857590,"https://www.royalcaribbean.com/gbr/en/cruises?search=departurePort:BCN,BYE,FLL,LAX,MIA,ROM,SIN,YOK|nights:6~8,9~11,gte12|ship:AL,AN,HM,IC,LE,OA,OV,OY,QN,ST,SY,UT,WN&country=IRL&market=gbr&language=en",https://www.royalcaribbean.com/gbr/en/cruises/itinerary/7-night-western-caribbean-perfect-day-from-miami-on-icon/IC07MIA-1694717396?sail-date=2025-11-29&currency=EUR&country=IRL,IC07MIA-1694717396,Western Caribbean & Perfect Day,7,Icon of the Seas,IC,"Miami, Florida",MIA,"Miami, Florida - Puerto Costa Maya, Mexico - Roatan, Honduras - Cozumel, Mexico - Perfect Day at CocoCay, Bahamas - Miami, Florida",IC07MIA-1694717396-2025-12-13,2025-12-13,Interior,1737
2025-11-22T22:09:05.857590,"https://www.royalcaribbean.com/gbr/en/cruises?search=departurePort:BCN,BYE,FLL,LAX,MIA,ROM,SIN,YOK|nights:6~8,9~11,gte12|ship:AL,AN,HM,IC,LE,OA,OV,OY,QN,ST,SY,UT,WN&country=IRL&market=gbr&language=en",https://www.royalcaribbean.com/gbr/en/cruises/itinerary/7-night-western-caribbean-perfect-day-from-miami-on-icon/IC07MIA-1694717396?sail-date=2025-11-29&currency=EUR&country=IRL,IC07MIA-1694717396,Western Caribbean & Perfect Day,7,Icon of the Seas,IC,"Miami, Florida",MIA,"Miami, Florida - Puerto Costa Maya, Mexico - Roatan, Honduras - Cozumel, Mexico - Perfect Day at CocoCay, Bahamas - Miami, Florida",IC07MIA-1694717396-2025-12-13,2025-12-13,Ocean View,2244
2025-11-22T22:09:05.857590,"https://www.royalcaribbean.com/gbr/en/cruises?search=departurePort:BCN,BYE,FLL,LAX,MIA,ROM,SIN,YOK|nights:6~8,9~11,gte12|ship:AL,AN,HM,IC,LE,OA,OV,OY,QN,ST,SY,UT,WN&country=IRL&market=gbr&language=en",https://www.royalcaribbean.com/gbr/en/cruises/itinerary/7-night-western-caribbean-perfect-day-from-miami-on-icon/IC07MIA-1694717396?sail-date=2025-11-29&currency=EUR&country=IRL,IC07MIA-1694717396,Western Caribbean & Perfect Day,7,Icon of the Seas,IC,"Miami, Florida",MIA,"Miami, Florida - Puerto Costa Maya, Mexico - Roatan, Honduras - Cozumel, Mexico - Perfect Day at CocoCay, Bahamas - Miami, Florida",IC07MIA-1694717396-2025-12-13,2025-12-13,Suite Guarantee,4057
2025-11-22T22:09:05.857590,"https://www.royalcaribbean.com/gbr/en/cruises?search=departurePort:BCN,BYE,FLL,LAX,MIA,ROM,SIN,YOK|nights:6~8,9~11,gte12|ship:AL,AN,HM,IC,LE,OA,OV,OY,QN,ST,SY,UT,WN&country=IRL&market=gbr&language=en",https://www.royalcaribbean.com/gbr/en/cruises/itinerary/7-night-western-caribbean-perfect-day-from-miami-on-icon/IC07MIA-1694717396?sail-date=2025-11-29&currency=EUR&country=IRL,IC07MIA-1694717396,Western Caribbean & Perfect Day,7,Icon of the Seas,IC,"Miami, Florida",MIA,"Miami, Florida - Puerto Costa Maya, Mexico - Roatan, Honduras - Cozumel, Mexico - Perfect Day at CocoCay, Bahamas - Miami, Florida",IC07MIA-1694717396-2025-12-13,2025-12-13,We Choose Your Suite,1998
2025-11-22T22:09:05.857590,"https://www.royalcaribbean.com/gbr/en/cruises?search=departurePort:BCN,BYE,FLL,LAX,MIA,ROM,SIN,YOK|nights:6~8,9~11,gte12|ship:AL,AN,HM,IC,LE,OA,OV,OY,QN,ST,SY,UT,WN&country=IRL&market=gbr&language=en",https://www.royalcaribbean.com/gbr/en/cruises/itinerary/7-night-western-caribbean-perfect-day-from-miami-on-icon/IC07MIA-1694717396?sail-date=2025-11-29&currency=EUR&country=IRL,IC07MIA-1694717396,Western Caribbean & Perfect Day,7,Icon of the Seas,IC,"Miami, Florida",MIA,"Miami, Florida - Puerto Costa Maya, Mexico - Roatan, Honduras - Cozumel, Mexico - Perfect Day at CocoCay, Bahamas - Miami, Florida",IC07MIA-1694717396-2025-12-13,2025-12-13,Surfside Family Suite,2148
2025-11-22T22:09:05.857590,"https://www.royalcaribbean.com/gbr/en/cruises?search=departurePort:BCN,BYE,FLL,LAX,MIA,ROM,SIN,YOK|nights:6~8,9~11,gte12|ship:AL,AN,HM,IC,LE,OA,OV,OY,QN,ST,SY,UT,WN&country=IRL&market=gbr&language=en",https://www.royalcaribbean.com/gbr/en/cruises/itinerary/7-night-western-caribbean-perfect-day-from-miami-on-icon/IC07MIA-1694717396?sail-date=2025-11-29&currency=EUR&country=IRL,IC07MIA-1694717396,Western Caribbean & Perfect Day,7,Icon of the Seas,IC,"Miami, Florida",MIA,"Miami, Florida - Puerto Costa Maya, Mexico - Roatan, Honduras - Cozumel, Mexico - Perfect Day at CocoCay, Bahamas - Miami, Florida",IC07MIA-1694717396-2025-12-27,2025-12-27,Interior,2462
2025-11-22T22:09:05.857590,"https://www.royalcaribbean.com/gbr/en/cruises?search=departurePort:BCN,BYE,FLL,LAX,MIA,ROM,SIN,YOK|nights:6~8,9~11,gte12|ship:AL,AN,HM,IC,LE,OA,OV,OY,QN,ST,SY,UT,WN&country=IRL&market=gbr&language=en",https://www.royalcaribbean.com/gbr/en/cruises/itinerary/7-night-western-caribbean-perfect-day-from-miami-on-icon/IC07MIA-1694717396?sail-date=2025-11-29&currency=EUR&country=IRL,IC07MIA-1694717396,Western Caribbean & Perfect Day,7,Icon of the Seas,IC,"Miami, Florida",MIA,"Miami, Florida - Puerto Costa Maya, Mexico - Roatan, Honduras - Cozumel, Mexico - Perfect Day at CocoCay, Bahamas - Miami, Florida",IC07MIA-1694717396-2025-12-27,2025-12-27,Ocean View,2842
2025-11-22T22:09:05.857590,"https://www.royalcaribbean.com/gbr/en/cruises?search=departurePort:BCN,BYE,FLL,LAX,MIA,ROM,SIN,YOK|nights:6~8,9~11,gte12|ship:AL,AN,HM,IC,LE,OA,OV,OY,QN,ST,SY,UT,WN&country=IRL&market=gbr&language=en",https://www.royalcaribbean.com/gbr/en/cruises/itinerary/7-night-western-caribbean-perfect-day-from-miami-on-icon/IC07MIA-1694717396?sail-date=2025-11-29&currency=EUR&country=IRL,IC07MIA-1694717396,Western Caribbean & Perfect Day,7,Icon of the Seas,IC,"Miami, Florida",MIA,"Miami, Florida - Puerto Costa Maya, Mexico - Roatan, Honduras - Cozumel, Mexico - Perfect Day at CocoCay, Bahamas - Miami, Florida",IC07MIA-1694717396-2025-12-27,2025-12-27,Balcony,2932
2025-11-22T22:09:05.857590,"https://www.royalcaribbean.com/gbr/en/cruises?search=departurePort:BCN,BYE,FLL,LAX,MIA,ROM,SIN,YOK|nights:6~8,9~11,gte12|ship:AL,AN,HM,IC,LE,OA,OV,OY,QN,ST,SY,UT,WN&country=IRL&market=gbr&language=en",https://www.royalcaribbean.com/gbr/en/cruises/itinerary/7-night-western-caribbean-perfect-day-from-miami-on-icon/IC07MIA-1694717396?sail-date=2025-11-29&currency=EUR&country=IRL,IC07MIA-1694717396,Western Caribbean & Perfect Day,7,Icon of the Seas,IC,"Miami, Florida",MIA,"Miami, Florida - Puerto Costa Maya, Mexico - Roatan, Honduras - Cozumel, Mexico - Perfect Day at CocoCay, Bahamas - Miami, Florida",IC07MIA-1694717396-2026-01-10,2026-01-10,Interior,1299
2025-11-22T22:09:05.857590,"https://www.royalcaribbean.com/gbr/en/cruises?search=departurePort:BCN,BYE,FLL,LAX,MIA,ROM,SIN,YOK|nights:6~8,9~11,gte12|ship:AL,AN,HM,IC,LE,OA,OV,OY,QN,ST,SY,UT,WN&country=IRL&market=gbr&language=en",https://www.royalcaribbean.com/gbr/en/cruises/itinerary/7-night-western-caribbean-perfect-day-from-miami-on-icon/IC07MIA-1694717396?sail-date=2025-11-29&currency=EUR&country=IRL,IC07MIA-1694717396,Western Caribbean & Perfect Day,7,Icon of the Seas,IC,"Miami, Florida",MIA,"Miami, Florida - Puerto Costa Maya, Mexico - Roatan, Honduras - Cozumel, Mexico - Perfect Day at CocoCay, Bahamas - Miami, Florida",IC07MIA-1694717396-2026-01-10,2026-01-10,Balcony,1652
2025-11-22T22:09:05.857590,"https://www.royalcaribbean.com/gbr/en/cruises?search=departurePort:BCN,BYE,FLL,LAX,MIA,ROM,SIN,YOK|nights:6~8,9~11,gte12|ship:AL,AN,HM,IC,LE,OA,OV,OY,QN,ST,SY,UT,WN&country=IRL&market=gbr&language=en",https://www.royalcaribbean.com/gbr/en/cruises/itinerary/7-night-western-caribbean-perfect-day-from-miami-on-icon/IC07MIA-1694717396?sail-date=2025-11-29&currency=EUR&country=IRL,IC07MIA-1694717396,Western Caribbean & Perfect Day,7,Icon of the Seas,IC,"Miami, Florida",MIA,"Miami, Florida - Puerto Costa Maya, Mexico - Roatan, Honduras - Cozumel, Mexico - Perfect Day at CocoCay, Bahamas - Miami, Florida",IC07MIA-1694717396-2026-01-10,2026-01-10,Suite Guarantee,2698
2025-11-22T22:09:05.857590,"https://www.royalcaribbean.com/gbr/en/cruises?search=departurePort:BCN,BYE,FLL,LAX,MIA,ROM,SIN,YOK|nights:6~8,9~11,gte12|ship:AL,AN,HM,IC,LE,OA,OV,OY,QN,ST,SY,UT,WN&country=IRL&market=gbr&language=en",https://www.royalcaribbean.com/gbr/en/cruises/itinerary/7-night-western-caribbean-perfect-day-from-miami-on-icon/IC07MIA-1694717396?sail-date=2025-11-29&currency=EUR&country=IRL,IC07MIA-1694717396,Western Caribbean & Perfect Day,7,Icon of the Seas,IC,"Miami, Florida",MIA,"Miami, Florida - Puerto Costa Maya, Mexico - Roatan, Honduras - Cozumel, Mexico - Perfect Day at CocoCay, Bahamas - Miami, Florida",IC07MIA-1694717396-2026-01-10,2026-01-10,We Choose Your Suite,1998
2025-11-22T22:09:05.857590,"https://www.royalcaribbean.com/gbr/en/cruises?search=departurePort:BCN,BYE,FLL,LAX,MIA,ROM,SIN,YOK|nights:6~8,9~11,gte12|ship:AL,AN,HM,IC,LE,OA,OV,OY,QN,ST,SY,UT,WN&country=IRL&market=gbr&language=en",https://www.royalcaribbean.com/gbr/en/cruises/itinerary/7-night-western-caribbean-perfect-day-from-miami-on-icon/IC07MIA-1694717396?sail-date=2025-11-29&currency=EUR&country=IRL,IC07MIA-1694717396,Western Caribbean & Perfect Day,7,Icon of the Seas,IC,"Miami, Florida",MIA,"Miami, Florida - Puerto Costa Maya, Mexico - Roatan, Honduras - Cozumel, Mexico - Perfect Day at CocoCay, Bahamas - Miami, Florida",IC07MIA-1694717396-2026-01-10,2026-01-10,Surfside Family Suite,2148
2025-11-22T22:09:05.857590,"https://www.royalcaribbean.com/gbr/en/cruises?search=departurePort:BCN,BYE,FLL,LAX,MIA,ROM,SIN,YOK|nights:6~8,9~11,gte12|ship:AL,AN,HM,IC,LE,OA,OV,OY,QN,ST,SY,UT,WN&country=IRL&market=gbr&language=en",https://www.royalcaribbean.com/gbr/en/cruises/itinerary/7-night-eastern-caribbean-perfect-day-from-miami-on-icon/IC07MIA-2916342652?sail-date=2026-08-29&currency=EUR&country=IRL,IC07MIA-2916342652,Eastern Caribbean & Perfect Day,7,Icon of the Seas,IC,"Miami, Florida",MIA,"Miami, Florida - Charlotte Amalie, St Thomas - San Juan, Puerto Rico - Perfect Day at CocoCay, Bahamas - Miami, Florida",IC07MIA-2916342652-2026-08-29,2026-08-29,Interior,1196
2025-11-22T22:09:05.857590,"https://www.royalcaribbean.com/gbr/en/cruises?search=departurePort:BCN,BYE,FLL,LAX,MIA,ROM,SIN,YOK|nights:6~8,9~11,gte12|ship:AL,AN,HM,IC,LE,OA,OV,OY,QN,ST,SY,UT,WN&country=IRL&market=gbr&language=en",https://www.royalcaribbean.com/gbr/en/cruises/itinerary/7-night-eastern-caribbean-perfect-day-from-miami-on-icon/IC07MIA-2916342652?sail-date=2026-08-29&currency=EUR&country=IRL,IC07MIA-2916342652,Eastern Caribbean & Perfect Day,7,Icon of the Seas,IC,"Miami, Florida",MIA,"Miami, Florida - Charlotte Amalie, St Thomas - San Juan, Puerto Rico - Perfect Day at CocoCay, Bahamas - Miami, Florida",IC07MIA-2916342652-2026-08-29,2026-08-29,Ocean View,1325
2025-11-22T22:09:05.857590,"https://www.royalcaribbean.com/gbr/en/cruises?search=departurePort:BCN,BYE,FLL,LAX,MIA,ROM,SIN,YOK|nights:6~8,9~11,gte12|ship:AL,AN,HM,IC,LE,OA,OV,OY,QN,ST,SY,UT,WN&country=IRL&market=gbr&language=en",https://www.royalcaribbean.com/gbr/en/cruises/itinerary/7-night-eastern-caribbean-perfect-day-from-miami-on-icon/IC07MIA-2916342652?sail-date=2026-08-29&currency=EUR&country=IRL,IC07MIA-2916342652,Eastern Caribbean & Perfect Day,7,Icon of the Seas,IC,"Miami, Florida",MIA,"Miami, Florida - Charlotte Amalie, St Thomas - San Juan, Puerto Rico - Perfect Day at CocoCay, Bahamas - Miami, Florida",IC07MIA-2916342652-2026-08-29,2026-08-29,Balcony,1487
2025-11-22T22:09:05.857590,"https://www.royalcaribbean.com/gbr/en/cruises?search=departurePort:BCN,BYE,FLL,LAX,MIA,ROM,SIN,YOK|nights:6~8,9~11,gte12|ship:AL,AN,HM,IC,LE,OA,OV,OY,QN,ST,SY,UT,WN&country=IRL&market=gbr&language=en",https://www.royalcaribbean.com/gbr/en/cruises/itinerary/7-night-eastern-caribbean-perfect-day-from-miami-on-icon/IC07MIA-2916342652?sail-date=2026-08-29&currency=EUR&country=IRL,IC07MIA-2916342652,Eastern Caribbean & Perfect Day,7,Icon of the Seas,IC,"Miami, Florida",MIA,"Miami, Florida - Charlotte Amalie, St Thomas - San Juan, Puerto Rico - Perfect Day at CocoCay, Bahamas - Miami, Florida",IC07MIA-2916342652-2026-08-29,2026-08-29,Suite Guarantee,2251
2025-11-22T22:09:05.857590,"https://www.royalcaribbean.com/gbr/en/cruises?search=departurePort:BCN,BYE,FLL,LAX,MIA,ROM,SIN,YOK|nights:6~8,9~11,gte12|ship:AL,AN,HM,IC,LE,OA,OV,OY,QN,ST,SY,UT,WN&country=IRL&market=gbr&language=en",https://www.royalcaribbean.com/gbr/en/cruises/itinerary/7-night-eastern-caribbean-perfect-day-from-miami-on-icon/IC07MIA-2916342652?sail-date=2026-08-29&currency=EUR&country=IRL,IC07MIA-2916342652,Eastern Caribbean & Perfect Day,7,Icon of the Seas,IC,"Miami, Florida",MIA,"Miami, Florida - Charlotte Amalie, St Thomas - San Juan, Puerto Rico - Perfect Day at CocoCay, Bahamas - Miami, Florida",IC07MIA-2916342652-2026-08-29,2026-08-29,We Choose Your Suite,2251
2025-11-22T22:09:05.857590,"https://www.royalcaribbean.com/gbr/en/cruises?search=departurePort:BCN,BYE,FLL,LAX,MIA,ROM,SIN,YOK|nights:6~8,9~11,gte12|ship:AL,AN,HM,IC,LE,OA,OV,OY,QN,ST,SY,UT,WN&country=IRL&market=gbr&language=en",https://www.royalcaribbean.com/gbr/en/cruises/itinerary/7-night-eastern-caribbean-perfect-day-from-miami-on-icon/IC07MIA-2916342652?sail-date=2026-08-29&currency=EUR&country=IRL,IC07MIA-2916342652,Eastern Caribbean & Perfect Day,7,Icon of the Seas,IC,"Miami, Florida",MIA,"Miami, Florida - Charlotte Amalie, St Thomas - San Juan, Puerto Rico - Perfect Day at CocoCay, Bahamas - Miami, Florida",IC07MIA-2916342652-2026-08-29,2026-08-29,Surfside Family Suite,2422
2025-11-22T22:09:05.857590,"https://www.royalcaribbean.com/gbr/en/cruises?search=departurePort:BCN,BYE,FLL,LAX,MIA,ROM,SIN,YOK|nights:6~8,9~11,gte12|ship:AL,AN,HM,IC,LE,OA,OV,OY,QN,ST,SY,UT,WN&country=IRL&market=gbr&language=en",https://www.royalcaribbean.com/gbr/en/cruises/itinerary/7-night-eastern-caribbean-perfect-day-from-miami-on-icon/IC07MIA-2916342652?sail-date=2026-08-29&currency=EUR&country=IRL,IC07MIA-2916342652,Eastern Caribbean & Perfect Day,7,Icon of the Seas,IC,"Miami, Florida",MIA,"Miami, Florida - Charlotte Amalie, St Thomas - San Juan, Puerto Rico - Perfect Day at CocoCay, Bahamas - Miami, Florida",IC07MIA-2916342652-2026-08-29,2026-08-29,Junior Suite,2932
2025-11-22T22:09:05.857590,"https://www.royalcaribbean.com/gbr/en/cruises?search=departurePort:BCN,BYE,FLL,LAX,MIA,ROM,SIN,YOK|nights:6~8,9~11,gte12|ship:AL,AN,HM,IC,LE,OA,OV,OY,QN,ST,SY,UT,WN&country=IRL&market=gbr&language=en",https://www.royalcaribbean.com/gbr/en/cruises/itinerary/7-night-eastern-caribbean-perfect-day-from-miami-on-icon/IC07MIA-2916342652?sail-date=2026-08-29&currency=EUR&country=IRL,IC07MIA-2916342652,Eastern Caribbean & Perfect Day,7,Icon of the Seas,IC,"Miami, Florida",MIA,"Miami, Florida - Charlotte Amalie, St Thomas - San Juan, Puerto Rico - Perfect Day at CocoCay, Bahamas - Miami, Florida",IC07MIA-2916342652-2026-08-29,2026-08-29,Sky Junior Suite,2982
2025-11-22T22:09:05.857590,"https://www.royalcaribbean.com/gbr/en/cruises?search=departurePort:BCN,BYE,FLL,LAX,MIA,ROM,SIN,YOK|nights:6~8,9~11,gte12|ship:AL,AN,HM,IC,LE,OA,OV,OY,QN,ST,SY,UT,WN&country=IRL&market=gbr&language=en",https://www.royalcaribbean.com/gbr/en/cruises/itinerary/7-night-eastern-caribbean-perfect-day-from-miami-on-icon/IC07MIA-2916342652?sail-date=2026-08-29&currency=EUR&country=IRL,IC07MIA-2916342652,Eastern Caribbean & Perfect Day,7,Icon of the Seas,IC,"Miami, Florida",MIA,"Miami, Florida - Charlotte Amalie, St Thomas - San Juan, Puerto Rico - Perfect Day at CocoCay, Bahamas - Miami, Florida",IC07MIA-2916342652-2026-08-29,2026-08-29,Sunset Junior Suite,3920
2025-11-22T22:09:05.857590,"https://www.royalcaribbean.com/gbr/en/cruises?search=departurePort:BCN,BYE,FLL,LAX,MIA,ROM,SIN,YOK|nights:6~8,9~11,gte12|ship:AL,AN,HM,IC,LE,OA,OV,OY,QN,ST,SY,UT,WN&country=IRL&market=gbr&language=en",https://www.royalcaribbean.com/gbr/en/cruises/itinerary/7-night-eastern-caribbean-perfect-day-from-miami-on-icon/IC07MIA-2916342652?sail-date=2026-08-29&currency=EUR&country=IRL,IC07MIA-2916342652,Eastern Caribbean & Perfect Day,7,Icon of the Seas,IC,"Miami, Florida",MIA,"Miami, Florida - Charlotte Amalie, St Thomas - San Juan, Puerto Rico - Perfect Day at CocoCay, Bahamas - Miami, Florida",IC07MIA-2916342652-2026-08-29,2026-08-29,Ocean View Panoramic Suite No Balcony,4051
2025-11-22T22:09:05.857590,"https://www.royalcaribbean.com/gbr/en/cruises?search=departurePort:BCN,BYE,FLL,LAX,MIA,ROM,SIN,YOK|nights:6~8,9~11,gte12|ship:AL,AN,HM,IC,LE,OA,OV,OY,QN,ST,SY,UT,WN&country=IRL&market=gbr&language=en",https://www.royalcaribbean.com/gbr/en/cruises/itinerary/7-night-eastern-caribbean-perfect-day-from-miami-on-icon/IC07MIA-2916342652?sail-date=2026-08-29&currency=EUR&country=IRL,IC07MIA-2916342652,Eastern Caribbean & Perfect Day,7,Icon of the Seas,IC,"Miami, Florida",MIA,"Miami, Florida - Charlotte Amalie, St Thomas - San Juan, Puerto Rico - Perfect Day at CocoCay, Bahamas - Miami, Florida",IC07MIA-2916342652-2026-08-29,2026-08-29,Grand Suite,4579
2025-11-22T22:09:05.857590,"https://www.royalcaribbean.com/gbr/en/cruises?search=departurePort:BCN,BYE,FLL,LAX,MIA,ROM,SIN,YOK|nights:6~8,9~11,gte12|ship:AL,AN,HM,IC,LE,OA,OV,OY,QN,ST,SY,UT,WN&country=IRL&market=gbr&language=en",https://www.royalcaribbean.com/gbr/en/cruises/itinerary/7-night-eastern-caribbean-perfect-day-from-miami-on-icon/IC07MIA-2916342652?sail-date=2026-08-29&currency=EUR&country=IRL,IC07MIA-2916342652,Eastern Caribbean & Perfect Day,7,Icon of the Seas,IC,"Miami, Florida",MIA,"Miami, Florida - Charlotte Amalie, St Thomas - San Juan, Puerto Rico - Perfect Day at CocoCay, Bahamas - Miami, Florida",IC07MIA-2916342652-2026-08-29,2026-08-29,Infinite Grand Suite,4666
2025-11-22T22:09:05.857590,"https://www.royalcaribbean.com/gbr/en/cruises?search=departurePort:BCN,BYE,FLL,LAX,MIA,ROM,SIN,YOK|nights:6~8,9~11,gte12|ship:AL,AN,HM,IC,LE,OA,OV,OY,QN,ST,SY,UT,WN&country=IRL&market=gbr&language=en",https://www.royalcaribbean.com/gbr/en/cruises/itinerary/7-night-eastern-caribbean-perfect-day-from-miami-on-icon/IC07MIA-2916342652?sail-date=2026-08-29&currency=EUR&country=IRL,IC07MIA-2916342652,Eastern Caribbean & Perfect Day,7,Icon of the Seas,IC,"Miami, Florida",MIA,"Miami, Florida - Charlotte Amalie, St Thomas - San Juan, Puerto Rico - Perfect Day at CocoCay, Bahamas - Miami, Florida",IC07MIA-2916342652-2026-08-29,2026-08-29,Sunset Suite,4957
2025-11-22T22:09:05.857590,"https://www.royalcaribbean.com/gbr/en/cruises?search=departurePort:BCN,BYE,FLL,LAX,MIA,ROM,SIN,YOK|nights:6~8,9~11,gte12|ship:AL,AN,HM,IC,LE,OA,OV,OY,QN,ST,SY,UT,WN&country=IRL&market=gbr&language=en",https://www.royalcaribbean.com/gbr/en/cruises/itinerary/7-night-eastern-caribbean-perfect-day-from-miami-on-icon/IC07MIA-2916342652?sail-date=2026-08-29&currency=EUR&country=IRL,IC07MIA-2916342652,Eastern Caribbean & Perfect Day,7,Icon of the Seas,IC,"Miami, Florida",MIA,"Miami, Florida - Charlotte Amalie, St Thomas - San Juan, Puerto Rico - Perfect Day at CocoCay, Bahamas - Miami, Florida",IC07MIA-2916342652-2026-08-29,2026-08-29,Sunset Corner Suite,5626
2025-11-22T22:09:05.857590,"https://www.royalcaribbean.com/gbr/en/cruises?search=departurePort:BCN,BYE,FLL,LAX,MIA,ROM,SIN,YOK|nights:6~8,9~11,gte12|ship:AL,AN,HM,IC,LE,OA,OV,OY,QN,ST,SY,UT,WN&country=IRL&market=gbr&language=en",https://www.royalcaribbean.com/gbr/en/cruises/itinerary/7-night-eastern-caribbean-perfect-day-from-miami-on-icon/IC07MIA-2916342652?sail-date=2026-08-29&currency=EUR&country=IRL,IC07MIA-2916342652,Eastern Caribbean & Perfect Day,7,Icon of the Seas,IC,"Miami, Florida",MIA,"Miami, Florida - Charlotte Amalie, St Thomas - San Juan, Puerto Rico - Perfect Day at CocoCay, Bahamas - Miami, Florida",IC07MIA-2916342652-2026-08-29,2026-08-29,Owners Suite,6398
2025-11-22T22:09:05.857590,"https://www.royalcaribbean.com/gbr/en/cruises?search=departurePort:BCN,BYE,FLL,LAX,MIA,ROM,SIN,YOK|nights:6~8,9~11,gte12|ship:AL,AN,HM,IC,LE,OA,OV,OY,QN,ST,SY,UT,WN&country=IRL&market=gbr&language=en",https://www.royalcaribbean.com/gbr/en/cruises/itinerary/7-night-eastern-caribbean-perfect-day-from-miami-on-icon/IC07MIA-2916342652?sail-date=2026-08-29&currency=EUR&country=IRL,IC07MIA-2916342652,Eastern Caribbean & Perfect Day,7,Icon of the Seas,IC,"Miami, Florida",MIA,"Miami, Florida - Charlotte Amalie, St Thomas - San Juan, Puerto Rico - Perfect Day at CocoCay, Bahamas - Miami, Florida",IC07MIA-2916342652-2026-08-29,2026-08-29,Icon Loft Suite,8744
2025-11-22T22:09:05.857590,"https://www.royalcaribbean.com/gbr/en/cruises?search=departurePort:BCN,BYE,FLL,LAX,MIA,ROM,SIN,YOK|nights:6~8,9~11,gte12|ship:AL,AN,HM,IC,LE,OA,OV,OY,QN,ST,SY,UT,WN&country=IRL&market=gbr&language=en",https://www.royalcaribbean.com/gbr/en/cruises/itinerary/7-night-eastern-caribbean-perfect-day-from-miami-on-icon/IC07MIA-2916342652?sail-date=2026-08-29&currency=EUR&country=IRL,IC07MIA-2916342652,Eastern Caribbean & Perfect Day,7,Icon of the Seas,IC,"Miami, Florida",MIA,"Miami, Florida - Charlotte Amalie, St Thomas - San Juan, Puerto Rico - Perfect Day at CocoCay, Bahamas - Miami, Florida",IC07MIA-2916342652-2026-08-29,2026-08-29,Royal Loft Suite,23214
2025-11-22T22:09:05.857590,"https://www.royalcaribbean.com/gbr/en/cruises?search=departurePort:BCN,BYE,FLL,LAX,MIA,ROM,SIN,YOK|nights:6~8,9~11,gte12|ship:AL,AN,HM,IC,LE,OA,OV,OY,QN,ST,SY,UT,WN&country=IRL&market=gbr&language=en",https://www.royalcaribbean.com/gbr/en/cruises/itinerary/7-night-eastern-caribbean-perfect-day-from-miami-on-icon/IC07MIA-2916342652?sail-date=2026-08-29&currency=EUR&country=IRL,IC07MIA-2916342652,Eastern Caribbean & Perfect Day,7,Icon of the Seas,IC,"Miami, Florida",MIA,"Miami, Florida - Charlotte Amalie, St Thomas - San Juan, Puerto Rico - Perfect Day at CocoCay, Bahamas - Miami, Florida",IC07MIA-2916342652-2026-06-06,2026-06-06,Interior,1303
2025-11-22T22:09:05.857590,"https://www.royalcaribbean.com/gbr/en/cruises?search=departurePort:BCN,BYE,FLL,LAX,MIA,ROM,SIN,YOK|nights:6~8,9~11,gte12|ship:AL,AN,HM,IC,LE,OA,OV,OY,QN,ST,SY,UT,WN&country=IRL&market=gbr&language=en",https://www.royalcaribbean.com/gbr/en/cruises/itinerary/7-night-eastern-caribbean-perfect-day-from-miami-on-icon/IC07MIA-2916342652?sail-date=2026-08-29&currency=EUR&country=IRL,IC07MIA-2916342652,Eastern Caribbean & Perfect Day,7,Icon of the Seas,IC,"Miami, Florida",MIA,"Miami, Florida - Charlotte Amalie, St Thomas - San Juan, Puerto Rico - Perfect Day at CocoCay, Bahamas - Miami, Florida",IC07MIA-2916342652-2026-06-06,2026-06-06,Ocean View,1562
2025-11-22T22:09:05.857590,"https://www.royalcaribbean.com/gbr/en/cruises?search=departurePort:BCN,BYE,FLL,LAX,MIA,ROM,SIN,YOK|nights:6~8,9~11,gte12|ship:AL,AN,HM,IC,LE,OA,OV,OY,QN,ST,SY,UT,WN&country=IRL&market=gbr&language=en",https://www.royalcaribbean.com/gbr/en/cruises/itinerary/7-night-eastern-caribbean-perfect-day-from-miami-on-icon/IC07MIA-2916342652?sail-date=2026-08-29&currency=EUR&country=IRL,IC07MIA-2916342652,Eastern Caribbean & Perfect Day,7,Icon of the Seas,IC,"Miami, Florida",MIA,"Miami, Florida - Charlotte Amalie, St Thomas - San Juan, Puerto Rico - Perfect Day at CocoCay, Bahamas - Miami, Florida",IC07MIA-2916342652-2026-06-06,2026-06-06,Balcony,1781
2025-11-22T22:09:05.857590,"https://www.royalcaribbean.com/gbr/en/cruises?search=departurePort:BCN,BYE,FLL,LAX,MIA,ROM,SIN,YOK|nights:6~8,9~11,gte12|ship:AL,AN,HM,IC,LE,OA,OV,OY,QN,ST,SY,UT,WN&country=IRL&market=gbr&language=en",https://www.royalcaribbean.com/gbr/en/cruises/itinerary/7-night-eastern-caribbean-perfect-day-from-miami-on-icon/IC07MIA-2916342652?sail-date=2026-08-29&currency=EUR&country=IRL,IC07MIA-2916342652,Eastern Caribbean & Perfect Day,7,Icon of the Seas,IC,"Miami, Florida",MIA,"Miami, Florida - Charlotte Amalie, St Thomas - San Juan, Puerto Rico - Perfect Day at CocoCay, Bahamas - Miami, Florida",IC07MIA-2916342652-2026-06-06,2026-06-06,Suite Guarantee,3330
2025-11-22T22:09:05.857590,"https://www.royalcaribbean.com/gbr/en/cruises?search=departurePort:BCN,BYE,FLL,LAX,MIA,ROM,SIN,YOK|nights:6~8,9~11,gte12|ship:AL,AN,HM,IC,LE,OA,OV,OY,QN,ST,SY,UT,WN&country=IRL&market=gbr&language=en",https://www.royalcaribbean.com/gbr/en/cruises/itinerary/7-night-eastern-caribbean-perfect-day-from-miami-on-icon/IC07MIA-2916342652?sail-date=2026-08-29&currency=EUR&country=IRL,IC07MIA-2916342652,Eastern Caribbean & Perfect Day,7,Icon of the Seas,IC,"Miami, Florida",MIA,"Miami, Florida - Charlotte Amalie, St Thomas - San Juan, Puerto Rico - Perfect Day at CocoCay, Bahamas - Miami, Florida",IC07MIA-2916342652-2026-06-06,2026-06-06,We Choose Your Suite,2251
2025-11-22T22:09:05.857590,"https://www.royalcaribbean.com/gbr/en/cruises?search=departurePort:BCN,BYE,FLL,LAX,MIA,ROM,SIN,YOK|nights:6~8,9~11,gte12|ship:AL,AN,HM,IC,LE,OA,OV,OY,QN,ST,SY,UT,WN&country=IRL&market=gbr&language=en",https://www.royalcaribbean.com/gbr/en/cruises/itinerary/7-night-eastern-caribbean-perfect-day-from-miami-on-icon/IC07MIA-2916342652?sail-date=2026-08-29&currency=EUR&country=IRL,IC07MIA-2916342652,Eastern Caribbean & Perfect Day,7,Icon of the Seas,IC,"Miami, Florida",MIA,"Miami, Florida - Charlotte Amalie, St Thomas - San Juan, Puerto Rico - Perfect Day at CocoCay, Bahamas - Miami, Florida",IC07MIA-2916342652-2026-06-06,2026-06-06,Surfside Family Suite,2422
2025-11-22T22:09:05.857590,"https://www.royalcaribbean.com/gbr/en/cruises?search=departurePort:BCN,BYE,FLL,LAX,MIA,ROM,SIN,YOK|nights:6~8,9~11,gte12|ship:AL,AN,HM,IC,LE,OA,OV,OY,QN,ST,SY,UT,WN&country=IRL&market=gbr&language=en",https://www.royalcaribbean.com/gbr/en/cruises/itinerary/7-night-eastern-caribbean-perfect-day-from-miami-on-icon/IC07MIA-2916342652?sail-date=2026-08-29&currency=EUR&country=IRL,IC07MIA-2916342652,Eastern Caribbean & Perfect Day,7,Icon of the Seas,IC,"Miami, Florida",MIA,"Miami, Florida - Charlotte Amalie, St Thomas - San Juan, Puerto Rico - Perfect Day at CocoCay, Bahamas - Miami, Florida",IC07MIA-2916342652-2026-06-06,2026-06-06,Junior Suite,2932
2025-11-22T22:09:05.857590,"https://www.royalcaribbean.com/gbr/en/cruises?search=departurePort:BCN,BYE,FLL,LAX,MIA,ROM,SIN,YOK|nights:6~8,9~11,gte12|ship:AL,AN,HM,IC,LE,OA,OV,OY,QN,ST,SY,UT,WN&country=IRL&market=gbr&language=en",https://www.royalcaribbean.com/gbr/en/cruises/itinerary/7-night-eastern-caribbean-perfect-day-from-miami-on-icon/IC07MIA-2916342652?sail-date=2026-08-29&currency=EUR&country=IRL,IC07MIA-2916342652,Eastern Caribbean & Perfect Day,7,Icon of the Seas,IC,"Miami, Florida",MIA,"Miami, Florida - Charlotte Amalie, St Thomas - San Juan, Puerto Rico - Perfect Day at CocoCay, Bahamas - Miami, Florida",IC07MIA-2916342652-2026-06-06,2026-06-06,Sky Junior Suite,2982
2025-11-22T22:09:05.857590,"https://www.royalcaribbean.com/gbr/en/cruises?search=departurePort:BCN,BYE,FLL,LAX,MIA,ROM,SIN,YOK|nights:6~8,9~11,gte12|ship:AL,AN,HM,IC,LE,OA,OV,OY,QN,ST,SY,UT,WN&country=IRL&market=gbr&language=en",https://www.royalcaribbean.com/gbr/en/cruises/itinerary/7-night-eastern-caribbean-perfect-day-from-miami-on-icon/IC07MIA-2916342652?sail-date=2026-08-29&currency=EUR&country=IRL,IC07MIA-2916342652,Eastern Caribbean & Perfect Day,7,Icon of the Seas,IC,"Miami, Florida",MIA,"Miami, Florida - Charlotte Amalie, St Thomas - San Juan, Puerto Rico - Perfect Day at CocoCay, Bahamas - Miami, Florida",IC07MIA-2916342652-2026-06-06,2026-06-06,Sunset Junior Suite,3920
2025-11-22T22:09:05.857590,"https://www.royalcaribbean.com/gbr/en/cruises?search=departurePort:BCN,BYE,FLL,LAX,MIA,ROM,SIN,YOK|nights:6~8,9~11,gte12|ship:AL,AN,HM,IC,LE,OA,OV,OY,QN,ST,SY,UT,WN&country=IRL&market=gbr&language=en",https://www.royalcaribbean.com/gbr/en/cruises/itinerary/7-night-eastern-caribbean-perfect-day-from-miami-on-icon/IC07MIA-2916342652?sail-date=2026-08-29&currency=EUR&country=IRL,IC07MIA-2916342652,Eastern Caribbean & Perfect Day,7,Icon of the Seas,IC,"Miami, Florida",MIA,"Miami, Florida - Charlotte Amalie, St Thomas - San Juan, Puerto Rico - Perfect Day at CocoCay, Bahamas - Miami, Florida",IC07MIA-2916342652-2026-06-06,2026-06-06,Ocean View Panoramic Suite No Balcony,4051
2025-11-22T22:09:05.857590,"https://www.royalcaribbean.com/gbr/en/cruises?search=departurePort:BCN,BYE,FLL,LAX,MIA,ROM,SIN,YOK|nights:6~8,9~11,gte12|ship:AL,AN,HM,IC,LE,OA,OV,OY,QN,ST,SY,UT,WN&country=IRL&market=gbr&language=en",https://www.royalcaribbean.com/gbr/en/cruises/itinerary/7-night-eastern-caribbean-perfect-day-from-miami-on-icon/IC07MIA-2916342652?sail-date=2026-08-29&currency=EUR&country=IRL,IC07MIA-2916342652,Eastern Caribbean & Perfect Day,7,Icon of the Seas,IC,"Miami, Florida",MIA,"Miami, Florida - Charlotte Amalie, St Thomas - San Juan, Puerto Rico - Perfect Day at CocoCay, Bahamas - Miami, Florida",IC07MIA-2916342652-2026-06-06,2026-06-06,Grand Suite,4579
2025-11-22T22:09:05.857590,"https://www.royalcaribbean.com/gbr/en/cruises?search=departurePort:BCN,BYE,FLL,LAX,MIA,ROM,SIN,YOK|nights:6~8,9~11,gte12|ship:AL,AN,HM,IC,LE,OA,OV,OY,QN,ST,SY,UT,WN&country=IRL&market=gbr&language=en",https://www.royalcaribbean.com/gbr/en/cruises/itinerary/7-night-eastern-caribbean-perfect-day-from-miami-on-icon/IC07MIA-2916342652?sail-date=2026-08-29&currency=EUR&country=IRL,IC07MIA-2916342652,Eastern Caribbean & Perfect Day,7,Icon of the Seas,IC,"Miami, Florida",MIA,"Miami, Florida - Charlotte Amalie, St Thomas - San Juan, Puerto Rico - Perfect Day at CocoCay, Bahamas - Miami, Florida",IC07MIA-2916342652-2026-06-06,2026-06-06,Infinite Grand Suite,4666
2025-11-22T22:09:05.857590,"https://www.royalcaribbean.com/gbr/en/cruises?search=departurePort:BCN,BYE,FLL,LAX,MIA,ROM,SIN,YOK|nights:6~8,9~11,gte12|ship:AL,AN,HM,IC,LE,OA,OV,OY,QN,ST,SY,UT,WN&country=IRL&market=gbr&language=en",https://www.royalcaribbean.com/gbr/en/cruises/itinerary/7-night-eastern-caribbean-perfect-day-from-miami-on-icon/IC07MIA-2916342652?sail-date=2026-08-29&currency=EUR&country=IRL,IC07MIA-2916342652,Eastern Caribbean & Perfect Day,7,Icon of the Seas,IC,"Miami, Florida",MIA,"Miami, Florida - Charlotte Amalie, St Thomas - San Juan, Puerto Rico - Perfect Day at CocoCay, Bahamas - Miami, Florida",IC07MIA-2916342652-2026-06-06,2026-06-06,Sunset Suite,4957
2025-11-22T22:09:05.857590,"https://www.royalcaribbean.com/gbr/en/cruises?search=departurePort:BCN,BYE,FLL,LAX,MIA,ROM,SIN,YOK|nights:6~8,9~11,gte12|ship:AL,AN,HM,IC,LE,OA,OV,OY,QN,ST,SY,UT,WN&country=IRL&market=gbr&language=en",https://www.royalcaribbean.com/gbr/en/cruises/itinerary/7-night-eastern-caribbean-perfect-day-from-miami-on-icon/IC07MIA-2916342652?sail-date=2026-08-29&currency=EUR&country=IRL,IC07MIA-2916342652,Eastern Caribbean & Perfect Day,7,Icon of the Seas,IC,"Miami, Florida",MIA,"Miami, Florida - Charlotte Amalie, St Thomas - San Juan, Puerto Rico - Perfect Day at CocoCay, Bahamas - Miami, Florida",IC07MIA-2916342652-2026-06-06,2026-06-06,Sunset Corner Suite,5626
2025-11-22T22:09:05.857590,"https://www.royalcaribbean.com/gbr/en/cruises?search=departurePort:BCN,BYE,FLL,LAX,MIA,ROM,SIN,YOK|nights:6~8,9~11,gte12|ship:AL,AN,HM,IC,LE,OA,OV,OY,QN,ST,SY,UT,WN&country=IRL&market=gbr&language=en",https://www.royalcaribbean.com/gbr/en/cruises/itinerary/7-night-eastern-caribbean-perfect-day-from-miami-on-icon/IC07MIA-2916342652?sail-date=2026-08-29&currency=EUR&country=IRL,IC07MIA-2916342652,Eastern Caribbean & Perfect Day,7,Icon of the Seas,IC,"Miami, Florida",MIA,"Miami, Florida - Charlotte Amalie, St Thomas - San Juan, Puerto Rico - Perfect Day at CocoCay, Bahamas - Miami, Florida",IC07MIA-2916342652-2026-06-06,2026-06-06,Owners Suite,6398
2025-11-22T22:09:05.857590,"https://www.royalcaribbean.com/gbr/en/cruises?search=departurePort:BCN,BYE,FLL,LAX,MIA,ROM,SIN,YOK|nights:6~8,9~11,gte12|ship:AL,AN,HM,IC,LE,OA,OV,OY,QN,ST,SY,UT,WN&country=IRL&market=gbr&language=en",https://www.royalcaribbean.com/gbr/en/cruises/itinerary/7-night-eastern-caribbean-perfect-day-from-miami-on-icon/IC07MIA-2916342652?sail-date=2026-08-29&currency=EUR&country=IRL,IC07MIA-2916342652,Eastern Caribbean & Perfect Day,7,Icon of the Seas,IC,"Miami, Florida",MIA,"Miami, Florida - Charlotte Amalie, St Thomas - San Juan, Puerto Rico - Perfect Day at CocoCay, Bahamas - Miami, Florida",IC07MIA-2916342652-2026-06-06,2026-06-06,Icon Loft Suite,8744
2025-11-22T22:09:05.857590,"https://www.royalcaribbean.com/gbr/en/cruises?search=departurePort:BCN,BYE,FLL,LAX,MIA,ROM,SIN,YOK|nights:6~8,9~11,gte12|ship:AL,AN,HM,IC,LE,OA,OV,OY,QN,ST,SY,UT,WN&country=IRL&market=gbr&language=en",https://www.royalcaribbean.com/gbr/en/cruises/itinerary/7-night-eastern-caribbean-perfect-day-from-miami-on-icon/IC07MIA-2916342652?sail-date=2026-08-29&currency=EUR&country=IRL,IC07MIA-2916342652,Eastern Caribbean & Perfect Day,7,Icon of the Seas,IC,"Miami, Florida",MIA,"Miami, Florida - Charlotte Amalie, St Thomas - San Juan, Puerto Rico - Perfect Day at CocoCay, Bahamas - Miami, Florida",IC07MIA-2916342652-2026-06-06,2026-06-06,Royal Loft Suite,23214
2025-11-22T22:09:05.857590,"https://www.royalcaribbean.com/gbr/en/cruises?search=departurePort:BCN,BYE,FLL,LAX,MIA,ROM,SIN,YOK|nights:6~8,9~11,gte12|ship:AL,AN,HM,IC,LE,OA,OV,OY,QN,ST,SY,UT,WN&country=IRL&market=gbr&language=en",https://www.royalcaribbean.com/gbr/en/cruises/itinerary/7-night-eastern-caribbean-perfect-day-from-miami-on-icon/IC07MIA-2916342652?sail-date=2026-08-29&currency=EUR&country=IRL,IC07MIA-2916342652,Eastern Caribbean & Perfect Day,7,Icon of the Seas,IC,"Miami, Florida",MIA,"Miami, Florida - Charlotte Amalie, St Thomas - San Juan, Puerto Rico - Perfect Day at CocoCay, Bahamas - Miami, Florida",IC07MIA-2916342652-2026-07-18,2026-07-18,Interior,1553
2025-11-22T22:09:05.857590,"https://www.royalcaribbean.com/gbr/en/cruises?search=departurePort:BCN,BYE,FLL,LAX,MIA,ROM,SIN,YOK|nights:6~8,9~11,gte12|ship:AL,AN,HM,IC,LE,OA,OV,OY,QN,ST,SY,UT,WN&country=IRL&market=gbr&language=en",https://www.royalcaribbean.com/gbr/en/cruises/itinerary/7-night-eastern-caribbean-perfect-day-from-miami-on-icon/IC07MIA-2916342652?sail-date=2026-08-29&currency=EUR&country=IRL,IC07MIA-2916342652,Eastern Caribbean & Perfect Day,7,Icon of the Seas,IC,"Miami, Florida",MIA,"Miami, Florida - Charlotte Amalie, St Thomas - San Juan, Puerto Rico - Perfect Day at CocoCay, Bahamas - Miami, Florida",IC07MIA-2916342652-2026-07-18,2026-07-18,Ocean View,1764
2025-11-22T22:09:05.857590,"https://www.royalcaribbean.com/gbr/en/cruises?search=departurePort:BCN,BYE,FLL,LAX,MIA,ROM,SIN,YOK|nights:6~8,9~11,gte12|ship:AL,AN,HM,IC,LE,OA,OV,OY,QN,ST,SY,UT,WN&country=IRL&market=gbr&language=en",https://www.royalcaribbean.com/gbr/en/cruises/itinerary/7-night-eastern-caribbean-perfect-day-from-miami-on-icon/IC07MIA-2916342652?sail-date=2026-08-29&currency=EUR&country=IRL,IC07MIA-2916342652,Eastern Caribbean & Perfect Day,7,Icon of the Seas,IC,"Miami, Florida",MIA,"Miami, Florida - Charlotte Amalie, St Thomas - San Juan, Puerto Rico - Perfect Day at CocoCay, Bahamas - Miami, Florida",IC07MIA-2916342652-2026-07-18,2026-07-18,Balcony,1955
2025-11-22T22:09:05.857590,"https://www.royalcaribbean.com/gbr/en/cruises?search=departurePort:BCN,BYE,FLL,LAX,MIA,ROM,SIN,YOK|nights:6~8,9~11,gte12|ship:AL,AN,HM,IC,LE,OA,OV,OY,QN,ST,SY,UT,WN&country=IRL&market=gbr&language=en",https://www.royalcaribbean.com/gbr/en/cruises/itinerary/7-night-eastern-caribbean-perfect-day-from-miami-on-icon/IC07MIA-2916342652?sail-date=2026-08-29&currency=EUR&country=IRL,IC07MIA-2916342652,Eastern Caribbean & Perfect Day,7,Icon of the Seas,IC,"Miami, Florida",MIA,"Miami, Florida - Charlotte Amalie, St Thomas - San Juan, Puerto Rico - Perfect Day at CocoCay, Bahamas - Miami, Florida",IC07MIA-2916342652-2026-07-18,2026-07-18,Suite Guarantee,3439
2025-11-22T22:09:05.857590,"https://www.royalcaribbean.com/gbr/en/cruises?search=departurePort:BCN,BYE,FLL,LAX,MIA,ROM,SIN,YOK|nights:6~8,9~11,gte12|ship:AL,AN,HM,IC,LE,OA,OV,OY,QN,ST,SY,UT,WN&country=IRL&market=gbr&language=en",https://www.royalcaribbean.com/gbr/en/cruises/itinerary/7-night-eastern-caribbean-perfect-day-from-miami-on-icon/IC07MIA-2916342652?sail-date=2026-08-29&currency=EUR&country=IRL,IC07MIA-2916342652,Eastern Caribbean & Perfect Day,7,Icon of the Seas,IC,"Miami, Florida",MIA,"Miami, Florida - Charlotte Amalie, St Thomas - San Juan, Puerto Rico - Perfect Day at CocoCay, Bahamas - Miami, Florida",IC07MIA-2916342652-2026-07-18,2026-07-18,We Choose Your Suite,2251
2025-11-22T22:09:05.857590,"https://www.royalcaribbean.com/gbr/en/cruises?search=departurePort:BCN,BYE,FLL,LAX,MIA,ROM,SIN,YOK|nights:6~8,9~11,gte12|ship:AL,AN,HM,IC,LE,OA,OV,OY,QN,ST,SY,UT,WN&country=IRL&market=gbr&language=en",https://www.royalcaribbean.com/gbr/en/cruises/itinerary/7-night-eastern-caribbean-perfect-day-from-miami-on-icon/IC07MIA-2916342652?sail-date=2026-08-29&currency=EUR&country=IRL,IC07MIA-2916342652,Eastern Caribbean & Perfect Day,7,Icon of the Seas,IC,"Miami, Florida",MIA,"Miami, Florida - Charlotte Amalie, St Thomas - San Juan, Puerto Rico - Perfect Day at CocoCay, Bahamas - Miami, Florida",IC07MIA-2916342652-2026-07-18,2026-07-18,Surfside Family Suite,2422
2025-11-22T22:09:05.857590,"https://www.royalcaribbean.com/gbr/en/cruises?search=departurePort:BCN,BYE,FLL,LAX,MIA,ROM,SIN,YOK|nights:6~8,9~11,gte12|ship:AL,AN,HM,IC,LE,OA,OV,OY,QN,ST,SY,UT,WN&country=IRL&market=gbr&language=en",https://www.royalcaribbean.com/gbr/en/cruises/itinerary/7-night-eastern-caribbean-perfect-day-from-miami-on-icon/IC07MIA-2916342652?sail-date=2026-08-29&currency=EUR&country=IRL,IC07MIA-2916342652,Eastern Caribbean & Perfect Day,7,Icon of the Seas,IC,"Miami, Florida",MIA,"Miami, Florida - Charlotte Amalie, St Thomas - San Juan, Puerto Rico - Perfect Day at CocoCay, Bahamas - Miami, Florida",IC07MIA-2916342652-2026-07-18,2026-07-18,Junior Suite,2932
2025-11-22T22:09:05.857590,"https://www.royalcaribbean.com/gbr/en/cruises?search=departurePort:BCN,BYE,FLL,LAX,MIA,ROM,SIN,YOK|nights:6~8,9~11,gte12|ship:AL,AN,HM,IC,LE,OA,OV,OY,QN,ST,SY,UT,WN&country=IRL&market=gbr&language=en",https://www.royalcaribbean.com/gbr/en/cruises/itinerary/7-night-eastern-caribbean-perfect-day-from-miami-on-icon/IC07MIA-2916342652?sail-date=2026-08-29&currency=EUR&country=IRL,IC07MIA-2916342652,Eastern Caribbean & Perfect Day,7,Icon of the Seas,IC,"Miami, Florida",MIA,"Miami, Florida - Charlotte Amalie, St Thomas - San Juan, Puerto Rico - Perfect Day at CocoCay, Bahamas - Miami, Florida",IC07MIA-2916342652-2026-07-18,2026-07-18,Sky Junior Suite,2982
2025-11-22T22:09:05.857590,"https://www.royalcaribbean.com/gbr/en/cruises?search=departurePort:BCN,BYE,FLL,LAX,MIA,ROM,SIN,YOK|nights:6~8,9~11,gte12|ship:AL,AN,HM,IC,LE,OA,OV,OY,QN,ST,SY,UT,WN&country=IRL&market=gbr&language=en",https://www.royalcaribbean.com/gbr/en/cruises/itinerary/7-night-eastern-caribbean-perfect-day-from-miami-on-icon/IC07MIA-2916342652?sail-date=2026-08-29&currency=EUR&country=IRL,IC07MIA-2916342652,Eastern Caribbean & Perfect Day,7,Icon of the Seas,IC,"Miami, Florida",MIA,"Miami, Florida - Charlotte Amalie, St Thomas - San Juan, Puerto Rico - Perfect Day at CocoCay, Bahamas - Miami, Florida",IC07MIA-2916342652-2026-07-18,2026-07-18,Sunset Junior Suite,3920
2025-11-22T22:09:05.857590,"https://www.royalcaribbean.com/gbr/en/cruises?search=departurePort:BCN,BYE,FLL,LAX,MIA,ROM,SIN,YOK|nights:6~8,9~11,gte12|ship:AL,AN,HM,IC,LE,OA,OV,OY,QN,ST,SY,UT,WN&country=IRL&market=gbr&language=en",https://www.royalcaribbean.com/gbr/en/cruises/itinerary/7-night-eastern-caribbean-perfect-day-from-miami-on-icon/IC07MIA-2916342652?sail-date=2026-08-29&currency=EUR&country=IRL,IC07MIA-2916342652,Eastern Caribbean & Perfect Day,7,Icon of the Seas,IC,"Miami, Florida",MIA,"Miami, Florida - Charlotte Amalie, St Thomas - San Juan, Puerto Rico - Perfect Day at CocoCay, Bahamas - Miami, Florida",IC07MIA-2916342652-2026-07-18,2026-07-18,Ocean View Panoramic Suite No Balcony,4051
2025-11-22T22:09:05.857590,"https://www.royalcaribbean.com/gbr/en/cruises?search=departurePort:BCN,BYE,FLL,LAX,MIA,ROM,SIN,YOK|nights:6~8,9~11,gte12|ship:AL,AN,HM,IC,LE,OA,OV,OY,QN,ST,SY,UT,WN&country=IRL&market=gbr&language=en",https://www.royalcaribbean.com/gbr/en/cruises/itinerary/7-night-eastern-caribbean-perfect-day-from-miami-on-icon/IC07MIA-2916342652?sail-date=2026-08-29&currency=EUR&country=IRL,IC07MIA-2916342652,Eastern Caribbean & Perfect Day,7,Icon of the Seas,IC,"Miami, Florida",MIA,"Miami, Florida - Charlotte Amalie, St Thomas - San Juan, Puerto Rico - Perfect Day at CocoCay, Bahamas - Miami, Florida",IC07MIA-2916342652-2026-07-18,2026-07-18,Grand Suite,4579
2025-11-22T22:09:05.857590,"https://www.royalcaribbean.com/gbr/en/cruises?search=departurePort:BCN,BYE,FLL,LAX,MIA,ROM,SIN,YOK|nights:6~8,9~11,gte12|ship:AL,AN,HM,IC,LE,OA,OV,OY,QN,ST,SY,UT,WN&country=IRL&market=gbr&language=en",https://www.royalcaribbean.com/gbr/en/cruises/itinerary/7-night-eastern-caribbean-perfect-day-from-miami-on-icon/IC07MIA-2916342652?sail-date=2026-08-29&currency=EUR&country=IRL,IC07MIA-2916342652,Eastern Caribbean & Perfect Day,7,Icon of the Seas,IC,"Miami, Florida",MIA,"Miami, Florida - Charlotte Amalie, St Thomas - San Juan, Puerto Rico - Perfect Day at CocoCay, Bahamas - Miami, Florida",IC07MIA-2916342652-2026-07-18,2026-07-18,Infinite Grand Suite,4666
2025-11-22T22:09:05.857590,"https://www.royalcaribbean.com/gbr/en/cruises?search=departurePort:BCN,BYE,FLL,LAX,MIA,ROM,SIN,YOK|nights:6~8,9~11,gte12|ship:AL,AN,HM,IC,LE,OA,OV,OY,QN,ST,SY,UT,WN&country=IRL&market=gbr&language=en",https://www.royalcaribbean.com/gbr/en/cruises/itinerary/7-night-eastern-caribbean-perfect-day-from-miami-on-icon/IC07MIA-2916342652?sail-date=2026-08-29&currency=EUR&country=IRL,IC07MIA-2916342652,Eastern Caribbean & Perfect Day,7,Icon of the Seas,IC,"Miami, Florida",MIA,"Miami, Florida - Charlotte Amalie, St Thomas - San Juan, Puerto Rico - Perfect Day at CocoCay, Bahamas - Miami, Florida",IC07MIA-2916342652-2026-07-18,2026-07-18,Sunset Suite,4957
2025-11-22T22:09:05.857590,"https://www.royalcaribbean.com/gbr/en/cruises?search=departurePort:BCN,BYE,FLL,LAX,MIA,ROM,SIN,YOK|nights:6~8,9~11,gte12|ship:AL,AN,HM,IC,LE,OA,OV,OY,QN,ST,SY,UT,WN&country=IRL&market=gbr&language=en",https://www.royalcaribbean.com/gbr/en/cruises/itinerary/7-night-eastern-caribbean-perfect-day-from-miami-on-icon/IC07MIA-2916342652?sail-date=2026-08-29&currency=EUR&country=IRL,IC07MIA-2916342652,Eastern Caribbean & Perfect Day,7,Icon of the Seas,IC,"Miami, Florida",MIA,"Miami, Florida - Charlotte Amalie, St Thomas - San Juan, Puerto Rico - Perfect Day at CocoCay, Bahamas - Miami, Florida",IC07MIA-2916342652-2026-07-18,2026-07-18,Sunset Corner Suite,5626
2025-11-22T22:09:05.857590,"https://www.royalcaribbean.com/gbr/en/cruises?search=departurePort:BCN,BYE,FLL,LAX,MIA,ROM,SIN,YOK|nights:6~8,9~11,gte12|ship:AL,AN,HM,IC,LE,OA,OV,OY,QN,ST,SY,UT,WN&country=IRL&market=gbr&language=en",https://www.royalcaribbean.com/gbr/en/cruises/itinerary/7-night-eastern-caribbean-perfect-day-from-miami-on-icon/IC07MIA-2916342652?sail-date=2026-08-29&currency=EUR&country=IRL,IC07MIA-2916342652,Eastern Caribbean & Perfect Day,7,Icon of the Seas,IC,"Miami, Florida",MIA,"Miami, Florida - Charlotte Amalie, St Thomas - San Juan, Puerto Rico - Perfect Day at CocoCay, Bahamas - Miami, Florida",IC07MIA-2916342652-2026-07-18,2026-07-18,Owners Suite,6398
2025-11-22T22:09:05.857590,"https://www.royalcaribbean.com/gbr/en/cruises?search=departurePort:BCN,BYE,FLL,LAX,MIA,ROM,SIN,YOK|nights:6~8,9~11,gte12|ship:AL,AN,HM,IC,LE,OA,OV,OY,QN,ST,SY,UT,WN&country=IRL&market=gbr&language=en",https://www.royalcaribbean.com/gbr/en/cruises/itinerary/7-night-eastern-caribbean-perfect-day-from-miami-on-icon/IC07MIA-2916342652?sail-date=2026-08-29&currency=EUR&country=IRL,IC07MIA-2916342652,Eastern Caribbean & Perfect Day,7,Icon of the Seas,IC,"Miami, Florida",MIA,"Miami, Florida - Charlotte Amalie, St Thomas - San Juan, Puerto Rico - Perfect Day at CocoCay, Bahamas - Miami, Florida",IC07MIA-2916342652-2026-07-18,2026-07-18,Icon Loft Suite,8744
2025-11-22T22:09:05.857590,"https://www.royalcaribbean.com/gbr/en/cruises?search=departurePort:BCN,BYE,FLL,LAX,MIA,ROM,SIN,YOK|nights:6~8,9~11,gte12|ship:AL,AN,HM,IC,LE,OA,OV,OY,QN,ST,SY,UT,WN&country=IRL&market=gbr&language=en",https://www.royalcaribbean.com/gbr/en/cruises/itinerary/7-night-eastern-caribbean-perfect-day-from-miami-on-icon/IC07MIA-2916342652?sail-date=2026-08-29&currency=EUR&country=IRL,IC07MIA-2916342652,Eastern Caribbean & Perfect Day,7,Icon of the Seas,IC,"Miami, Florida",MIA,"Miami, Florida - Charlotte Amalie, St Thomas - San Juan, Puerto Rico - Perfect Day at CocoCay, Bahamas - Miami, Florida",IC07MIA-2916342652-2026-07-18,2026-07-18,Royal Loft Suite,23214
2025-11-22T22:09:05.857590,"https://www.royalcaribbean.com/gbr/en/cruises?search=departurePort:BCN,BYE,FLL,LAX,MIA,ROM,SIN,YOK|nights:6~8,9~11,gte12|ship:AL,AN,HM,IC,LE,OA,OV,OY,QN,ST,SY,UT,WN&country=IRL&market=gbr&language=en",https://www.royalcaribbean.com/gbr/en/cruises/itinerary/7-night-eastern-caribbean-perfect-day-from-miami-on-icon/IC07MIA-2916342652?sail-date=2026-08-29&currency=EUR&country=IRL,IC07MIA-2916342652,Eastern Caribbean & Perfect Day,7,Icon of the Seas,IC,"Miami, Florida",MIA,"Miami, Florida - Charlotte Amalie, St Thomas - San Juan, Puerto Rico - Perfect Day at CocoCay, Bahamas - Miami, Florida",IC07MIA-2916342652-2026-10-10,2026-10-10,Interior,1232
2025-11-22T22:09:05.857590,"https://www.royalcaribbean.com/gbr/en/cruises?search=departurePort:BCN,BYE,FLL,LAX,MIA,ROM,SIN,YOK|nights:6~8,9~11,gte12|ship:AL,AN,HM,IC,LE,OA,OV,OY,QN,ST,SY,UT,WN&country=IRL&market=gbr&language=en",https://www.royalcaribbean.com/gbr/en/cruises/itinerary/7-night-eastern-caribbean-perfect-day-from-miami-on-icon/IC07MIA-2916342652?sail-date=2026-08-29&currency=EUR&country=IRL,IC07MIA-2916342652,Eastern Caribbean & Perfect Day,7,Icon of the Seas,IC,"Miami, Florida",MIA,"Miami, Florida - Charlotte Amalie, St Thomas - San Juan, Puerto Rico - Perfect Day at CocoCay, Bahamas - Miami, Florida",IC07MIA-2916342652-2026-10-10,2026-10-10,Ocean View,1397
2025-11-22T22:09:05.857590,"https://www.royalcaribbean.com/gbr/en/cruises?search=departurePort:BCN,BYE,FLL,LAX,MIA,ROM,SIN,YOK|nights:6~8,9~11,gte12|ship:AL,AN,HM,IC,LE,OA,OV,OY,QN,ST,SY,UT,WN&country=IRL&market=gbr&language=en",https://www.royalcaribbean.com/gbr/en/cruises/itinerary/7-night-eastern-caribbean-perfect-day-from-miami-on-icon/IC07MIA-2916342652?sail-date=2026-08-29&currency=EUR&country=IRL,IC07MIA-2916342652,Eastern Caribbean & Perfect Day,7,Icon of the Seas,IC,"Miami, Florida",MIA,"Miami, Florida - Charlotte Amalie, St Thomas - San Juan, Puerto Rico - Perfect Day at CocoCay, Bahamas - Miami, Florida",IC07MIA-2916342652-2026-10-10,2026-10-10,Balcony,1410
2025-11-22T22:09:05.857590,"https://www.royalcaribbean.com/gbr/en/cruises?search=departurePort:BCN,BYE,FLL,LAX,MIA,ROM,SIN,YOK|nights:6~8,9~11,gte12|ship:AL,AN,HM,IC,LE,OA,OV,OY,QN,ST,SY,UT,WN&country=IRL&market=gbr&language=en",https://www.royalcaribbean.com/gbr/en/cruises/itinerary/7-night-eastern-caribbean-perfect-day-from-miami-on-icon/IC07MIA-2916342652?sail-date=2026-08-29&currency=EUR&country=IRL,IC07MIA-2916342652,Eastern Caribbean & Perfect Day,7,Icon of the Seas,IC,"Miami, Florida",MIA,"Miami, Florida - Charlotte Amalie, St Thomas - San Juan, Puerto Rico - Perfect Day at CocoCay, Bahamas - Miami, Florida",IC07MIA-2916342652-2026-10-10,2026-10-10,Suite Guarantee,2558
2025-11-22T22:09:05.857590,"https://www.royalcaribbean.com/gbr/en/cruises?search=departurePort:BCN,BYE,FLL,LAX,MIA,ROM,SIN,YOK|nights:6~8,9~11,gte12|ship:AL,AN,HM,IC,LE,OA,OV,OY,QN,ST,SY,UT,WN&country=IRL&market=gbr&language=en",https://www.royalcaribbean.com/gbr/en/cruises/itinerary/7-night-eastern-caribbean-perfect-day-from-miami-on-icon/IC07MIA-2916342652?sail-date=2026-08-29&currency=EUR&country=IRL,IC07MIA-2916342652,Eastern Caribbean & Perfect Day,7,Icon of the Seas,IC,"Miami, Florida",MIA,"Miami, Florida - Charlotte Amalie, St Thomas - San Juan, Puerto Rico - Perfect Day at CocoCay, Bahamas - Miami, Florida",IC07MIA-2916342652-2026-10-10,2026-10-10,We Choose Your Suite,2251
2025-11-22T22:09:05.857590,"https://www.royalcaribbean.com/gbr/en/cruises?search=departurePort:BCN,BYE,FLL,LAX,MIA,ROM,SIN,YOK|nights:6~8,9~11,gte12|ship:AL,AN,HM,IC,LE,OA,OV,OY,QN,ST,SY,UT,WN&country=IRL&market=gbr&language=en",https://www.royalcaribbean.com/gbr/en/cruises/itinerary/7-night-eastern-caribbean-perfect-day-from-miami-on-icon/IC07MIA-2916342652?sail-date=2026-08-29&currency=EUR&country=IRL,IC07MIA-2916342652,Eastern Caribbean & Perfect Day,7,Icon of the Seas,IC,"Miami, Florida",MIA,"Miami, Florida - Charlotte Amalie, St Thomas - San Juan, Puerto Rico - Perfect Day at CocoCay, Bahamas - Miami, Florida",IC07MIA-2916342652-2026-10-10,2026-10-10,Surfside Family Suite,2422
2025-11-22T22:09:05.857590,"https://www.royalcaribbean.com/gbr/en/cruises?search=departurePort:BCN,BYE,FLL,LAX,MIA,ROM,SIN,YOK|nights:6~8,9~11,gte12|ship:AL,AN,HM,IC,LE,OA,OV,OY,QN,ST,SY,UT,WN&country=IRL&market=gbr&language=en",https://www.royalcaribbean.com/gbr/en/cruises/itinerary/7-night-eastern-caribbean-perfect-day-from-miami-on-icon/IC07MIA-2916342652?sail-date=2026-08-29&currency=EUR&country=IRL,IC07MIA-2916342652,Eastern Caribbean & Perfect Day,7,Icon of the Seas,IC,"Miami, Florida",MIA,"Miami, Florida - Charlotte Amalie, St Thomas - San Juan, Puerto Rico - Perfect Day at CocoCay, Bahamas - Miami, Florida",IC07MIA-2916342652-2026-10-10,2026-10-10,Junior Suite,2932
2025-11-22T22:09:05.857590,"https://www.royalcaribbean.com/gbr/en/cruises?search=departurePort:BCN,BYE,FLL,LAX,MIA,ROM,SIN,YOK|nights:6~8,9~11,gte12|ship:AL,AN,HM,IC,LE,OA,OV,OY,QN,ST,SY,UT,WN&country=IRL&market=gbr&language=en",https://www.royalcaribbean.com/gbr/en/cruises/itinerary/7-night-eastern-caribbean-perfect-day-from-miami-on-icon/IC07MIA-2916342652?sail-date=2026-08-29&currency=EUR&country=IRL,IC07MIA-2916342652,Eastern Caribbean & Perfect Day,7,Icon of the Seas,IC,"Miami, Florida",MIA,"Miami, Florida - Charlotte Amalie, St Thomas - San Juan, Puerto Rico - Perfect Day at CocoCay, Bahamas - Miami, Florida",IC07MIA-2916342652-2026-10-10,2026-10-10,Sky Junior Suite,2982
2025-11-22T22:09:05.857590,"https://www.royalcaribbean.com/gbr/en/cruises?search=departurePort:BCN,BYE,FLL,LAX,MIA,ROM,SIN,YOK|nights:6~8,9~11,gte12|ship:AL,AN,HM,IC,LE,OA,OV,OY,QN,ST,SY,UT,WN&country=IRL&market=gbr&language=en",https://www.royalcaribbean.com/gbr/en/cruises/itinerary/7-night-eastern-caribbean-perfect-day-from-miami-on-icon/IC07MIA-2916342652?sail-date=2026-08-29&currency=EUR&country=IRL,IC07MIA-2916342652,Eastern Caribbean & Perfect Day,7,Icon of the Seas,IC,"Miami, Florida",MIA,"Miami, Florida - Charlotte Amalie, St Thomas - San Juan, Puerto Rico - Perfect Day at CocoCay, Bahamas - Miami, Florida",IC07MIA-2916342652-2026-10-10,2026-10-10,Sunset Junior Suite,3920
2025-11-22T22:09:05.857590,"https://www.royalcaribbean.com/gbr/en/cruises?search=departurePort:BCN,BYE,FLL,LAX,MIA,ROM,SIN,YOK|nights:6~8,9~11,gte12|ship:AL,AN,HM,IC,LE,OA,OV,OY,QN,ST,SY,UT,WN&country=IRL&market=gbr&language=en",https://www.royalcaribbean.com/gbr/en/cruises/itinerary/7-night-eastern-caribbean-perfect-day-from-miami-on-icon/IC07MIA-2916342652?sail-date=2026-08-29&currency=EUR&country=IRL,IC07MIA-2916342652,Eastern Caribbean & Perfect Day,7,Icon of the Seas,IC,"Miami, Florida",MIA,"Miami, Florida - Charlotte Amalie, St Thomas - San Juan, Puerto Rico - Perfect Day at CocoCay, Bahamas - Miami, Florida",IC07MIA-2916342652-2026-10-10,2026-10-10,Ocean View Panoramic Suite No Balcony,4051
2025-11-22T22:09:05.857590,"https://www.royalcaribbean.com/gbr/en/cruises?search=departurePort:BCN,BYE,FLL,LAX,MIA,ROM,SIN,YOK|nights:6~8,9~11,gte12|ship:AL,AN,HM,IC,LE,OA,OV,OY,QN,ST,SY,UT,WN&country=IRL&market=gbr&language=en",https://www.royalcaribbean.com/gbr/en/cruises/itinerary/7-night-eastern-caribbean-perfect-day-from-miami-on-icon/IC07MIA-2916342652?sail-date=2026-08-29&currency=EUR&country=IRL,IC07MIA-2916342652,Eastern Caribbean & Perfect Day,7,Icon of the Seas,IC,"Miami, Florida",MIA,"Miami, Florida - Charlotte Amalie, St Thomas - San Juan, Puerto Rico - Perfect Day at CocoCay, Bahamas - Miami, Florida",IC07MIA-2916342652-2026-10-10,2026-10-10,Grand Suite,4579
2025-11-22T22:09:05.857590,"https://www.royalcaribbean.com/gbr/en/cruises?search=departurePort:BCN,BYE,FLL,LAX,MIA,ROM,SIN,YOK|nights:6~8,9~11,gte12|ship:AL,AN,HM,IC,LE,OA,OV,OY,QN,ST,SY,UT,WN&country=IRL&market=gbr&language=en",https://www.royalcaribbean.com/gbr/en/cruises/itinerary/7-night-eastern-caribbean-perfect-day-from-miami-on-icon/IC07MIA-2916342652?sail-date=2026-08-29&currency=EUR&country=IRL,IC07MIA-2916342652,Eastern Caribbean & Perfect Day,7,Icon of the Seas,IC,"Miami, Florida",MIA,"Miami, Florida - Charlotte Amalie, St Thomas - San Juan, Puerto Rico - Perfect Day at CocoCay, Bahamas - Miami, Florida",IC07MIA-2916342652-2026-10-10,2026-10-10,Infinite Grand Suite,4666
2025-11-22T22:09:05.857590,"https://www.royalcaribbean.com/gbr/en/cruises?search=departurePort:BCN,BYE,FLL,LAX,MIA,ROM,SIN,YOK|nights:6~8,9~11,gte12|ship:AL,AN,HM,IC,LE,OA,OV,OY,QN,ST,SY,UT,WN&country=IRL&market=gbr&language=en",https://www.royalcaribbean.com/gbr/en/cruises/itinerary/7-night-eastern-caribbean-perfect-day-from-miami-on-icon/IC07MIA-2916342652?sail-date=2026-08-29&currency=EUR&country=IRL,IC07MIA-2916342652,Eastern Caribbean & Perfect Day,7,Icon of the Seas,IC,"Miami, Florida",MIA,"Miami, Florida - Charlotte Amalie, St Thomas - San Juan, Puerto Rico - Perfect Day at CocoCay, Bahamas - Miami, Florida",IC07MIA-2916342652-2026-10-10,2026-10-10,Sunset Suite,4957
2025-11-22T22:09:05.857590,"https://www.royalcaribbean.com/gbr/en/cruises?search=departurePort:BCN,BYE,FLL,LAX,MIA,ROM,SIN,YOK|nights:6~8,9~11,gte12|ship:AL,AN,HM,IC,LE,OA,OV,OY,QN,ST,SY,UT,WN&country=IRL&market=gbr&language=en",https://www.royalcaribbean.com/gbr/en/cruises/itinerary/7-night-eastern-caribbean-perfect-day-from-miami-on-icon/IC07MIA-2916342652?sail-date=2026-08-29&currency=EUR&country=IRL,IC07MIA-2916342652,Eastern Caribbean & Perfect Day,7,Icon of the Seas,IC,"Miami, Florida",MIA,"Miami, Florida - Charlotte Amalie, St Thomas - San Juan, Puerto Rico - Perfect Day at CocoCay, Bahamas - Miami, Florida",IC07MIA-2916342652-2026-10-10,2026-10-10,Sunset Corner Suite,5626
2025-11-22T22:09:05.857590,"https://www.royalcaribbean.com/gbr/en/cruises?search=departurePort:BCN,BYE,FLL,LAX,MIA,ROM,SIN,YOK|nights:6~8,9~11,gte12|ship:AL,AN,HM,IC,LE,OA,OV,OY,QN,ST,SY,UT,WN&country=IRL&market=gbr&language=en",https://www.royalcaribbean.com/gbr/en/cruises/itinerary/7-night-eastern-caribbean-perfect-day-from-miami-on-icon/IC07MIA-2916342652?sail-date=2026-08-29&currency=EUR&country=IRL,IC07MIA-2916342652,Eastern Caribbean & Perfect Day,7,Icon of the Seas,IC,"Miami, Florida",MIA,"Miami, Florida - Charlotte Amalie, St Thomas - San Juan, Puerto Rico - Perfect Day at CocoCay, Bahamas - Miami, Florida",IC07MIA-2916342652-2026-10-10,2026-10-10,Owners Suite,6398
2025-11-22T22:09:05.857590,"https://www.royalcaribbean.com/gbr/en/cruises?search=departurePort:BCN,BYE,FLL,LAX,MIA,ROM,SIN,YOK|nights:6~8,9~11,gte12|ship:AL,AN,HM,IC,LE,OA,OV,OY,QN,ST,SY,UT,WN&country=IRL&market=gbr&language=en",https://www.royalcaribbean.com/gbr/en/cruises/itinerary/7-night-eastern-caribbean-perfect-day-from-miami-on-icon/IC07MIA-2916342652?sail-date=2026-08-29&currency=EUR&country=IRL,IC07MIA-2916342652,Eastern Caribbean & Perfect Day,7,Icon of the Seas,IC,"Miami, Florida",MIA,"Miami, Florida - Charlotte Amalie, St Thomas - San Juan, Puerto Rico - Perfect Day at CocoCay, Bahamas - Miami, Florida",IC07MIA-2916342652-2026-10-10,2026-10-10,Icon Loft Suite,8744
2025-11-22T22:09:05.857590,"https://www.royalcaribbean.com/gbr/en/cruises?search=departurePort:BCN,BYE,FLL,LAX,MIA,ROM,SIN,YOK|nights:6~8,9~11,gte12|ship:AL,AN,HM,IC,LE,OA,OV,OY,QN,ST,SY,UT,WN&country=IRL&market=gbr&language=en",https://www.royalcaribbean.com/gbr/en/cruises/itinerary/7-night-eastern-caribbean-perfect-day-from-miami-on-icon/IC07MIA-2916342652?sail-date=2026-08-29&currency=EUR&country=IRL,IC07MIA-2916342652,Eastern Caribbean & Perfect Day,7,Icon of the Seas,IC,"Miami, Florida",MIA,"Miami, Florida - Charlotte Amalie, St Thomas - San Juan, Puerto Rico - Perfect Day at CocoCay, Bahamas - Miami, Florida",IC07MIA-2916342652-2026-10-10,2026-10-10,Royal Loft Suite,23214
2025-11-22T22:09:05.857590,"https://www.royalcaribbean.com/gbr/en/cruises?search=departurePort:BCN,BYE,FLL,LAX,MIA,ROM,SIN,YOK|nights:6~8,9~11,gte12|ship:AL,AN,HM,IC,LE,OA,OV,OY,QN,ST,SY,UT,WN&country=IRL&market=gbr&language=en",https://www.royalcaribbean.com/gbr/en/cruises/itinerary/7-night-eastern-caribbean-from-miami-on-symphony/SY07MIA-1198240122?sail-date=2025-12-07&currency=EUR&country=IRL,SY07MIA-1198240122,Eastern Caribbean Cruise,7,Symphony of the Seas,SY,"Miami, Florida",MIA,"Miami, Florida - Philipsburg, St Maarten - Charlotte Amalie, St Thomas - Nassau, Bahamas - Miami, Florida",SY07MIA-1198240122-2025-12-07,2025-12-07,Interior,551
2025-11-22T22:09:05.857590,"https://www.royalcaribbean.com/gbr/en/cruises?search=departurePort:BCN,BYE,FLL,LAX,MIA,ROM,SIN,YOK|nights:6~8,9~11,gte12|ship:AL,AN,HM,IC,LE,OA,OV,OY,QN,ST,SY,UT,WN&country=IRL&market=gbr&language=en",https://www.royalcaribbean.com/gbr/en/cruises/itinerary/7-night-eastern-caribbean-from-miami-on-symphony/SY07MIA-1198240122?sail-date=2025-12-07&currency=EUR&country=IRL,SY07MIA-1198240122,Eastern Caribbean Cruise,7,Symphony of the Seas,SY,"Miami, Florida",MIA,"Miami, Florida - Philipsburg, St Maarten - Charlotte Amalie, St Thomas - Nassau, Bahamas - Miami, Florida",SY07MIA-1198240122-2025-12-07,2025-12-07,Balcony,1099
2025-11-22T22:09:05.857590,"https://www.royalcaribbean.com/gbr/en/cruises?search=departurePort:BCN,BYE,FLL,LAX,MIA,ROM,SIN,YOK|nights:6~8,9~11,gte12|ship:AL,AN,HM,IC,LE,OA,OV,OY,QN,ST,SY,UT,WN&country=IRL&market=gbr&language=en",https://www.royalcaribbean.com/gbr/en/cruises/itinerary/7-night-eastern-caribbean-from-miami-on-symphony/SY07MIA-1198240122?sail-date=2025-12-07&currency=EUR&country=IRL,SY07MIA-1198240122,Eastern Caribbean Cruise,7,Symphony of the Seas,SY,"Miami, Florida",MIA,"Miami, Florida - Philipsburg, St Maarten - Charlotte Amalie, St Thomas - Nassau, Bahamas - Miami, Florida",SY07MIA-1198240122-2025-12-07,2025-12-07,Suite Guarantee,3133
2025-11-22T22:09:05.857590,"https://www.royalcaribbean.com/gbr/en/cruises?search=departurePort:BCN,BYE,FLL,LAX,MIA,ROM,SIN,YOK|nights:6~8,9~11,gte12|ship:AL,AN,HM,IC,LE,OA,OV,OY,QN,ST,SY,UT,WN&country=IRL&market=gbr&language=en",https://www.royalcaribbean.com/gbr/en/cruises/itinerary/7-night-eastern-caribbean-from-miami-on-symphony/SY07MIA-1198240122?sail-date=2025-12-07&currency=EUR&country=IRL,SY07MIA-1198240122,Eastern Caribbean Cruise,7,Symphony of the Seas,SY,"Miami, Florida",MIA,"Miami, Florida - Philipsburg, St Maarten - Charlotte Amalie, St Thomas - Nassau, Bahamas - Miami, Florida",SY07MIA-1198240122-2025-12-07,2025-12-07,Junior Suite,3133
2025-11-22T22:09:05.857590,"https://www.royalcaribbean.com/gbr/en/cruises?search=departurePort:BCN,BYE,FLL,LAX,MIA,ROM,SIN,YOK|nights:6~8,9~11,gte12|ship:AL,AN,HM,IC,LE,OA,OV,OY,QN,ST,SY,UT,WN&country=IRL&market=gbr&language=en",https://www.royalcaribbean.com/gbr/en/cruises/itinerary/7-night-eastern-caribbean-from-miami-on-symphony/SY07MIA-1198240122?sail-date=2025-12-07&currency=EUR&country=IRL,SY07MIA-1198240122,Eastern Caribbean Cruise,7,Symphony of the Seas,SY,"Miami, Florida",MIA,"Miami, Florida - Philipsburg, St Maarten - Charlotte Amalie, St Thomas - Nassau, Bahamas - Miami, Florida",SY07MIA-1198240122-2025-12-21,2025-12-21,Interior,1355
2025-11-22T22:09:05.857590,"https://www.royalcaribbean.com/gbr/en/cruises?search=departurePort:BCN,BYE,FLL,LAX,MIA,ROM,SIN,YOK|nights:6~8,9~11,gte12|ship:AL,AN,HM,IC,LE,OA,OV,OY,QN,ST,SY,UT,WN&country=IRL&market=gbr&language=en",https://www.royalcaribbean.com/gbr/en/cruises/itinerary/7-night-eastern-caribbean-from-miami-on-symphony/SY07MIA-1198240122?sail-date=2025-12-07&currency=EUR&country=IRL,SY07MIA-1198240122,Eastern Caribbean Cruise,7,Symphony of the Seas,SY,"Miami, Florida",MIA,"Miami, Florida - Philipsburg, St Maarten - Charlotte Amalie, St Thomas - Nassau, Bahamas - Miami, Florida",SY07MIA-1198240122-2025-12-21,2025-12-21,Ocean View,1618
2025-11-22T22:09:05.857590,"https://www.royalcaribbean.com/gbr/en/cruises?search=departurePort:BCN,BYE,FLL,LAX,MIA,ROM,SIN,YOK|nights:6~8,9~11,gte12|ship:AL,AN,HM,IC,LE,OA,OV,OY,QN,ST,SY,UT,WN&country=IRL&market=gbr&language=en",https://www.royalcaribbean.com/gbr/en/cruises/itinerary/7-night-eastern-caribbean-from-miami-on-symphony/SY07MIA-1198240122?sail-date=2025-12-07&currency=EUR&country=IRL,SY07MIA-1198240122,Eastern Caribbean Cruise,7,Symphony of the Seas,SY,"Miami, Florida",MIA,"Miami, Florida - Philipsburg, St Maarten - Charlotte Amalie, St Thomas - Nassau, Bahamas - Miami, Florida",SY07MIA-1198240122-2025-12-21,2025-12-21,Balcony,1756
2025-11-22T22:09:05.857590,"https://www.royalcaribbean.com/gbr/en/cruises?search=departurePort:BCN,BYE,FLL,LAX,MIA,ROM,SIN,YOK|nights:6~8,9~11,gte12|ship:AL,AN,HM,IC,LE,OA,OV,OY,QN,ST,SY,UT,WN&country=IRL&market=gbr&language=en",https://www.royalcaribbean.com/gbr/en/cruises/itinerary/7-night-eastern-caribbean-from-miami-on-symphony/SY07MIA-1198240122?sail-date=2025-12-07&currency=EUR&country=IRL,SY07MIA-1198240122,Eastern Caribbean Cruise,7,Symphony of the Seas,SY,"Miami, Florida",MIA,"Miami, Florida - Philipsburg, St Maarten - Charlotte Amalie, St Thomas - Nassau, Bahamas - Miami, Florida",SY07MIA-1198240122-2025-12-21,2025-12-21,Suite Guarantee,4759
2025-11-22T22:09:05.857590,"https://www.royalcaribbean.com/gbr/en/cruises?search=departurePort:BCN,BYE,FLL,LAX,MIA,ROM,SIN,YOK|nights:6~8,9~11,gte12|ship:AL,AN,HM,IC,LE,OA,OV,OY,QN,ST,SY,UT,WN&country=IRL&market=gbr&language=en",https://www.royalcaribbean.com/gbr/en/cruises/itinerary/7-night-eastern-caribbean-from-miami-on-symphony/SY07MIA-1198240122?sail-date=2025-12-07&currency=EUR&country=IRL,SY07MIA-1198240122,Eastern Caribbean Cruise,7,Symphony of the Seas,SY,"Miami, Florida",MIA,"Miami, Florida - Philipsburg, St Maarten - Charlotte Amalie, St Thomas - Nassau, Bahamas - Miami, Florida",SY07MIA-1198240122-2025-12-21,2025-12-21,Junior Suite,3133
2025-11-22T22:09:05.857590,"https://www.royalcaribbean.com/gbr/en/cruises?search=departurePort:BCN,BYE,FLL,LAX,MIA,ROM,SIN,YOK|nights:6~8,9~11,gte12|ship:AL,AN,HM,IC,LE,OA,OV,OY,QN,ST,SY,UT,WN&country=IRL&market=gbr&language=en",https://www.royalcaribbean.com/gbr/en/cruises/itinerary/7-night-eastern-caribbean-from-miami-on-symphony/SY07MIA-1198240122?sail-date=2025-12-07&currency=EUR&country=IRL,SY07MIA-1198240122,Eastern Caribbean Cruise,7,Symphony of the Seas,SY,"Miami, Florida",MIA,"Miami, Florida - Philipsburg, St Maarten - Charlotte Amalie, St Thomas - Nassau, Bahamas - Miami, Florida",SY07MIA-1198240122-2026-01-04,2026-01-04,Interior,1023
2025-11-22T22:09:05.857590,"https://www.royalcaribbean.com/gbr/en/cruises?search=departurePort:BCN,BYE,FLL,LAX,MIA,ROM,SIN,YOK|nights:6~8,9~11,gte12|ship:AL,AN,HM,IC,LE,OA,OV,OY,QN,ST,SY,UT,WN&country=IRL&market=gbr&language=en",https://www.royalcaribbean.com/gbr/en/cruises/itinerary/7-night-eastern-caribbean-from-miami-on-symphony/SY07MIA-1198240122?sail-date=2025-12-07&currency=EUR&country=IRL,SY07MIA-1198240122,Eastern Caribbean Cruise,7,Symphony of the Seas,SY,"Miami, Florida",MIA,"Miami, Florida - Philipsburg, St Maarten - Charlotte Amalie, St Thomas - Nassau, Bahamas - Miami, Florida",SY07MIA-1198240122-2026-01-04,2026-01-04,Balcony,966
2025-11-22T22:09:05.857590,"https://www.royalcaribbean.com/gbr/en/cruises?search=departurePort:BCN,BYE,FLL,LAX,MIA,ROM,SIN,YOK|nights:6~8,9~11,gte12|ship:AL,AN,HM,IC,LE,OA,OV,OY,QN,ST,SY,UT,WN&country=IRL&market=gbr&language=en",https://www.royalcaribbean.com/gbr/en/cruises/itinerary/7-night-eastern-caribbean-from-miami-on-symphony/SY07MIA-1198240122?sail-date=2025-12-07&currency=EUR&country=IRL,SY07MIA-1198240122,Eastern Caribbean Cruise,7,Symphony of the Seas,SY,"Miami, Florida",MIA,"Miami, Florida - Philipsburg, St Maarten - Charlotte Amalie, St Thomas - Nassau, Bahamas - Miami, Florida",SY07MIA-1198240122-2026-01-04,2026-01-04,Suite Guarantee,3248
2025-11-22T22:09:05.857590,"https://www.royalcaribbean.com/gbr/en/cruises?search=departurePort:BCN,BYE,FLL,LAX,MIA,ROM,SIN,YOK|nights:6~8,9~11,gte12|ship:AL,AN,HM,IC,LE,OA,OV,OY,QN,ST,SY,UT,WN&country=IRL&market=gbr&language=en",https://www.royalcaribbean.com/gbr/en/cruises/itinerary/7-night-eastern-caribbean-from-miami-on-symphony/SY07MIA-1198240122?sail-date=2025-12-07&currency=EUR&country=IRL,SY07MIA-1198240122,Eastern Caribbean Cruise,7,Symphony of the Seas,SY,"Miami, Florida",MIA,"Miami, Florida - Philipsburg, St Maarten - Charlotte Amalie, St Thomas - Nassau, Bahamas - Miami, Florida",SY07MIA-1198240122-2026-01-04,2026-01-04,Junior Suite,3133
2025-11-22T22:09:05.857590,"https://www.royalcaribbean.com/gbr/en/cruises?search=departurePort:BCN,BYE,FLL,LAX,MIA,ROM,SIN,YOK|nights:6~8,9~11,gte12|ship:AL,AN,HM,IC,LE,OA,OV,OY,QN,ST,SY,UT,WN&country=IRL&market=gbr&language=en",https://www.royalcaribbean.com/gbr/en/cruises/itinerary/7-night-eastern-caribbean-from-miami-on-symphony/SY07MIA-1198240122?sail-date=2025-12-07&currency=EUR&country=IRL,SY07MIA-1198240122,Eastern Caribbean Cruise,7,Symphony of the Seas,SY,"Miami, Florida",MIA,"Miami, Florida - Philipsburg, St Maarten - Charlotte Amalie, St Thomas - Nassau, Bahamas - Miami, Florida",SY07MIA-1198240122-2026-01-18,2026-01-18,Interior,913
2025-11-22T22:09:05.857590,"https://www.royalcaribbean.com/gbr/en/cruises?search=departurePort:BCN,BYE,FLL,LAX,MIA,ROM,SIN,YOK|nights:6~8,9~11,gte12|ship:AL,AN,HM,IC,LE,OA,OV,OY,QN,ST,SY,UT,WN&country=IRL&market=gbr&language=en",https://www.royalcaribbean.com/gbr/en/cruises/itinerary/7-night-eastern-caribbean-from-miami-on-symphony/SY07MIA-1198240122?sail-date=2025-12-07&currency=EUR&country=IRL,SY07MIA-1198240122,Eastern Caribbean Cruise,7,Symphony of the Seas,SY,"Miami, Florida",MIA,"Miami, Florida - Philipsburg, St Maarten - Charlotte Amalie, St Thomas - Nassau, Bahamas - Miami, Florida",SY07MIA-1198240122-2026-01-18,2026-01-18,Ocean View,1242
2025-11-22T22:09:05.857590,"https://www.royalcaribbean.com/gbr/en/cruises?search=departurePort:BCN,BYE,FLL,LAX,MIA,ROM,SIN,YOK|nights:6~8,9~11,gte12|ship:AL,AN,HM,IC,LE,OA,OV,OY,QN,ST,SY,UT,WN&country=IRL&market=gbr&language=en",https://www.royalcaribbean.com/gbr/en/cruises/itinerary/7-night-eastern-caribbean-from-miami-on-symphony/SY07MIA-1198240122?sail-date=2025-12-07&currency=EUR&country=IRL,SY07MIA-1198240122,Eastern Caribbean Cruise,7,Symphony of the Seas,SY,"Miami, Florida",MIA,"Miami, Florida - Philipsburg, St Maarten - Charlotte Amalie, St Thomas - Nassau, Bahamas - Miami, Florida",SY07MIA-1198240122-2026-01-18,2026-01-18,Balcony,958
2025-11-22T22:09:05.857590,"https://www.royalcaribbean.com/gbr/en/cruises?search=departurePort:BCN,BYE,FLL,LAX,MIA,ROM,SIN,YOK|nights:6~8,9~11,gte12|ship:AL,AN,HM,IC,LE,OA,OV,OY,QN,ST,SY,UT,WN&country=IRL&market=gbr&language=en",https://www.royalcaribbean.com/gbr/en/cruises/itinerary/7-night-eastern-caribbean-from-miami-on-symphony/SY07MIA-1198240122?sail-date=2025-12-07&currency=EUR&country=IRL,SY07MIA-1198240122,Eastern Caribbean Cruise,7,Symphony of the Seas,SY,"Miami, Florida",MIA,"Miami, Florida - Philipsburg, St Maarten - Charlotte Amalie, St Thomas - Nassau, Bahamas - Miami, Florida",SY07MIA-1198240122-2026-01-18,2026-01-18,Suite Guarantee,3321
2025-11-22T22:09:05.857590,"https://www.royalcaribbean.com/gbr/en/cruises?search=departurePort:BCN,BYE,FLL,LAX,MIA,ROM,SIN,YOK|nights:6~8,9~11,gte12|ship:AL,AN,HM,IC,LE,OA,OV,OY,QN,ST,SY,UT,WN&country=IRL&market=gbr&language=en",https://www.royalcaribbean.com/gbr/en/cruises/itinerary/7-night-eastern-caribbean-from-miami-on-symphony/SY07MIA-1198240122?sail-date=2025-12-07&currency=EUR&country=IRL,SY07MIA-1198240122,Eastern Caribbean Cruise,7,Symphony of the Seas,SY,"Miami, Florida",MIA,"Miami, Florida - Philipsburg, St Maarten - Charlotte Amalie, St Thomas - Nassau, Bahamas - Miami, Florida",SY07MIA-1198240122-2026-01-18,2026-01-18,Junior Suite,3133
2025-11-22T22:09:05.857590,"https://www.royalcaribbean.com/gbr/en/cruises?search=departurePort:BCN,BYE,FLL,LAX,MIA,ROM,SIN,YOK|nights:6~8,9~11,gte12|ship:AL,AN,HM,IC,LE,OA,OV,OY,QN,ST,SY,UT,WN&country=IRL&market=gbr&language=en",https://www.royalcaribbean.com/gbr/en/cruises/itinerary/7-night-eastern-caribbean-from-miami-on-symphony/SY07MIA-1198240122?sail-date=2025-12-07&currency=EUR&country=IRL,SY07MIA-1198240122,Eastern Caribbean Cruise,7,Symphony of the Seas,SY,"Miami, Florida",MIA,"Miami, Florida - Philipsburg, St Maarten - Charlotte Amalie, St Thomas - Nassau, Bahamas - Miami, Florida",SY07MIA-1198240122-2026-02-15,2026-02-15,Interior,964
2025-11-22T22:09:05.857590,"https://www.royalcaribbean.com/gbr/en/cruises?search=departurePort:BCN,BYE,FLL,LAX,MIA,ROM,SIN,YOK|nights:6~8,9~11,gte12|ship:AL,AN,HM,IC,LE,OA,OV,OY,QN,ST,SY,UT,WN&country=IRL&market=gbr&language=en",https://www.royalcaribbean.com/gbr/en/cruises/itinerary/7-night-eastern-caribbean-from-miami-on-symphony/SY07MIA-1198240122?sail-date=2025-12-07&currency=EUR&country=IRL,SY07MIA-1198240122,Eastern Caribbean Cruise,7,Symphony of the Seas,SY,"Miami, Florida",MIA,"Miami, Florida - Philipsburg, St Maarten - Charlotte Amalie, St Thomas - Nassau, Bahamas - Miami, Florida",SY07MIA-1198240122-2026-02-15,2026-02-15,Ocean View,1342
2025-11-22T22:09:05.857590,"https://www.royalcaribbean.com/gbr/en/cruises?search=departurePort:BCN,BYE,FLL,LAX,MIA,ROM,SIN,YOK|nights:6~8,9~11,gte12|ship:AL,AN,HM,IC,LE,OA,OV,OY,QN,ST,SY,UT,WN&country=IRL&market=gbr&language=en",https://www.royalcaribbean.com/gbr/en/cruises/itinerary/7-night-eastern-caribbean-from-miami-on-symphony/SY07MIA-1198240122?sail-date=2025-12-07&currency=EUR&country=IRL,SY07MIA-1198240122,Eastern Caribbean Cruise,7,Symphony of the Seas,SY,"Miami, Florida",MIA,"Miami, Florida - Philipsburg, St Maarten - Charlotte Amalie, St Thomas - Nassau, Bahamas - Miami, Florida",SY07MIA-1198240122-2026-02-15,2026-02-15,Balcony,1136
2025-11-22T22:09:05.857590,"https://www.royalcaribbean.com/gbr/en/cruises?search=departurePort:BCN,BYE,FLL,LAX,MIA,ROM,SIN,YOK|nights:6~8,9~11,gte12|ship:AL,AN,HM,IC,LE,OA,OV,OY,QN,ST,SY,UT,WN&country=IRL&market=gbr&language=en",https://www.royalcaribbean.com/gbr/en/cruises/itinerary/7-night-eastern-caribbean-from-miami-on-symphony/SY07MIA-1198240122?sail-date=2025-12-07&currency=EUR&country=IRL,SY07MIA-1198240122,Eastern Caribbean Cruise,7,Symphony of the Seas,SY,"Miami, Florida",MIA,"Miami, Florida - Philipsburg, St Maarten - Charlotte Amalie, St Thomas - Nassau, Bahamas - Miami, Florida",SY07MIA-1198240122-2026-02-15,2026-02-15,Suite Guarantee,2823
2025-11-22T22:09:05.857590,"https://www.royalcaribbean.com/gbr/en/cruises?search=departurePort:BCN,BYE,FLL,LAX,MIA,ROM,SIN,YOK|nights:6~8,9~11,gte12|ship:AL,AN,HM,IC,LE,OA,OV,OY,QN,ST,SY,UT,WN&country=IRL&market=gbr&language=en",https://www.royalcaribbean.com/gbr/en/cruises/itinerary/7-night-eastern-caribbean-from-miami-on-symphony/SY07MIA-1198240122?sail-date=2025-12-07&currency=EUR&country=IRL,SY07MIA-1198240122,Eastern Caribbean Cruise,7,Symphony of the Seas,SY,"Miami, Florida",MIA,"Miami, Florida - Philipsburg, St Maarten - Charlotte Amalie, St Thomas - Nassau, Bahamas - Miami, Florida",SY07MIA-1198240122-2026-02-15,2026-02-15,Junior Suite,3133
2025-11-22T22:09:05.857590,"https://www.royalcaribbean.com/gbr/en/cruises?search=departurePort:BCN,BYE,FLL,LAX,MIA,ROM,SIN,YOK|nights:6~8,9~11,gte12|ship:AL,AN,HM,IC,LE,OA,OV,OY,QN,ST,SY,UT,WN&country=IRL&market=gbr&language=en",https://www.royalcaribbean.com/gbr/en/cruises/itinerary/6-night-western-caribbean-from-fort-on-allure/AL06FLL-3043633477?sail-date=2025-12-14&currency=EUR&country=IRL,AL06FLL-3043633477,Western Caribbean Cruise,6,Allure of the Seas,AL,"Fort Lauderdale, Florida",FLL,"Fort Lauderdale, Florida - Nassau, Bahamas - Puerto Costa Maya, Mexico - Cozumel, Mexico - Fort Lauderdale, Florida",AL06FLL-3043633477-2025-12-14,2025-12-14,Interior,528
2025-11-22T22:09:05.857590,"https://www.royalcaribbean.com/gbr/en/cruises?search=departurePort:BCN,BYE,FLL,LAX,MIA,ROM,SIN,YOK|nights:6~8,9~11,gte12|ship:AL,AN,HM,IC,LE,OA,OV,OY,QN,ST,SY,UT,WN&country=IRL&market=gbr&language=en",https://www.royalcaribbean.com/gbr/en/cruises/itinerary/6-night-western-caribbean-from-fort-on-allure/AL06FLL-3043633477?sail-date=2025-12-14&currency=EUR&country=IRL,AL06FLL-3043633477,Western Caribbean Cruise,6,Allure of the Seas,AL,"Fort Lauderdale, Florida",FLL,"Fort Lauderdale, Florida - Nassau, Bahamas - Puerto Costa Maya, Mexico - Cozumel, Mexico - Fort Lauderdale, Florida",AL06FLL-3043633477-2025-12-14,2025-12-14,Ocean View,1029
2025-11-22T22:09:05.857590,"https://www.royalcaribbean.com/gbr/en/cruises?search=departurePort:BCN,BYE,FLL,LAX,MIA,ROM,SIN,YOK|nights:6~8,9~11,gte12|ship:AL,AN,HM,IC,LE,OA,OV,OY,QN,ST,SY,UT,WN&country=IRL&market=gbr&language=en",https://www.royalcaribbean.com/gbr/en/cruises/itinerary/6-night-western-caribbean-from-fort-on-allure/AL06FLL-3043633477?sail-date=2025-12-14&currency=EUR&country=IRL,AL06FLL-3043633477,Western Caribbean Cruise,6,Allure of the Seas,AL,"Fort Lauderdale, Florida",FLL,"Fort Lauderdale, Florida - Nassau, Bahamas - Puerto Costa Maya, Mexico - Cozumel, Mexico - Fort Lauderdale, Florida",AL06FLL-3043633477-2025-12-14,2025-12-14,Balcony,657
2025-11-22T22:09:05.857590,"https://www.royalcaribbean.com/gbr/en/cruises?search=departurePort:BCN,BYE,FLL,LAX,MIA,ROM,SIN,YOK|nights:6~8,9~11,gte12|ship:AL,AN,HM,IC,LE,OA,OV,OY,QN,ST,SY,UT,WN&country=IRL&market=gbr&language=en",https://www.royalcaribbean.com/gbr/en/cruises/itinerary/6-night-western-caribbean-from-fort-on-allure/AL06FLL-3043633477?sail-date=2025-12-14&currency=EUR&country=IRL,AL06FLL-3043633477,Western Caribbean Cruise,6,Allure of the Seas,AL,"Fort Lauderdale, Florida",FLL,"Fort Lauderdale, Florida - Nassau, Bahamas - Puerto Costa Maya, Mexico - Cozumel, Mexico - Fort Lauderdale, Florida",AL06FLL-3043633477-2025-12-14,2025-12-14,Suite Guarantee,1629
2025-11-22T22:09:05.857590,"https://www.royalcaribbean.com/gbr/en/cruises?search=departurePort:BCN,BYE,FLL,LAX,MIA,ROM,SIN,YOK|nights:6~8,9~11,gte12|ship:AL,AN,HM,IC,LE,OA,OV,OY,QN,ST,SY,UT,WN&country=IRL&market=gbr&language=en",https://www.royalcaribbean.com/gbr/en/cruises/itinerary/6-night-western-caribbean-from-fort-on-allure/AL06FLL-3043633477?sail-date=2025-12-14&currency=EUR&country=IRL,AL06FLL-3043633477,Western Caribbean Cruise,6,Allure of the Seas,AL,"Fort Lauderdale, Florida",FLL,"Fort Lauderdale, Florida - Nassau, Bahamas - Puerto Costa Maya, Mexico - Cozumel, Mexico - Fort Lauderdale, Florida",AL06FLL-3043633477-2025-12-14,2025-12-14,We Choose Your Suite,1629
2025-11-22T22:09:05.857590,"https://www.royalcaribbean.com/gbr/en/cruises?search=departurePort:BCN,BYE,FLL,LAX,MIA,ROM,SIN,YOK|nights:6~8,9~11,gte12|ship:AL,AN,HM,IC,LE,OA,OV,OY,QN,ST,SY,UT,WN&country=IRL&market=gbr&language=en",https://www.royalcaribbean.com/gbr/en/cruises/itinerary/6-night-western-caribbean-from-fort-on-allure/AL06FLL-3043633477?sail-date=2025-12-14&currency=EUR&country=IRL,AL06FLL-3043633477,Western Caribbean Cruise,6,Allure of the Seas,AL,"Fort Lauderdale, Florida",FLL,"Fort Lauderdale, Florida - Nassau, Bahamas - Puerto Costa Maya, Mexico - Cozumel, Mexico - Fort Lauderdale, Florida",AL06FLL-3043633477-2025-12-14,2025-12-14,Sky Junior Suite,2413
2025-11-22T22:09:05.857590,"https://www.royalcaribbean.com/gbr/en/cruises?search=departurePort:BCN,BYE,FLL,LAX,MIA,ROM,SIN,YOK|nights:6~8,9~11,gte12|ship:AL,AN,HM,IC,LE,OA,OV,OY,QN,ST,SY,UT,WN&country=IRL&market=gbr&language=en",https://www.royalcaribbean.com/gbr/en/cruises/itinerary/6-night-western-caribbean-from-fort-on-allure/AL06FLL-3043633477?sail-date=2025-12-14&currency=EUR&country=IRL,AL06FLL-3043633477,Western Caribbean Cruise,6,Allure of the Seas,AL,"Fort Lauderdale, Florida",FLL,"Fort Lauderdale, Florida - Nassau, Bahamas - Puerto Costa Maya, Mexico - Cozumel, Mexico - Fort Lauderdale, Florida",AL06FLL-3043633477-2025-12-14,2025-12-14,Grand Suite 1 Bedroom,2681
2025-11-22T22:09:05.857590,"https://www.royalcaribbean.com/gbr/en/cruises?search=departurePort:BCN,BYE,FLL,LAX,MIA,ROM,SIN,YOK|nights:6~8,9~11,gte12|ship:AL,AN,HM,IC,LE,OA,OV,OY,QN,ST,SY,UT,WN&country=IRL&market=gbr&language=en",https://www.royalcaribbean.com/gbr/en/cruises/itinerary/6-night-western-caribbean-from-fort-on-allure/AL06FLL-3043633477?sail-date=2025-12-14&currency=EUR&country=IRL,AL06FLL-3043633477,Western Caribbean Cruise,6,Allure of the Seas,AL,"Fort Lauderdale, Florida",FLL,"Fort Lauderdale, Florida - Nassau, Bahamas - Puerto Costa Maya, Mexico - Cozumel, Mexico - Fort Lauderdale, Florida",AL06FLL-3043633477-2025-11-30,2025-11-30,Balcony,755
2025-11-22T22:09:05.857590,"https://www.royalcaribbean.com/gbr/en/cruises?search=departurePort:BCN,BYE,FLL,LAX,MIA,ROM,SIN,YOK|nights:6~8,9~11,gte12|ship:AL,AN,HM,IC,LE,OA,OV,OY,QN,ST,SY,UT,WN&country=IRL&market=gbr&language=en",https://www.royalcaribbean.com/gbr/en/cruises/itinerary/6-night-western-caribbean-from-fort-on-allure/AL06FLL-3043633477?sail-date=2025-12-14&currency=EUR&country=IRL,AL06FLL-3043633477,Western Caribbean Cruise,6,Allure of the Seas,AL,"Fort Lauderdale, Florida",FLL,"Fort Lauderdale, Florida - Nassau, Bahamas - Puerto Costa Maya, Mexico - Cozumel, Mexico - Fort Lauderdale, Florida",AL06FLL-3043633477-2025-11-30,2025-11-30,Suite Guarantee,2590
2025-11-22T22:09:05.857590,"https://www.royalcaribbean.com/gbr/en/cruises?search=departurePort:BCN,BYE,FLL,LAX,MIA,ROM,SIN,YOK|nights:6~8,9~11,gte12|ship:AL,AN,HM,IC,LE,OA,OV,OY,QN,ST,SY,UT,WN&country=IRL&market=gbr&language=en",https://www.royalcaribbean.com/gbr/en/cruises/itinerary/6-night-western-caribbean-from-fort-on-allure/AL06FLL-3043633477?sail-date=2025-12-14&currency=EUR&country=IRL,AL06FLL-3043633477,Western Caribbean Cruise,6,Allure of the Seas,AL,"Fort Lauderdale, Florida",FLL,"Fort Lauderdale, Florida - Nassau, Bahamas - Puerto Costa Maya, Mexico - Cozumel, Mexico - Fort Lauderdale, Florida",AL06FLL-3043633477-2025-11-30,2025-11-30,We Choose Your Suite,1629
2025-11-22T22:09:05.857590,"https://www.royalcaribbean.com/gbr/en/cruises?search=departurePort:BCN,BYE,FLL,LAX,MIA,ROM,SIN,YOK|nights:6~8,9~11,gte12|ship:AL,AN,HM,IC,LE,OA,OV,OY,QN,ST,SY,UT,WN&country=IRL&market=gbr&language=en",https://www.royalcaribbean.com/gbr/en/cruises/itinerary/6-night-western-caribbean-from-fort-on-allure/AL06FLL-3043633477?sail-date=2025-12-14&currency=EUR&country=IRL,AL06FLL-3043633477,Western Caribbean Cruise,6,Allure of the Seas,AL,"Fort Lauderdale, Florida",FLL,"Fort Lauderdale, Florida - Nassau, Bahamas - Puerto Costa Maya, Mexico - Cozumel, Mexico - Fort Lauderdale, Florida",AL06FLL-3043633477-2025-11-30,2025-11-30,Sky Junior Suite,2413
2025-11-22T22:09:05.857590,"https://www.royalcaribbean.com/gbr/en/cruises?search=departurePort:BCN,BYE,FLL,LAX,MIA,ROM,SIN,YOK|nights:6~8,9~11,gte12|ship:AL,AN,HM,IC,LE,OA,OV,OY,QN,ST,SY,UT,WN&country=IRL&market=gbr&language=en",https://www.royalcaribbean.com/gbr/en/cruises/itinerary/6-night-western-caribbean-from-fort-on-allure/AL06FLL-3043633477?sail-date=2025-12-14&currency=EUR&country=IRL,AL06FLL-3043633477,Western Caribbean Cruise,6,Allure of the Seas,AL,"Fort Lauderdale, Florida",FLL,"Fort Lauderdale, Florida - Nassau, Bahamas - Puerto Costa Maya, Mexico - Cozumel, Mexico - Fort Lauderdale, Florida",AL06FLL-3043633477-2025-11-30,2025-11-30,Grand Suite 1 Bedroom,2681
2025-11-22T22:09:05.857590,"https://www.royalcaribbean.com/gbr/en/cruises?search=departurePort:BCN,BYE,FLL,LAX,MIA,ROM,SIN,YOK|nights:6~8,9~11,gte12|ship:AL,AN,HM,IC,LE,OA,OV,OY,QN,ST,SY,UT,WN&country=IRL&market=gbr&language=en",https://www.royalcaribbean.com/gbr/en/cruises/itinerary/6-night-western-caribbean-from-fort-on-allure/AL06FLL-3043633477?sail-date=2025-12-14&currency=EUR&country=IRL,AL06FLL-3043633477,Western Caribbean Cruise,6,Allure of the Seas,AL,"Fort Lauderdale, Florida",FLL,"Fort Lauderdale, Florida - Nassau, Bahamas - Puerto Costa Maya, Mexico - Cozumel, Mexico - Fort Lauderdale, Florida",AL06FLL-3043633477-2025-12-28,2025-12-28,Interior,1679
2025-11-22T22:09:05.857590,"https://www.royalcaribbean.com/gbr/en/cruises?search=departurePort:BCN,BYE,FLL,LAX,MIA,ROM,SIN,YOK|nights:6~8,9~11,gte12|ship:AL,AN,HM,IC,LE,OA,OV,OY,QN,ST,SY,UT,WN&country=IRL&market=gbr&language=en",https://www.royalcaribbean.com/gbr/en/cruises/itinerary/6-night-western-caribbean-from-fort-on-allure/AL06FLL-3043633477?sail-date=2025-12-14&currency=EUR&country=IRL,AL06FLL-3043633477,Western Caribbean Cruise,6,Allure of the Seas,AL,"Fort Lauderdale, Florida",FLL,"Fort Lauderdale, Florida - Nassau, Bahamas - Puerto Costa Maya, Mexico - Cozumel, Mexico - Fort Lauderdale, Florida",AL06FLL-3043633477-2025-12-28,2025-12-28,Ocean View,2355
2025-11-22T22:09:05.857590,"https://www.royalcaribbean.com/gbr/en/cruises?search=departurePort:BCN,BYE,FLL,LAX,MIA,ROM,SIN,YOK|nights:6~8,9~11,gte12|ship:AL,AN,HM,IC,LE,OA,OV,OY,QN,ST,SY,UT,WN&country=IRL&market=gbr&language=en",https://www.royalcaribbean.com/gbr/en/cruises/itinerary/6-night-western-caribbean-from-fort-on-allure/AL06FLL-3043633477?sail-date=2025-12-14&currency=EUR&country=IRL,AL06FLL-3043633477,Western Caribbean Cruise,6,Allure of the Seas,AL,"Fort Lauderdale, Florida",FLL,"Fort Lauderdale, Florida - Nassau, Bahamas - Puerto Costa Maya, Mexico - Cozumel, Mexico - Fort Lauderdale, Florida",AL06FLL-3043633477-2025-12-28,2025-12-28,Balcony,1811
2025-11-22T22:09:05.857590,"https://www.royalcaribbean.com/gbr/en/cruises?search=departurePort:BCN,BYE,FLL,LAX,MIA,ROM,SIN,YOK|nights:6~8,9~11,gte12|ship:AL,AN,HM,IC,LE,OA,OV,OY,QN,ST,SY,UT,WN&country=IRL&market=gbr&language=en",https://www.royalcaribbean.com/gbr/en/cruises/itinerary/6-night-western-caribbean-from-fort-on-allure/AL06FLL-3043633477?sail-date=2025-12-14&currency=EUR&country=IRL,AL06FLL-3043633477,Western Caribbean Cruise,6,Allure of the Seas,AL,"Fort Lauderdale, Florida",FLL,"Fort Lauderdale, Florida - Nassau, Bahamas - Puerto Costa Maya, Mexico - Cozumel, Mexico - Fort Lauderdale, Florida",AL06FLL-3043633477-2026-01-11,2026-01-11,Interior,769
2025-11-22T22:09:05.857590,"https://www.royalcaribbean.com/gbr/en/cruises?search=departurePort:BCN,BYE,FLL,LAX,MIA,ROM,SIN,YOK|nights:6~8,9~11,gte12|ship:AL,AN,HM,IC,LE,OA,OV,OY,QN,ST,SY,UT,WN&country=IRL&market=gbr&language=en",https://www.royalcaribbean.com/gbr/en/cruises/itinerary/6-night-western-caribbean-from-fort-on-allure/AL06FLL-3043633477?sail-date=2025-12-14&currency=EUR&country=IRL,AL06FLL-3043633477,Western Caribbean Cruise,6,Allure of the Seas,AL,"Fort Lauderdale, Florida",FLL,"Fort Lauderdale, Florida - Nassau, Bahamas - Puerto Costa Maya, Mexico - Cozumel, Mexico - Fort Lauderdale, Florida",AL06FLL-3043633477-2026-01-11,2026-01-11,Ocean View,1112
2025-11-22T22:09:05.857590,"https://www.royalcaribbean.com/gbr/en/cruises?search=departurePort:BCN,BYE,FLL,LAX,MIA,ROM,SIN,YOK|nights:6~8,9~11,gte12|ship:AL,AN,HM,IC,LE,OA,OV,OY,QN,ST,SY,UT,WN&country=IRL&market=gbr&language=en",https://www.royalcaribbean.com/gbr/en/cruises/itinerary/6-night-western-caribbean-from-fort-on-allure/AL06FLL-3043633477?sail-date=2025-12-14&currency=EUR&country=IRL,AL06FLL-3043633477,Western Caribbean Cruise,6,Allure of the Seas,AL,"Fort Lauderdale, Florida",FLL,"Fort Lauderdale, Florida - Nassau, Bahamas - Puerto Costa Maya, Mexico - Cozumel, Mexico - Fort Lauderdale, Florida",AL06FLL-3043633477-2026-01-11,2026-01-11,Balcony,1071
2025-11-22T22:09:05.857590,"https://www.royalcaribbean.com/gbr/en/cruises?search=departurePort:BCN,BYE,FLL,LAX,MIA,ROM,SIN,YOK|nights:6~8,9~11,gte12|ship:AL,AN,HM,IC,LE,OA,OV,OY,QN,ST,SY,UT,WN&country=IRL&market=gbr&language=en",https://www.royalcaribbean.com/gbr/en/cruises/itinerary/6-night-western-caribbean-from-fort-on-allure/AL06FLL-3043633477?sail-date=2025-12-14&currency=EUR&country=IRL,AL06FLL-3043633477,Western Caribbean Cruise,6,Allure of the Seas,AL,"Fort Lauderdale, Florida",FLL,"Fort Lauderdale, Florida - Nassau, Bahamas - Puerto Costa Maya, Mexico - Cozumel, Mexico - Fort Lauderdale, Florida",AL06FLL-3043633477-2026-01-11,2026-01-11,Suite Guarantee,2352
2025-11-22T22:09:05.857590,"https://www.royalcaribbean.com/gbr/en/cruises?search=departurePort:BCN,BYE,FLL,LAX,MIA,ROM,SIN,YOK|nights:6~8,9~11,gte12|ship:AL,AN,HM,IC,LE,OA,OV,OY,QN,ST,SY,UT,WN&country=IRL&market=gbr&language=en",https://www.royalcaribbean.com/gbr/en/cruises/itinerary/6-night-western-caribbean-from-fort-on-allure/AL06FLL-3043633477?sail-date=2025-12-14&currency=EUR&country=IRL,AL06FLL-3043633477,Western Caribbean Cruise,6,Allure of the Seas,AL,"Fort Lauderdale, Florida",FLL,"Fort Lauderdale, Florida - Nassau, Bahamas - Puerto Costa Maya, Mexico - Cozumel, Mexico - Fort Lauderdale, Florida",AL06FLL-3043633477-2026-01-11,2026-01-11,We Choose Your Suite,1629
2025-11-22T22:09:05.857590,"https://www.royalcaribbean.com/gbr/en/cruises?search=departurePort:BCN,BYE,FLL,LAX,MIA,ROM,SIN,YOK|nights:6~8,9~11,gte12|ship:AL,AN,HM,IC,LE,OA,OV,OY,QN,ST,SY,UT,WN&country=IRL&market=gbr&language=en",https://www.royalcaribbean.com/gbr/en/cruises/itinerary/6-night-western-caribbean-from-fort-on-allure/AL06FLL-3043633477?sail-date=2025-12-14&currency=EUR&country=IRL,AL06FLL-3043633477,Western Caribbean Cruise,6,Allure of the Seas,AL,"Fort Lauderdale, Florida",FLL,"Fort Lauderdale, Florida - Nassau, Bahamas - Puerto Costa Maya, Mexico - Cozumel, Mexico - Fort Lauderdale, Florida",AL06FLL-3043633477-2026-01-11,2026-01-11,Sky Junior Suite,2413
2025-11-22T22:09:05.857590,"https://www.royalcaribbean.com/gbr/en/cruises?search=departurePort:BCN,BYE,FLL,LAX,MIA,ROM,SIN,YOK|nights:6~8,9~11,gte12|ship:AL,AN,HM,IC,LE,OA,OV,OY,QN,ST,SY,UT,WN&country=IRL&market=gbr&language=en",https://www.royalcaribbean.com/gbr/en/cruises/itinerary/6-night-western-caribbean-from-fort-on-allure/AL06FLL-3043633477?sail-date=2025-12-14&currency=EUR&country=IRL,AL06FLL-3043633477,Western Caribbean Cruise,6,Allure of the Seas,AL,"Fort Lauderdale, Florida",FLL,"Fort Lauderdale, Florida - Nassau, Bahamas - Puerto Costa Maya, Mexico - Cozumel, Mexico - Fort Lauderdale, Florida",AL06FLL-3043633477-2026-01-11,2026-01-11,Grand Suite 1 Bedroom,2681
2025-11-22T22:09:05.857590,"https://www.royalcaribbean.com/gbr/en/cruises?search=departurePort:BCN,BYE,FLL,LAX,MIA,ROM,SIN,YOK|nights:6~8,9~11,gte12|ship:AL,AN,HM,IC,LE,OA,OV,OY,QN,ST,SY,UT,WN&country=IRL&market=gbr&language=en",https://www.royalcaribbean.com/gbr/en/cruises/itinerary/6-night-western-caribbean-from-fort-on-allure/AL06FLL-3043633477?sail-date=2025-12-14&currency=EUR&country=IRL,AL06FLL-3043633477,Western Caribbean Cruise,6,Allure of the Seas,AL,"Fort Lauderdale, Florida",FLL,"Fort Lauderdale, Florida - Nassau, Bahamas - Puerto Costa Maya, Mexico - Cozumel, Mexico - Fort Lauderdale, Florida",AL06FLL-3043633477-2026-01-25,2026-01-25,Interior,804
2025-11-22T22:09:05.857590,"https://www.royalcaribbean.com/gbr/en/cruises?search=departurePort:BCN,BYE,FLL,LAX,MIA,ROM,SIN,YOK|nights:6~8,9~11,gte12|ship:AL,AN,HM,IC,LE,OA,OV,OY,QN,ST,SY,UT,WN&country=IRL&market=gbr&language=en",https://www.royalcaribbean.com/gbr/en/cruises/itinerary/6-night-western-caribbean-from-fort-on-allure/AL06FLL-3043633477?sail-date=2025-12-14&currency=EUR&country=IRL,AL06FLL-3043633477,Western Caribbean Cruise,6,Allure of the Seas,AL,"Fort Lauderdale, Florida",FLL,"Fort Lauderdale, Florida - Nassau, Bahamas - Puerto Costa Maya, Mexico - Cozumel, Mexico - Fort Lauderdale, Florida",AL06FLL-3043633477-2026-01-25,2026-01-25,Ocean View,1046
2025-11-22T22:09:05.857590,"https://www.royalcaribbean.com/gbr/en/cruises?search=departurePort:BCN,BYE,FLL,LAX,MIA,ROM,SIN,YOK|nights:6~8,9~11,gte12|ship:AL,AN,HM,IC,LE,OA,OV,OY,QN,ST,SY,UT,WN&country=IRL&market=gbr&language=en",https://www.royalcaribbean.com/gbr/en/cruises/itinerary/6-night-western-caribbean-from-fort-on-allure/AL06FLL-3043633477?sail-date=2025-12-14&currency=EUR&country=IRL,AL06FLL-3043633477,Western Caribbean Cruise,6,Allure of the Seas,AL,"Fort Lauderdale, Florida",FLL,"Fort Lauderdale, Florida - Nassau, Bahamas - Puerto Costa Maya, Mexico - Cozumel, Mexico - Fort Lauderdale, Florida",AL06FLL-3043633477-2026-01-25,2026-01-25,Balcony,810
2025-11-22T22:09:05.857590,"https://www.royalcaribbean.com/gbr/en/cruises?search=departurePort:BCN,BYE,FLL,LAX,MIA,ROM,SIN,YOK|nights:6~8,9~11,gte12|ship:AL,AN,HM,IC,LE,OA,OV,OY,QN,ST,SY,UT,WN&country=IRL&market=gbr&language=en",https://www.royalcaribbean.com/gbr/en/cruises/itinerary/6-night-western-caribbean-from-fort-on-allure/AL06FLL-3043633477?sail-date=2025-12-14&currency=EUR&country=IRL,AL06FLL-3043633477,Western Caribbean Cruise,6,Allure of the Seas,AL,"Fort Lauderdale, Florida",FLL,"Fort Lauderdale, Florida - Nassau, Bahamas - Puerto Costa Maya, Mexico - Cozumel, Mexico - Fort Lauderdale, Florida",AL06FLL-3043633477-2026-01-25,2026-01-25,Suite Guarantee,2249
2025-11-22T22:09:05.857590,"https://www.royalcaribbean.com/gbr/en/cruises?search=departurePort:BCN,BYE,FLL,LAX,MIA,ROM,SIN,YOK|nights:6~8,9~11,gte12|ship:AL,AN,HM,IC,LE,OA,OV,OY,QN,ST,SY,UT,WN&country=IRL&market=gbr&language=en",https://www.royalcaribbean.com/gbr/en/cruises/itinerary/6-night-western-caribbean-from-fort-on-allure/AL06FLL-3043633477?sail-date=2025-12-14&currency=EUR&country=IRL,AL06FLL-3043633477,Western Caribbean Cruise,6,Allure of the Seas,AL,"Fort Lauderdale, Florida",FLL,"Fort Lauderdale, Florida - Nassau, Bahamas - Puerto Costa Maya, Mexico - Cozumel, Mexico - Fort Lauderdale, Florida",AL06FLL-3043633477-2026-01-25,2026-01-25,We Choose Your Suite,1629
2025-11-22T22:09:05.857590,"https://www.royalcaribbean.com/gbr/en/cruises?search=departurePort:BCN,BYE,FLL,LAX,MIA,ROM,SIN,YOK|nights:6~8,9~11,gte12|ship:AL,AN,HM,IC,LE,OA,OV,OY,QN,ST,SY,UT,WN&country=IRL&market=gbr&language=en",https://www.royalcaribbean.com/gbr/en/cruises/itinerary/6-night-western-caribbean-from-fort-on-allure/AL06FLL-3043633477?sail-date=2025-12-14&currency=EUR&country=IRL,AL06FLL-3043633477,Western Caribbean Cruise,6,Allure of the Seas,AL,"Fort Lauderdale, Florida",FLL,"Fort Lauderdale, Florida - Nassau, Bahamas - Puerto Costa Maya, Mexico - Cozumel, Mexico - Fort Lauderdale, Florida",AL06FLL-3043633477-2026-01-25,2026-01-25,Sky Junior Suite,2413
2025-11-22T22:09:05.857590,"https://www.royalcaribbean.com/gbr/en/cruises?search=departurePort:BCN,BYE,FLL,LAX,MIA,ROM,SIN,YOK|nights:6~8,9~11,gte12|ship:AL,AN,HM,IC,LE,OA,OV,OY,QN,ST,SY,UT,WN&country=IRL&market=gbr&language=en",https://www.royalcaribbean.com/gbr/en/cruises/itinerary/6-night-western-caribbean-from-fort-on-allure/AL06FLL-3043633477?sail-date=2025-12-14&currency=EUR&country=IRL,AL06FLL-3043633477,Western Caribbean Cruise,6,Allure of the Seas,AL,"Fort Lauderdale, Florida",FLL,"Fort Lauderdale, Florida - Nassau, Bahamas - Puerto Costa Maya, Mexico - Cozumel, Mexico - Fort Lauderdale, Florida",AL06FLL-3043633477-2026-01-25,2026-01-25,Grand Suite 1 Bedroom,2681
2025-11-22T22:09:05.857590,"https://www.royalcaribbean.com/gbr/en/cruises?search=departurePort:BCN,BYE,FLL,LAX,MIA,ROM,SIN,YOK|nights:6~8,9~11,gte12|ship:AL,AN,HM,IC,LE,OA,OV,OY,QN,ST,SY,UT,WN&country=IRL&market=gbr&language=en",https://www.royalcaribbean.com/gbr/en/cruises/itinerary/8-nt-southern-caribbean-perfect-day-from-fort-on-oasis/OA08FLL-1526020877?sail-date=2025-12-13&currency=EUR&country=IRL,OA08FLL-1526020877,Southern Caribbean & Perfect Day,8,Oasis of the Seas,OA,"Fort Lauderdale, Florida",FLL,"Fort Lauderdale, Florida - Oranjestad, Aruba - Willemstad, Curacao - Cabo Rojo, Dominican Republic - Perfect Day at CocoCay, Bahamas - Fort Lauderdale, Florida",OA08FLL-1526020877-2025-12-13,2025-12-13,Interior,1000
2025-11-22T22:09:05.857590,"https://www.royalcaribbean.com/gbr/en/cruises?search=departurePort:BCN,BYE,FLL,LAX,MIA,ROM,SIN,YOK|nights:6~8,9~11,gte12|ship:AL,AN,HM,IC,LE,OA,OV,OY,QN,ST,SY,UT,WN&country=IRL&market=gbr&language=en",https://www.royalcaribbean.com/gbr/en/cruises/itinerary/8-nt-southern-caribbean-perfect-day-from-fort-on-oasis/OA08FLL-1526020877?sail-date=2025-12-13&currency=EUR&country=IRL,OA08FLL-1526020877,Southern Caribbean & Perfect Day,8,Oasis of the Seas,OA,"Fort Lauderdale, Florida",FLL,"Fort Lauderdale, Florida - Oranjestad, Aruba - Willemstad, Curacao - Cabo Rojo, Dominican Republic - Perfect Day at CocoCay, Bahamas - Fort Lauderdale, Florida",OA08FLL-1526020877-2025-12-13,2025-12-13,Ocean View,1449
2025-11-22T22:09:05.857590,"https://www.royalcaribbean.com/gbr/en/cruises?search=departurePort:BCN,BYE,FLL,LAX,MIA,ROM,SIN,YOK|nights:6~8,9~11,gte12|ship:AL,AN,HM,IC,LE,OA,OV,OY,QN,ST,SY,UT,WN&country=IRL&market=gbr&language=en",https://www.royalcaribbean.com/gbr/en/cruises/itinerary/8-nt-southern-caribbean-perfect-day-from-fort-on-oasis/OA08FLL-1526020877?sail-date=2025-12-13&currency=EUR&country=IRL,OA08FLL-1526020877,Southern Caribbean & Perfect Day,8,Oasis of the Seas,OA,"Fort Lauderdale, Florida",FLL,"Fort Lauderdale, Florida - Oranjestad, Aruba - Willemstad, Curacao - Cabo Rojo, Dominican Republic - Perfect Day at CocoCay, Bahamas - Fort Lauderdale, Florida",OA08FLL-1526020877-2025-12-13,2025-12-13,Balcony,1479
2025-11-22T22:09:05.857590,"https://www.royalcaribbean.com/gbr/en/cruises?search=departurePort:BCN,BYE,FLL,LAX,MIA,ROM,SIN,YOK|nights:6~8,9~11,gte12|ship:AL,AN,HM,IC,LE,OA,OV,OY,QN,ST,SY,UT,WN&country=IRL&market=gbr&language=en",https://www.royalcaribbean.com/gbr/en/cruises/itinerary/8-nt-southern-caribbean-perfect-day-from-fort-on-oasis/OA08FLL-1526020877?sail-date=2025-12-13&currency=EUR&country=IRL,OA08FLL-1526020877,Southern Caribbean & Perfect Day,8,Oasis of the Seas,OA,"Fort Lauderdale, Florida",FLL,"Fort Lauderdale, Florida - Oranjestad, Aruba - Willemstad, Curacao - Cabo Rojo, Dominican Republic - Perfect Day at CocoCay, Bahamas - Fort Lauderdale, Florida",OA08FLL-1526020877-2025-12-13,2025-12-13,Suite Guarantee,2342
2025-11-22T22:09:05.857590,"https://www.royalcaribbean.com/gbr/en/cruises?search=departurePort:BCN,BYE,FLL,LAX,MIA,ROM,SIN,YOK|nights:6~8,9~11,gte12|ship:AL,AN,HM,IC,LE,OA,OV,OY,QN,ST,SY,UT,WN&country=IRL&market=gbr&language=en",https://www.royalcaribbean.com/gbr/en/cruises/itinerary/8-nt-southern-caribbean-perfect-day-from-fort-on-oasis/OA08FLL-1526020877?sail-date=2025-12-13&currency=EUR&country=IRL,OA08FLL-1526020877,Southern Caribbean & Perfect Day,8,Oasis of the Seas,OA,"Fort Lauderdale, Florida",FLL,"Fort Lauderdale, Florida - Oranjestad, Aruba - Willemstad, Curacao - Cabo Rojo, Dominican Republic - Perfect Day at CocoCay, Bahamas - Fort Lauderdale, Florida",OA08FLL-1526020877-2025-12-13,2025-12-13,We Choose Your Suite,2342
2025-11-22T22:09:05.857590,"https://www.royalcaribbean.com/gbr/en/cruises?search=departurePort:BCN,BYE,FLL,LAX,MIA,ROM,SIN,YOK|nights:6~8,9~11,gte12|ship:AL,AN,HM,IC,LE,OA,OV,OY,QN,ST,SY,UT,WN&country=IRL&market=gbr&language=en",https://www.royalcaribbean.com/gbr/en/cruises/itinerary/8-nt-southern-caribbean-perfect-day-from-fort-on-oasis/OA08FLL-1526020877?sail-date=2025-12-13&currency=EUR&country=IRL,OA08FLL-1526020877,Southern Caribbean & Perfect Day,8,Oasis of the Seas,OA,"Fort Lauderdale, Florida",FLL,"Fort Lauderdale, Florida - Oranjestad, Aruba - Willemstad, Curacao - Cabo Rojo, Dominican Republic - Perfect Day at CocoCay, Bahamas - Fort Lauderdale, Florida",OA08FLL-1526020877-2025-12-13,2025-12-13,Junior Suite,2670
2025-11-22T22:09:05.857590,"https://www.royalcaribbean.com/gbr/en/cruises?search=departurePort:BCN,BYE,FLL,LAX,MIA,ROM,SIN,YOK|nights:6~8,9~11,gte12|ship:AL,AN,HM,IC,LE,OA,OV,OY,QN,ST,SY,UT,WN&country=IRL&market=gbr&language=en",https://www.royalcaribbean.com/gbr/en/cruises/itinerary/8-nt-southern-caribbean-perfect-day-from-fort-on-oasis/OA08FLL-1526020877?sail-date=2025-12-13&currency=EUR&country=IRL,OA08FLL-1526020877,Southern Caribbean & Perfect Day,8,Oasis of the Seas,OA,"Fort Lauderdale, Florida",FLL,"Fort Lauderdale, Florida - Oranjestad, Aruba - Willemstad, Curacao - Cabo Rojo, Dominican Republic - Perfect Day at CocoCay, Bahamas - Fort Lauderdale, Florida",OA08FLL-1526020877-2025-12-13,2025-12-13,Crown Loft Suite,4463
2025-11-22T22:09:05.857590,"https://www.royalcaribbean.com/gbr/en/cruises?search=departurePort:BCN,BYE,FLL,LAX,MIA,ROM,SIN,YOK|nights:6~8,9~11,gte12|ship:AL,AN,HM,IC,LE,OA,OV,OY,QN,ST,SY,UT,WN&country=IRL&market=gbr&language=en",https://www.royalcaribbean.com/gbr/en/cruises/itinerary/8-nt-southern-caribbean-perfect-day-from-fort-on-oasis/OA08FLL-1526020877?sail-date=2025-12-13&currency=EUR&country=IRL,OA08FLL-1526020877,Southern Caribbean & Perfect Day,8,Oasis of the Seas,OA,"Fort Lauderdale, Florida",FLL,"Fort Lauderdale, Florida - Oranjestad, Aruba - Willemstad, Curacao - Cabo Rojo, Dominican Republic - Perfect Day at CocoCay, Bahamas - Fort Lauderdale, Florida",OA08FLL-1526020877-2025-12-13,2025-12-13,Owners Suite 1 Bedroom,4683
2025-11-22T22:09:05.857590,"https://www.royalcaribbean.com/gbr/en/cruises?search=departurePort:BCN,BYE,FLL,LAX,MIA,ROM,SIN,YOK|nights:6~8,9~11,gte12|ship:AL,AN,HM,IC,LE,OA,OV,OY,QN,ST,SY,UT,WN&country=IRL&market=gbr&language=en",https://www.royalcaribbean.com/gbr/en/cruises/itinerary/8-nt-southern-caribbean-perfect-day-from-fort-on-oasis/OA08FLL-1526020877?sail-date=2025-12-13&currency=EUR&country=IRL,OA08FLL-1526020877,Southern Caribbean & Perfect Day,8,Oasis of the Seas,OA,"Fort Lauderdale, Florida",FLL,"Fort Lauderdale, Florida - Oranjestad, Aruba - Willemstad, Curacao - Cabo Rojo, Dominican Republic - Perfect Day at CocoCay, Bahamas - Fort Lauderdale, Florida",OA08FLL-1526020877-2025-12-13,2025-12-13,Ultimate Panoramic Suite,7780
2025-11-22T22:09:05.857590,"https://www.royalcaribbean.com/gbr/en/cruises?search=departurePort:BCN,BYE,FLL,LAX,MIA,ROM,SIN,YOK|nights:6~8,9~11,gte12|ship:AL,AN,HM,IC,LE,OA,OV,OY,QN,ST,SY,UT,WN&country=IRL&market=gbr&language=en",https://www.royalcaribbean.com/gbr/en/cruises/itinerary/8-nt-southern-caribbean-perfect-day-from-fort-on-oasis/OA08FLL-1526020877?sail-date=2025-12-13&currency=EUR&country=IRL,OA08FLL-1526020877,Southern Caribbean & Perfect Day,8,Oasis of the Seas,OA,"Fort Lauderdale, Florida",FLL,"Fort Lauderdale, Florida - Oranjestad, Aruba - Willemstad, Curacao - Cabo Rojo, Dominican Republic - Perfect Day at CocoCay, Bahamas - Fort Lauderdale, Florida",OA08FLL-1526020877-2025-12-13,2025-12-13,Aquatheater Suite With Large Balcony 2 Bedrooms,9201
2025-11-22T22:09:05.857590,"https://www.royalcaribbean.com/gbr/en/cruises?search=departurePort:BCN,BYE,FLL,LAX,MIA,ROM,SIN,YOK|nights:6~8,9~11,gte12|ship:AL,AN,HM,IC,LE,OA,OV,OY,QN,ST,SY,UT,WN&country=IRL&market=gbr&language=en",https://www.royalcaribbean.com/gbr/en/cruises/itinerary/8-nt-southern-caribbean-perfect-day-from-fort-on-oasis/OA08FLL-1526020877?sail-date=2025-12-13&currency=EUR&country=IRL,OA08FLL-1526020877,Southern Caribbean & Perfect Day,8,Oasis of the Seas,OA,"Fort Lauderdale, Florida",FLL,"Fort Lauderdale, Florida - Oranjestad, Aruba - Willemstad, Curacao - Cabo Rojo, Dominican Republic - Perfect Day at CocoCay, Bahamas - Fort Lauderdale, Florida",OA08FLL-1526020877-2025-12-13,2025-12-13,Owners Panoramic Suite 1 Bedroom,9720
2025-11-22T22:09:05.857590,"https://www.royalcaribbean.com/gbr/en/cruises?search=departurePort:BCN,BYE,FLL,LAX,MIA,ROM,SIN,YOK|nights:6~8,9~11,gte12|ship:AL,AN,HM,IC,LE,OA,OV,OY,QN,ST,SY,UT,WN&country=IRL&market=gbr&language=en",https://www.royalcaribbean.com/gbr/en/cruises/itinerary/8-nt-southern-caribbean-perfect-day-from-fort-on-oasis/OA08FLL-1526020877?sail-date=2025-12-13&currency=EUR&country=IRL,OA08FLL-1526020877,Southern Caribbean & Perfect Day,8,Oasis of the Seas,OA,"Fort Lauderdale, Florida",FLL,"Fort Lauderdale, Florida - Oranjestad, Aruba - Willemstad, Curacao - Cabo Rojo, Dominican Republic - Perfect Day at CocoCay, Bahamas - Fort Lauderdale, Florida",OA08FLL-1526020877-2025-11-29,2025-11-29,Balcony,1405
2025-11-22T22:09:05.857590,"https://www.royalcaribbean.com/gbr/en/cruises?search=departurePort:BCN,BYE,FLL,LAX,MIA,ROM,SIN,YOK|nights:6~8,9~11,gte12|ship:AL,AN,HM,IC,LE,OA,OV,OY,QN,ST,SY,UT,WN&country=IRL&market=gbr&language=en",https://www.royalcaribbean.com/gbr/en/cruises/itinerary/8-nt-south-caribbean-perfect-holiday-from-fort-on-oasis/OA08FLL-3549270466?sail-date=2026-01-10&currency=EUR&country=IRL,OA08FLL-3549270466,South Caribbean & Perfect Holiday,8,Oasis of the Seas,OA,"Fort Lauderdale, Florida",FLL,"Fort Lauderdale, Florida - Oranjestad, Aruba - Willemstad, Curacao - Perfect Day at CocoCay, Bahamas - Fort Lauderdale, Florida",OA08FLL-3549270466-2026-01-10,2026-01-10,Interior,981
2025-11-22T22:09:05.857590,"https://www.royalcaribbean.com/gbr/en/cruises?search=departurePort:BCN,BYE,FLL,LAX,MIA,ROM,SIN,YOK|nights:6~8,9~11,gte12|ship:AL,AN,HM,IC,LE,OA,OV,OY,QN,ST,SY,UT,WN&country=IRL&market=gbr&language=en",https://www.royalcaribbean.com/gbr/en/cruises/itinerary/8-nt-south-caribbean-perfect-holiday-from-fort-on-oasis/OA08FLL-3549270466?sail-date=2026-01-10&currency=EUR&country=IRL,OA08FLL-3549270466,South Caribbean & Perfect Holiday,8,Oasis of the Seas,OA,"Fort Lauderdale, Florida",FLL,"Fort Lauderdale, Florida - Oranjestad, Aruba - Willemstad, Curacao - Perfect Day at CocoCay, Bahamas - Fort Lauderdale, Florida",OA08FLL-3549270466-2026-01-10,2026-01-10,Ocean View,1393
2025-11-22T22:09:05.857590,"https://www.royalcaribbean.com/gbr/en/cruises?search=departurePort:BCN,BYE,FLL,LAX,MIA,ROM,SIN,YOK|nights:6~8,9~11,gte12|ship:AL,AN,HM,IC,LE,OA,OV,OY,QN,ST,SY,UT,WN&country=IRL&market=gbr&language=en",https://www.royalcaribbean.com/gbr/en/cruises/itinerary/8-nt-south-caribbean-perfect-holiday-from-fort-on-oasis/OA08FLL-3549270466?sail-date=2026-01-10&currency=EUR&country=IRL,OA08FLL-3549270466,South Caribbean & Perfect Holiday,8,Oasis of the Seas,OA,"Fort Lauderdale, Florida",FLL,"Fort Lauderdale, Florida - Oranjestad, Aruba - Willemstad, Curacao - Perfect Day at CocoCay, Bahamas - Fort Lauderdale, Florida",OA08FLL-3549270466-2026-01-10,2026-01-10,Balcony,1248
2025-11-22T22:09:05.857590,"https://www.royalcaribbean.com/gbr/en/cruises?search=departurePort:BCN,BYE,FLL,LAX,MIA,ROM,SIN,YOK|nights:6~8,9~11,gte12|ship:AL,AN,HM,IC,LE,OA,OV,OY,QN,ST,SY,UT,WN&country=IRL&market=gbr&language=en",https://www.royalcaribbean.com/gbr/en/cruises/itinerary/8-nt-south-caribbean-perfect-holiday-from-fort-on-oasis/OA08FLL-3549270466?sail-date=2026-01-10&currency=EUR&country=IRL,OA08FLL-3549270466,South Caribbean & Perfect Holiday,8,Oasis of the Seas,OA,"Fort Lauderdale, Florida",FLL,"Fort Lauderdale, Florida - Oranjestad, Aruba - Willemstad, Curacao - Perfect Day at CocoCay, Bahamas - Fort Lauderdale, Florida",OA08FLL-3549270466-2026-01-10,2026-01-10,Suite Guarantee,6326
2025-11-22T22:09:05.857590,"https://www.royalcaribbean.com/gbr/en/cruises?search=departurePort:BCN,BYE,FLL,LAX,MIA,ROM,SIN,YOK|nights:6~8,9~11,gte12|ship:AL,AN,HM,IC,LE,OA,OV,OY,QN,ST,SY,UT,WN&country=IRL&market=gbr&language=en",https://www.royalcaribbean.com/gbr/en/cruises/itinerary/8-nt-south-caribbean-perfect-holiday-from-fort-on-oasis/OA08FLL-3549270466?sail-date=2026-01-10&currency=EUR&country=IRL,OA08FLL-3549270466,South Caribbean & Perfect Holiday,8,Oasis of the Seas,OA,"Fort Lauderdale, Florida",FLL,"Fort Lauderdale, Florida - Oranjestad, Aruba - Willemstad, Curacao - Perfect Day at CocoCay, Bahamas - Fort Lauderdale, Florida",OA08FLL-3549270466-2026-01-10,2026-01-10,Spacious Aquatheater Suite 1 Bedroom,6326
2025-11-22T22:09:05.857590,"https://www.royalcaribbean.com/gbr/en/cruises?search=departurePort:BCN,BYE,FLL,LAX,MIA,ROM,SIN,YOK|nights:6~8,9~11,gte12|ship:AL,AN,HM,IC,LE,OA,OV,OY,QN,ST,SY,UT,WN&country=IRL&market=gbr&language=en",https://www.royalcaribbean.com/gbr/en/cruises/itinerary/8-nt-south-caribbean-perfect-holiday-from-fort-on-oasis/OA08FLL-3549270466?sail-date=2026-01-10&currency=EUR&country=IRL,OA08FLL-3549270466,South Caribbean & Perfect Holiday,8,Oasis of the Seas,OA,"Fort Lauderdale, Florida",FLL,"Fort Lauderdale, Florida - Oranjestad, Aruba - Willemstad, Curacao - Perfect Day at CocoCay, Bahamas - Fort Lauderdale, Florida",OA08FLL-3549270466-2026-01-10,2026-01-10,Ultimate Panoramic Suite,9267
2025-11-22T22:09:05.857590,"https://www.royalcaribbean.com/gbr/en/cruises?search=departurePort:BCN,BYE,FLL,LAX,MIA,ROM,SIN,YOK|nights:6~8,9~11,gte12|ship:AL,AN,HM,IC,LE,OA,OV,OY,QN,ST,SY,UT,WN&country=IRL&market=gbr&language=en",https://www.royalcaribbean.com/gbr/en/cruises/itinerary/8-nt-south-caribbean-perfect-holiday-from-fort-on-oasis/OA08FLL-3549270466?sail-date=2026-01-10&currency=EUR&country=IRL,OA08FLL-3549270466,South Caribbean & Perfect Holiday,8,Oasis of the Seas,OA,"Fort Lauderdale, Florida",FLL,"Fort Lauderdale, Florida - Oranjestad, Aruba - Willemstad, Curacao - Perfect Day at CocoCay, Bahamas - Fort Lauderdale, Florida",OA08FLL-3549270466-2025-12-27,2025-12-27,Interior,1841
2025-11-22T22:09:05.857590,"https://www.royalcaribbean.com/gbr/en/cruises?search=departurePort:BCN,BYE,FLL,LAX,MIA,ROM,SIN,YOK|nights:6~8,9~11,gte12|ship:AL,AN,HM,IC,LE,OA,OV,OY,QN,ST,SY,UT,WN&country=IRL&market=gbr&language=en",https://www.royalcaribbean.com/gbr/en/cruises/itinerary/8-nt-south-caribbean-perfect-holiday-from-fort-on-oasis/OA08FLL-3549270466?sail-date=2026-01-10&currency=EUR&country=IRL,OA08FLL-3549270466,South Caribbean & Perfect Holiday,8,Oasis of the Seas,OA,"Fort Lauderdale, Florida",FLL,"Fort Lauderdale, Florida - Oranjestad, Aruba - Willemstad, Curacao - Perfect Day at CocoCay, Bahamas - Fort Lauderdale, Florida",OA08FLL-3549270466-2025-12-27,2025-12-27,Balcony,2878
2025-11-22T22:09:05.857590,"https://www.royalcaribbean.com/gbr/en/cruises?search=departurePort:BCN,BYE,FLL,LAX,MIA,ROM,SIN,YOK|nights:6~8,9~11,gte12|ship:AL,AN,HM,IC,LE,OA,OV,OY,QN,ST,SY,UT,WN&country=IRL&market=gbr&language=en",https://www.royalcaribbean.com/gbr/en/cruises/itinerary/8-nt-south-caribbean-perfect-holiday-from-fort-on-oasis/OA08FLL-3549270466?sail-date=2026-01-10&currency=EUR&country=IRL,OA08FLL-3549270466,South Caribbean & Perfect Holiday,8,Oasis of the Seas,OA,"Fort Lauderdale, Florida",FLL,"Fort Lauderdale, Florida - Oranjestad, Aruba - Willemstad, Curacao - Perfect Day at CocoCay, Bahamas - Fort Lauderdale, Florida",OA08FLL-3549270466-2025-12-27,2025-12-27,Suite Guarantee,6795
2025-11-22T22:09:05.857590,"https://www.royalcaribbean.com/gbr/en/cruises?search=departurePort:BCN,BYE,FLL,LAX,MIA,ROM,SIN,YOK|nights:6~8,9~11,gte12|ship:AL,AN,HM,IC,LE,OA,OV,OY,QN,ST,SY,UT,WN&country=IRL&market=gbr&language=en",https://www.royalcaribbean.com/gbr/en/cruises/itinerary/8-nt-south-caribbean-perfect-holiday-from-fort-on-oasis/OA08FLL-3549270466?sail-date=2026-01-10&currency=EUR&country=IRL,OA08FLL-3549270466,South Caribbean & Perfect Holiday,8,Oasis of the Seas,OA,"Fort Lauderdale, Florida",FLL,"Fort Lauderdale, Florida - Oranjestad, Aruba - Willemstad, Curacao - Perfect Day at CocoCay, Bahamas - Fort Lauderdale, Florida",OA08FLL-3549270466-2025-12-27,2025-12-27,Spacious Aquatheater Suite 1 Bedroom,6326
2025-11-22T22:09:05.857590,"https://www.royalcaribbean.com/gbr/en/cruises?search=departurePort:BCN,BYE,FLL,LAX,MIA,ROM,SIN,YOK|nights:6~8,9~11,gte12|ship:AL,AN,HM,IC,LE,OA,OV,OY,QN,ST,SY,UT,WN&country=IRL&market=gbr&language=en",https://www.royalcaribbean.com/gbr/en/cruises/itinerary/8-nt-south-caribbean-perfect-holiday-from-fort-on-oasis/OA08FLL-3549270466?sail-date=2026-01-10&currency=EUR&country=IRL,OA08FLL-3549270466,South Caribbean & Perfect Holiday,8,Oasis of the Seas,OA,"Fort Lauderdale, Florida",FLL,"Fort Lauderdale, Florida - Oranjestad, Aruba - Willemstad, Curacao - Perfect Day at CocoCay, Bahamas - Fort Lauderdale, Florida",OA08FLL-3549270466-2025-12-27,2025-12-27,Ultimate Panoramic Suite,9267
2025-11-22T22:09:05.857590,"https://www.royalcaribbean.com/gbr/en/cruises?search=departurePort:BCN,BYE,FLL,LAX,MIA,ROM,SIN,YOK|nights:6~8,9~11,gte12|ship:AL,AN,HM,IC,LE,OA,OV,OY,QN,ST,SY,UT,WN&country=IRL&market=gbr&language=en",https://www.royalcaribbean.com/gbr/en/cruises/itinerary/8-nt-south-caribbean-perfect-holiday-from-fort-on-oasis/OA08FLL-3549270466?sail-date=2026-01-10&currency=EUR&country=IRL,OA08FLL-3549270466,South Caribbean & Perfect Holiday,8,Oasis of the Seas,OA,"Fort Lauderdale, Florida",FLL,"Fort Lauderdale, Florida - Oranjestad, Aruba - Willemstad, Curacao - Perfect Day at CocoCay, Bahamas - Fort Lauderdale, Florida",OA08FLL-3549270466-2026-01-24,2026-01-24,Interior,1023
2025-11-22T22:09:05.857590,"https://www.royalcaribbean.com/gbr/en/cruises?search=departurePort:BCN,BYE,FLL,LAX,MIA,ROM,SIN,YOK|nights:6~8,9~11,gte12|ship:AL,AN,HM,IC,LE,OA,OV,OY,QN,ST,SY,UT,WN&country=IRL&market=gbr&language=en",https://www.royalcaribbean.com/gbr/en/cruises/itinerary/8-nt-south-caribbean-perfect-holiday-from-fort-on-oasis/OA08FLL-3549270466?sail-date=2026-01-10&currency=EUR&country=IRL,OA08FLL-3549270466,South Caribbean & Perfect Holiday,8,Oasis of the Seas,OA,"Fort Lauderdale, Florida",FLL,"Fort Lauderdale, Florida - Oranjestad, Aruba - Willemstad, Curacao - Perfect Day at CocoCay, Bahamas - Fort Lauderdale, Florida",OA08FLL-3549270466-2026-01-24,2026-01-24,Balcony,1614
2025-11-22T22:09:05.857590,"https://www.royalcaribbean.com/gbr/en/cruises?search=departurePort:BCN,BYE,FLL,LAX,MIA,ROM,SIN,YOK|nights:6~8,9~11,gte12|ship:AL,AN,HM,IC,LE,OA,OV,OY,QN,ST,SY,UT,WN&country=IRL&market=gbr&language=en",https://www.royalcaribbean.com/gbr/en/cruises/itinerary/8-nt-south-caribbean-perfect-holiday-from-fort-on-oasis/OA08FLL-3549270466?sail-date=2026-01-10&currency=EUR&country=IRL,OA08FLL-3549270466,South Caribbean & Perfect Holiday,8,Oasis of the Seas,OA,"Fort Lauderdale, Florida",FLL,"Fort Lauderdale, Florida - Oranjestad, Aruba - Willemstad, Curacao - Perfect Day at CocoCay, Bahamas - Fort Lauderdale, Florida",OA08FLL-3549270466-2026-01-24,2026-01-24,Suite Guarantee,9982
2025-11-22T22:09:05.857590,"https://www.royalcaribbean.com/gbr/en/cruises?search=departurePort:BCN,BYE,FLL,LAX,MIA,ROM,SIN,YOK|nights:6~8,9~11,gte12|ship:AL,AN,HM,IC,LE,OA,OV,OY,QN,ST,SY,UT,WN&country=IRL&market=gbr&language=en",https://www.royalcaribbean.com/gbr/en/cruises/itinerary/8-nt-south-caribbean-perfect-holiday-from-fort-on-oasis/OA08FLL-3549270466?sail-date=2026-01-10&currency=EUR&country=IRL,OA08FLL-3549270466,South Caribbean & Perfect Holiday,8,Oasis of the Seas,OA,"Fort Lauderdale, Florida",FLL,"Fort Lauderdale, Florida - Oranjestad, Aruba - Willemstad, Curacao - Perfect Day at CocoCay, Bahamas - Fort Lauderdale, Florida",OA08FLL-3549270466-2026-01-24,2026-01-24,Spacious Aquatheater Suite 1 Bedroom,6326
2025-11-22T22:09:05.857590,"https://www.royalcaribbean.com/gbr/en/cruises?search=departurePort:BCN,BYE,FLL,LAX,MIA,ROM,SIN,YOK|nights:6~8,9~11,gte12|ship:AL,AN,HM,IC,LE,OA,OV,OY,QN,ST,SY,UT,WN&country=IRL&market=gbr&language=en",https://www.royalcaribbean.com/gbr/en/cruises/itinerary/8-nt-south-caribbean-perfect-holiday-from-fort-on-oasis/OA08FLL-3549270466?sail-date=2026-01-10&currency=EUR&country=IRL,OA08FLL-3549270466,South Caribbean & Perfect Holiday,8,Oasis of the Seas,OA,"Fort Lauderdale, Florida",FLL,"Fort Lauderdale, Florida - Oranjestad, Aruba - Willemstad, Curacao - Perfect Day at CocoCay, Bahamas - Fort Lauderdale, Florida",OA08FLL-3549270466-2026-01-24,2026-01-24,Ultimate Panoramic Suite,9267
2025-11-22T22:09:05.857590,"https://www.royalcaribbean.com/gbr/en/cruises?search=departurePort:BCN,BYE,FLL,LAX,MIA,ROM,SIN,YOK|nights:6~8,9~11,gte12|ship:AL,AN,HM,IC,LE,OA,OV,OY,QN,ST,SY,UT,WN&country=IRL&market=gbr&language=en",https://www.royalcaribbean.com/gbr/en/cruises/itinerary/8-nt-south-caribbean-perfect-holiday-from-fort-on-oasis/OA08FLL-3549270466?sail-date=2026-01-10&currency=EUR&country=IRL,OA08FLL-3549270466,South Caribbean & Perfect Holiday,8,Oasis of the Seas,OA,"Fort Lauderdale, Florida",FLL,"Fort Lauderdale, Florida - Oranjestad, Aruba - Willemstad, Curacao - Perfect Day at CocoCay, Bahamas - Fort Lauderdale, Florida",OA08FLL-3549270466-2026-02-07,2026-02-07,Balcony,1658
2025-11-22T22:09:05.857590,"https://www.royalcaribbean.com/gbr/en/cruises?search=departurePort:BCN,BYE,FLL,LAX,MIA,ROM,SIN,YOK|nights:6~8,9~11,gte12|ship:AL,AN,HM,IC,LE,OA,OV,OY,QN,ST,SY,UT,WN&country=IRL&market=gbr&language=en",https://www.royalcaribbean.com/gbr/en/cruises/itinerary/8-nt-south-caribbean-perfect-holiday-from-fort-on-oasis/OA08FLL-3549270466?sail-date=2026-01-10&currency=EUR&country=IRL,OA08FLL-3549270466,South Caribbean & Perfect Holiday,8,Oasis of the Seas,OA,"Fort Lauderdale, Florida",FLL,"Fort Lauderdale, Florida - Oranjestad, Aruba - Willemstad, Curacao - Perfect Day at CocoCay, Bahamas - Fort Lauderdale, Florida",OA08FLL-3549270466-2026-02-07,2026-02-07,Suite Guarantee,5344
2025-11-22T22:09:05.857590,"https://www.royalcaribbean.com/gbr/en/cruises?search=departurePort:BCN,BYE,FLL,LAX,MIA,ROM,SIN,YOK|nights:6~8,9~11,gte12|ship:AL,AN,HM,IC,LE,OA,OV,OY,QN,ST,SY,UT,WN&country=IRL&market=gbr&language=en",https://www.royalcaribbean.com/gbr/en/cruises/itinerary/8-nt-south-caribbean-perfect-holiday-from-fort-on-oasis/OA08FLL-3549270466?sail-date=2026-01-10&currency=EUR&country=IRL,OA08FLL-3549270466,South Caribbean & Perfect Holiday,8,Oasis of the Seas,OA,"Fort Lauderdale, Florida",FLL,"Fort Lauderdale, Florida - Oranjestad, Aruba - Willemstad, Curacao - Perfect Day at CocoCay, Bahamas - Fort Lauderdale, Florida",OA08FLL-3549270466-2026-02-07,2026-02-07,Spacious Aquatheater Suite 1 Bedroom,6326
2025-11-22T22:09:05.857590,"https://www.royalcaribbean.com/gbr/en/cruises?search=departurePort:BCN,BYE,FLL,LAX,MIA,ROM,SIN,YOK|nights:6~8,9~11,gte12|ship:AL,AN,HM,IC,LE,OA,OV,OY,QN,ST,SY,UT,WN&country=IRL&market=gbr&language=en",https://www.royalcaribbean.com/gbr/en/cruises/itinerary/8-nt-south-caribbean-perfect-holiday-from-fort-on-oasis/OA08FLL-3549270466?sail-date=2026-01-10&currency=EUR&country=IRL,OA08FLL-3549270466,South Caribbean & Perfect Holiday,8,Oasis of the Seas,OA,"Fort Lauderdale, Florida",FLL,"Fort Lauderdale, Florida - Oranjestad, Aruba - Willemstad, Curacao - Perfect Day at CocoCay, Bahamas - Fort Lauderdale, Florida",OA08FLL-3549270466-2026-02-07,2026-02-07,Ultimate Panoramic Suite,9267
2025-11-22T22:09:05.857590,"https://www.royalcaribbean.com/gbr/en/cruises?search=departurePort:BCN,BYE,FLL,LAX,MIA,ROM,SIN,YOK|nights:6~8,9~11,gte12|ship:AL,AN,HM,IC,LE,OA,OV,OY,QN,ST,SY,UT,WN&country=IRL&market=gbr&language=en",https://www.royalcaribbean.com/gbr/en/cruises/itinerary/8-nt-south-caribbean-perfect-holiday-from-fort-on-oasis/OA08FLL-3549270466?sail-date=2026-01-10&currency=EUR&country=IRL,OA08FLL-3549270466,South Caribbean & Perfect Holiday,8,Oasis of the Seas,OA,"Fort Lauderdale, Florida",FLL,"Fort Lauderdale, Florida - Oranjestad, Aruba - Willemstad, Curacao - Perfect Day at CocoCay, Bahamas - Fort Lauderdale, Florida",OA08FLL-3549270466-2026-02-21,2026-02-21,Interior,1246
2025-11-22T22:09:05.857590,"https://www.royalcaribbean.com/gbr/en/cruises?search=departurePort:BCN,BYE,FLL,LAX,MIA,ROM,SIN,YOK|nights:6~8,9~11,gte12|ship:AL,AN,HM,IC,LE,OA,OV,OY,QN,ST,SY,UT,WN&country=IRL&market=gbr&language=en",https://www.royalcaribbean.com/gbr/en/cruises/itinerary/8-nt-south-caribbean-perfect-holiday-from-fort-on-oasis/OA08FLL-3549270466?sail-date=2026-01-10&currency=EUR&country=IRL,OA08FLL-3549270466,South Caribbean & Perfect Holiday,8,Oasis of the Seas,OA,"Fort Lauderdale, Florida",FLL,"Fort Lauderdale, Florida - Oranjestad, Aruba - Willemstad, Curacao - Perfect Day at CocoCay, Bahamas - Fort Lauderdale, Florida",OA08FLL-3549270466-2026-02-21,2026-02-21,Ocean View,1345
2025-11-22T22:09:05.857590,"https://www.royalcaribbean.com/gbr/en/cruises?search=departurePort:BCN,BYE,FLL,LAX,MIA,ROM,SIN,YOK|nights:6~8,9~11,gte12|ship:AL,AN,HM,IC,LE,OA,OV,OY,QN,ST,SY,UT,WN&country=IRL&market=gbr&language=en",https://www.royalcaribbean.com/gbr/en/cruises/itinerary/8-nt-south-caribbean-perfect-holiday-from-fort-on-oasis/OA08FLL-3549270466?sail-date=2026-01-10&currency=EUR&country=IRL,OA08FLL-3549270466,South Caribbean & Perfect Holiday,8,Oasis of the Seas,OA,"Fort Lauderdale, Florida",FLL,"Fort Lauderdale, Florida - Oranjestad, Aruba - Willemstad, Curacao - Perfect Day at CocoCay, Bahamas - Fort Lauderdale, Florida",OA08FLL-3549270466-2026-02-21,2026-02-21,Balcony,1796
2025-11-22T22:09:05.857590,"https://www.royalcaribbean.com/gbr/en/cruises?search=departurePort:BCN,BYE,FLL,LAX,MIA,ROM,SIN,YOK|nights:6~8,9~11,gte12|ship:AL,AN,HM,IC,LE,OA,OV,OY,QN,ST,SY,UT,WN&country=IRL&market=gbr&language=en",https://www.royalcaribbean.com/gbr/en/cruises/itinerary/8-nt-south-caribbean-perfect-holiday-from-fort-on-oasis/OA08FLL-3549270466?sail-date=2026-01-10&currency=EUR&country=IRL,OA08FLL-3549270466,South Caribbean & Perfect Holiday,8,Oasis of the Seas,OA,"Fort Lauderdale, Florida",FLL,"Fort Lauderdale, Florida - Oranjestad, Aruba - Willemstad, Curacao - Perfect Day at CocoCay, Bahamas - Fort Lauderdale, Florida",OA08FLL-3549270466-2026-02-21,2026-02-21,Suite Guarantee,3477
2025-11-22T22:09:05.857590,"https://www.royalcaribbean.com/gbr/en/cruises?search=departurePort:BCN,BYE,FLL,LAX,MIA,ROM,SIN,YOK|nights:6~8,9~11,gte12|ship:AL,AN,HM,IC,LE,OA,OV,OY,QN,ST,SY,UT,WN&country=IRL&market=gbr&language=en",https://www.royalcaribbean.com/gbr/en/cruises/itinerary/8-nt-south-caribbean-perfect-holiday-from-fort-on-oasis/OA08FLL-3549270466?sail-date=2026-01-10&currency=EUR&country=IRL,OA08FLL-3549270466,South Caribbean & Perfect Holiday,8,Oasis of the Seas,OA,"Fort Lauderdale, Florida",FLL,"Fort Lauderdale, Florida - Oranjestad, Aruba - Willemstad, Curacao - Perfect Day at CocoCay, Bahamas - Fort Lauderdale, Florida",OA08FLL-3549270466-2026-02-21,2026-02-21,Spacious Aquatheater Suite 1 Bedroom,6326
2025-11-22T22:09:05.857590,"https://www.royalcaribbean.com/gbr/en/cruises?search=departurePort:BCN,BYE,FLL,LAX,MIA,ROM,SIN,YOK|nights:6~8,9~11,gte12|ship:AL,AN,HM,IC,LE,OA,OV,OY,QN,ST,SY,UT,WN&country=IRL&market=gbr&language=en",https://www.royalcaribbean.com/gbr/en/cruises/itinerary/8-nt-south-caribbean-perfect-holiday-from-fort-on-oasis/OA08FLL-3549270466?sail-date=2026-01-10&currency=EUR&country=IRL,OA08FLL-3549270466,South Caribbean & Perfect Holiday,8,Oasis of the Seas,OA,"Fort Lauderdale, Florida",FLL,"Fort Lauderdale, Florida - Oranjestad, Aruba - Willemstad, Curacao - Perfect Day at CocoCay, Bahamas - Fort Lauderdale, Florida",OA08FLL-3549270466-2026-02-21,2026-02-21,Ultimate Panoramic Suite,9267
2025-11-22T22:09:05.857590,"https://www.royalcaribbean.com/gbr/en/cruises?search=departurePort:BCN,BYE,FLL,LAX,MIA,ROM,SIN,YOK|nights:6~8,9~11,gte12|ship:AL,AN,HM,IC,LE,OA,OV,OY,QN,ST,SY,UT,WN&country=IRL&market=gbr&language=en",https://www.royalcaribbean.com/gbr/en/cruises/itinerary/6-nt-cabo-overnight-ensenada-holiday-from-los-on-ovation/OV06LAX-2361069865?sail-date=2026-12-29&currency=EUR&country=IRL,OV06LAX-2361069865,Cabo Overnight & Ensenada Holiday,6,Ovation of the Seas,OV,"Los Angeles, California",LAX,"Los Angeles, California - Ensenada, Mexico - Cabo San Lucas, Mexico - Cabo San Lucas, Mexico - Los Angeles, California",OV06LAX-2361069865-2026-12-29,2026-12-29,Interior,1155
2025-11-22T22:09:05.857590,"https://www.royalcaribbean.com/gbr/en/cruises?search=departurePort:BCN,BYE,FLL,LAX,MIA,ROM,SIN,YOK|nights:6~8,9~11,gte12|ship:AL,AN,HM,IC,LE,OA,OV,OY,QN,ST,SY,UT,WN&country=IRL&market=gbr&language=en",https://www.royalcaribbean.com/gbr/en/cruises/itinerary/6-nt-cabo-overnight-ensenada-holiday-from-los-on-ovation/OV06LAX-2361069865?sail-date=2026-12-29&currency=EUR&country=IRL,OV06LAX-2361069865,Cabo Overnight & Ensenada Holiday,6,Ovation of the Seas,OV,"Los Angeles, California",LAX,"Los Angeles, California - Ensenada, Mexico - Cabo San Lucas, Mexico - Cabo San Lucas, Mexico - Los Angeles, California",OV06LAX-2361069865-2026-12-29,2026-12-29,Ocean View,1262
2025-11-22T22:09:05.857590,"https://www.royalcaribbean.com/gbr/en/cruises?search=departurePort:BCN,BYE,FLL,LAX,MIA,ROM,SIN,YOK|nights:6~8,9~11,gte12|ship:AL,AN,HM,IC,LE,OA,OV,OY,QN,ST,SY,UT,WN&country=IRL&market=gbr&language=en",https://www.royalcaribbean.com/gbr/en/cruises/itinerary/6-nt-cabo-overnight-ensenada-holiday-from-los-on-ovation/OV06LAX-2361069865?sail-date=2026-12-29&currency=EUR&country=IRL,OV06LAX-2361069865,Cabo Overnight & Ensenada Holiday,6,Ovation of the Seas,OV,"Los Angeles, California",LAX,"Los Angeles, California - Ensenada, Mexico - Cabo San Lucas, Mexico - Cabo San Lucas, Mexico - Los Angeles, California",OV06LAX-2361069865-2026-12-29,2026-12-29,Balcony,1415
2025-11-22T22:09:05.857590,"https://www.royalcaribbean.com/gbr/en/cruises?search=departurePort:BCN,BYE,FLL,LAX,MIA,ROM,SIN,YOK|nights:6~8,9~11,gte12|ship:AL,AN,HM,IC,LE,OA,OV,OY,QN,ST,SY,UT,WN&country=IRL&market=gbr&language=en",https://www.royalcaribbean.com/gbr/en/cruises/itinerary/6-nt-cabo-overnight-ensenada-holiday-from-los-on-ovation/OV06LAX-2361069865?sail-date=2026-12-29&currency=EUR&country=IRL,OV06LAX-2361069865,Cabo Overnight & Ensenada Holiday,6,Ovation of the Seas,OV,"Los Angeles, California",LAX,"Los Angeles, California - Ensenada, Mexico - Cabo San Lucas, Mexico - Cabo San Lucas, Mexico - Los Angeles, California",OV06LAX-2361069865-2026-12-29,2026-12-29,Suite Guarantee,2224
2025-11-22T22:09:05.857590,"https://www.royalcaribbean.com/gbr/en/cruises?search=departurePort:BCN,BYE,FLL,LAX,MIA,ROM,SIN,YOK|nights:6~8,9~11,gte12|ship:AL,AN,HM,IC,LE,OA,OV,OY,QN,ST,SY,UT,WN&country=IRL&market=gbr&language=en",https://www.royalcaribbean.com/gbr/en/cruises/itinerary/6-nt-cabo-overnight-ensenada-holiday-from-los-on-ovation/OV06LAX-2361069865?sail-date=2026-12-29&currency=EUR&country=IRL,OV06LAX-2361069865,Cabo Overnight & Ensenada Holiday,6,Ovation of the Seas,OV,"Los Angeles, California",LAX,"Los Angeles, California - Ensenada, Mexico - Cabo San Lucas, Mexico - Cabo San Lucas, Mexico - Los Angeles, California",OV06LAX-2361069865-2026-12-29,2026-12-29,We Choose Your Suite,2224
2025-11-22T22:09:05.857590,"https://www.royalcaribbean.com/gbr/en/cruises?search=departurePort:BCN,BYE,FLL,LAX,MIA,ROM,SIN,YOK|nights:6~8,9~11,gte12|ship:AL,AN,HM,IC,LE,OA,OV,OY,QN,ST,SY,UT,WN&country=IRL&market=gbr&language=en",https://www.royalcaribbean.com/gbr/en/cruises/itinerary/6-nt-cabo-overnight-ensenada-holiday-from-los-on-ovation/OV06LAX-2361069865?sail-date=2026-12-29&currency=EUR&country=IRL,OV06LAX-2361069865,Cabo Overnight & Ensenada Holiday,6,Ovation of the Seas,OV,"Los Angeles, California",LAX,"Los Angeles, California - Ensenada, Mexico - Cabo San Lucas, Mexico - Cabo San Lucas, Mexico - Los Angeles, California",OV06LAX-2361069865-2026-12-29,2026-12-29,Junior Suite,2548
2025-11-22T22:09:05.857590,"https://www.royalcaribbean.com/gbr/en/cruises?search=departurePort:BCN,BYE,FLL,LAX,MIA,ROM,SIN,YOK|nights:6~8,9~11,gte12|ship:AL,AN,HM,IC,LE,OA,OV,OY,QN,ST,SY,UT,WN&country=IRL&market=gbr&language=en",https://www.royalcaribbean.com/gbr/en/cruises/itinerary/6-nt-cabo-overnight-ensenada-holiday-from-los-on-ovation/OV06LAX-2361069865?sail-date=2026-12-29&currency=EUR&country=IRL,OV06LAX-2361069865,Cabo Overnight & Ensenada Holiday,6,Ovation of the Seas,OV,"Los Angeles, California",LAX,"Los Angeles, California - Ensenada, Mexico - Cabo San Lucas, Mexico - Cabo San Lucas, Mexico - Los Angeles, California",OV06LAX-2361069865-2026-12-29,2026-12-29,Junior Suite With Large Balcony,3080
2025-11-22T22:09:05.857590,"https://www.royalcaribbean.com/gbr/en/cruises?search=departurePort:BCN,BYE,FLL,LAX,MIA,ROM,SIN,YOK|nights:6~8,9~11,gte12|ship:AL,AN,HM,IC,LE,OA,OV,OY,QN,ST,SY,UT,WN&country=IRL&market=gbr&language=en",https://www.royalcaribbean.com/gbr/en/cruises/itinerary/6-nt-cabo-overnight-ensenada-holiday-from-los-on-ovation/OV06LAX-2361069865?sail-date=2026-12-29&currency=EUR&country=IRL,OV06LAX-2361069865,Cabo Overnight & Ensenada Holiday,6,Ovation of the Seas,OV,"Los Angeles, California",LAX,"Los Angeles, California - Ensenada, Mexico - Cabo San Lucas, Mexico - Cabo San Lucas, Mexico - Los Angeles, California",OV06LAX-2361069865-2026-12-29,2026-12-29,Sky Junior Suite,3519
2025-11-22T22:09:05.857590,"https://www.royalcaribbean.com/gbr/en/cruises?search=departurePort:BCN,BYE,FLL,LAX,MIA,ROM,SIN,YOK|nights:6~8,9~11,gte12|ship:AL,AN,HM,IC,LE,OA,OV,OY,QN,ST,SY,UT,WN&country=IRL&market=gbr&language=en",https://www.royalcaribbean.com/gbr/en/cruises/itinerary/6-nt-cabo-overnight-ensenada-holiday-from-los-on-ovation/OV06LAX-2361069865?sail-date=2026-12-29&currency=EUR&country=IRL,OV06LAX-2361069865,Cabo Overnight & Ensenada Holiday,6,Ovation of the Seas,OV,"Los Angeles, California",LAX,"Los Angeles, California - Ensenada, Mexico - Cabo San Lucas, Mexico - Cabo San Lucas, Mexico - Los Angeles, California",OV06LAX-2361069865-2026-12-29,2026-12-29,Grand Suite 1 Bedroom,3903
2025-11-22T22:09:05.857590,"https://www.royalcaribbean.com/gbr/en/cruises?search=departurePort:BCN,BYE,FLL,LAX,MIA,ROM,SIN,YOK|nights:6~8,9~11,gte12|ship:AL,AN,HM,IC,LE,OA,OV,OY,QN,ST,SY,UT,WN&country=IRL&market=gbr&language=en",https://www.royalcaribbean.com/gbr/en/cruises/itinerary/6-nt-cabo-overnight-ensenada-holiday-from-los-on-ovation/OV06LAX-2361069865?sail-date=2026-12-29&currency=EUR&country=IRL,OV06LAX-2361069865,Cabo Overnight & Ensenada Holiday,6,Ovation of the Seas,OV,"Los Angeles, California",LAX,"Los Angeles, California - Ensenada, Mexico - Cabo San Lucas, Mexico - Cabo San Lucas, Mexico - Los Angeles, California",OV06LAX-2361069865-2026-12-29,2026-12-29,Grand Suite With Large Balcony 1 Bedroom,4104
2025-11-22T22:09:05.857590,"https://www.royalcaribbean.com/gbr/en/cruises?search=departurePort:BCN,BYE,FLL,LAX,MIA,ROM,SIN,YOK|nights:6~8,9~11,gte12|ship:AL,AN,HM,IC,LE,OA,OV,OY,QN,ST,SY,UT,WN&country=IRL&market=gbr&language=en",https://www.royalcaribbean.com/gbr/en/cruises/itinerary/6-nt-cabo-overnight-ensenada-holiday-from-los-on-ovation/OV06LAX-2361069865?sail-date=2026-12-29&currency=EUR&country=IRL,OV06LAX-2361069865,Cabo Overnight & Ensenada Holiday,6,Ovation of the Seas,OV,"Los Angeles, California",LAX,"Los Angeles, California - Ensenada, Mexico - Cabo San Lucas, Mexico - Cabo San Lucas, Mexico - Los Angeles, California",OV06LAX-2361069865-2026-12-29,2026-12-29,Owners Suite 1 Bedroom,5203
2025-11-22T22:09:05.857590,"https://www.royalcaribbean.com/gbr/en/cruises?search=departurePort:BCN,BYE,FLL,LAX,MIA,ROM,SIN,YOK|nights:6~8,9~11,gte12|ship:AL,AN,HM,IC,LE,OA,OV,OY,QN,ST,SY,UT,WN&country=IRL&market=gbr&language=en",https://www.royalcaribbean.com/gbr/en/cruises/itinerary/6-nt-cabo-overnight-ensenada-holiday-from-los-on-ovation/OV06LAX-2361069865?sail-date=2026-12-29&currency=EUR&country=IRL,OV06LAX-2361069865,Cabo Overnight & Ensenada Holiday,6,Ovation of the Seas,OV,"Los Angeles, California",LAX,"Los Angeles, California - Ensenada, Mexico - Cabo San Lucas, Mexico - Cabo San Lucas, Mexico - Los Angeles, California",OV06LAX-2361069865-2026-12-29,2026-12-29,Sky Loft Suite,5330
2025-11-22T22:09:05.857590,"https://www.royalcaribbean.com/gbr/en/cruises?search=departurePort:BCN,BYE,FLL,LAX,MIA,ROM,SIN,YOK|nights:6~8,9~11,gte12|ship:AL,AN,HM,IC,LE,OA,OV,OY,QN,ST,SY,UT,WN&country=IRL&market=gbr&language=en",https://www.royalcaribbean.com/gbr/en/cruises/itinerary/6-nt-cabo-overnight-ensenada-holiday-from-los-on-ovation/OV06LAX-2361069865?sail-date=2026-12-29&currency=EUR&country=IRL,OV06LAX-2361069865,Cabo Overnight & Ensenada Holiday,6,Ovation of the Seas,OV,"Los Angeles, California",LAX,"Los Angeles, California - Ensenada, Mexico - Cabo San Lucas, Mexico - Cabo San Lucas, Mexico - Los Angeles, California",OV06LAX-2361069865-2026-12-29,2026-12-29,Grand Suite 2 Bedroom,6200
2025-11-22T22:09:05.857590,"https://www.royalcaribbean.com/gbr/en/cruises?search=departurePort:BCN,BYE,FLL,LAX,MIA,ROM,SIN,YOK|nights:6~8,9~11,gte12|ship:AL,AN,HM,IC,LE,OA,OV,OY,QN,ST,SY,UT,WN&country=IRL&market=gbr&language=en",https://www.royalcaribbean.com/gbr/en/cruises/itinerary/6-nt-cabo-overnight-ensenada-holiday-from-los-on-ovation/OV06LAX-2361069865?sail-date=2026-12-29&currency=EUR&country=IRL,OV06LAX-2361069865,Cabo Overnight & Ensenada Holiday,6,Ovation of the Seas,OV,"Los Angeles, California",LAX,"Los Angeles, California - Ensenada, Mexico - Cabo San Lucas, Mexico - Cabo San Lucas, Mexico - Los Angeles, California",OV06LAX-2361069865-2026-12-29,2026-12-29,Grand Loft Suite,6454
2025-11-22T22:09:05.857590,"https://www.royalcaribbean.com/gbr/en/cruises?search=departurePort:BCN,BYE,FLL,LAX,MIA,ROM,SIN,YOK|nights:6~8,9~11,gte12|ship:AL,AN,HM,IC,LE,OA,OV,OY,QN,ST,SY,UT,WN&country=IRL&market=gbr&language=en",https://www.royalcaribbean.com/gbr/en/cruises/itinerary/7-nt-western-caribbean-perfect-day-from-miami-on-symphony/SY07MIA-2119524152?sail-date=2026-01-11&currency=EUR&country=IRL,SY07MIA-2119524152,Western Caribbean & Perfect Day,7,Symphony of the Seas,SY,"Miami, Florida",MIA,"Miami, Florida - Nassau, Bahamas - Perfect Day at CocoCay, Bahamas - San Juan, Puerto Rico - Puerto Plata, Dominican Republic - Miami, Florida",SY07MIA-2119524152-2026-01-11,2026-01-11,Interior,775
2025-11-22T22:09:05.857590,"https://www.royalcaribbean.com/gbr/en/cruises?search=departurePort:BCN,BYE,FLL,LAX,MIA,ROM,SIN,YOK|nights:6~8,9~11,gte12|ship:AL,AN,HM,IC,LE,OA,OV,OY,QN,ST,SY,UT,WN&country=IRL&market=gbr&language=en",https://www.royalcaribbean.com/gbr/en/cruises/itinerary/7-nt-western-caribbean-perfect-day-from-miami-on-symphony/SY07MIA-2119524152?sail-date=2026-01-11&currency=EUR&country=IRL,SY07MIA-2119524152,Western Caribbean & Perfect Day,7,Symphony of the Seas,SY,"Miami, Florida",MIA,"Miami, Florida - Nassau, Bahamas - Perfect Day at CocoCay, Bahamas - San Juan, Puerto Rico - Puerto Plata, Dominican Republic - Miami, Florida",SY07MIA-2119524152-2026-01-11,2026-01-11,Ocean View,876
2025-11-22T22:09:05.857590,"https://www.royalcaribbean.com/gbr/en/cruises?search=departurePort:BCN,BYE,FLL,LAX,MIA,ROM,SIN,YOK|nights:6~8,9~11,gte12|ship:AL,AN,HM,IC,LE,OA,OV,OY,QN,ST,SY,UT,WN&country=IRL&market=gbr&language=en",https://www.royalcaribbean.com/gbr/en/cruises/itinerary/7-nt-western-caribbean-perfect-day-from-miami-on-symphony/SY07MIA-2119524152?sail-date=2026-01-11&currency=EUR&country=IRL,SY07MIA-2119524152,Western Caribbean & Perfect Day,7,Symphony of the Seas,SY,"Miami, Florida",MIA,"Miami, Florida - Nassau, Bahamas - Perfect Day at CocoCay, Bahamas - San Juan, Puerto Rico - Puerto Plata, Dominican Republic - Miami, Florida",SY07MIA-2119524152-2026-01-11,2026-01-11,Balcony,870
2025-11-22T22:09:05.857590,"https://www.royalcaribbean.com/gbr/en/cruises?search=departurePort:BCN,BYE,FLL,LAX,MIA,ROM,SIN,YOK|nights:6~8,9~11,gte12|ship:AL,AN,HM,IC,LE,OA,OV,OY,QN,ST,SY,UT,WN&country=IRL&market=gbr&language=en",https://www.royalcaribbean.com/gbr/en/cruises/itinerary/7-nt-western-caribbean-perfect-day-from-miami-on-symphony/SY07MIA-2119524152?sail-date=2026-01-11&currency=EUR&country=IRL,SY07MIA-2119524152,Western Caribbean & Perfect Day,7,Symphony of the Seas,SY,"Miami, Florida",MIA,"Miami, Florida - Nassau, Bahamas - Perfect Day at CocoCay, Bahamas - San Juan, Puerto Rico - Puerto Plata, Dominican Republic - Miami, Florida",SY07MIA-2119524152-2026-01-11,2026-01-11,Suite Guarantee,3278
2025-11-22T22:09:05.857590,"https://www.royalcaribbean.com/gbr/en/cruises?search=departurePort:BCN,BYE,FLL,LAX,MIA,ROM,SIN,YOK|nights:6~8,9~11,gte12|ship:AL,AN,HM,IC,LE,OA,OV,OY,QN,ST,SY,UT,WN&country=IRL&market=gbr&language=en",https://www.royalcaribbean.com/gbr/en/cruises/itinerary/7-nt-western-caribbean-perfect-day-from-miami-on-symphony/SY07MIA-2119524152?sail-date=2026-01-11&currency=EUR&country=IRL,SY07MIA-2119524152,Western Caribbean & Perfect Day,7,Symphony of the Seas,SY,"Miami, Florida",MIA,"Miami, Florida - Nassau, Bahamas - Perfect Day at CocoCay, Bahamas - San Juan, Puerto Rico - Puerto Plata, Dominican Republic - Miami, Florida",SY07MIA-2119524152-2026-01-11,2026-01-11,Crown Loft Suite,3278
2025-11-22T22:09:05.857590,"https://www.royalcaribbean.com/gbr/en/cruises?search=departurePort:BCN,BYE,FLL,LAX,MIA,ROM,SIN,YOK|nights:6~8,9~11,gte12|ship:AL,AN,HM,IC,LE,OA,OV,OY,QN,ST,SY,UT,WN&country=IRL&market=gbr&language=en",https://www.royalcaribbean.com/gbr/en/cruises/itinerary/7-nt-western-caribbean-perfect-day-from-miami-on-symphony/SY07MIA-2119524152?sail-date=2026-01-11&currency=EUR&country=IRL,SY07MIA-2119524152,Western Caribbean & Perfect Day,7,Symphony of the Seas,SY,"Miami, Florida",MIA,"Miami, Florida - Nassau, Bahamas - Perfect Day at CocoCay, Bahamas - San Juan, Puerto Rico - Puerto Plata, Dominican Republic - Miami, Florida",SY07MIA-2119524152-2026-01-11,2026-01-11,Owners Suite 1 Bedroom,3907
2025-11-22T22:09:05.857590,"https://www.royalcaribbean.com/gbr/en/cruises?search=departurePort:BCN,BYE,FLL,LAX,MIA,ROM,SIN,YOK|nights:6~8,9~11,gte12|ship:AL,AN,HM,IC,LE,OA,OV,OY,QN,ST,SY,UT,WN&country=IRL&market=gbr&language=en",https://www.royalcaribbean.com/gbr/en/cruises/itinerary/7-nt-western-caribbean-perfect-day-from-miami-on-symphony/SY07MIA-2119524152?sail-date=2026-01-11&currency=EUR&country=IRL,SY07MIA-2119524152,Western Caribbean & Perfect Day,7,Symphony of the Seas,SY,"Miami, Florida",MIA,"Miami, Florida - Nassau, Bahamas - Perfect Day at CocoCay, Bahamas - San Juan, Puerto Rico - Puerto Plata, Dominican Republic - Miami, Florida",SY07MIA-2119524152-2026-01-11,2026-01-11,Spacious Aquatheater Suite 1 Bedroom,4975
2025-11-22T22:09:05.857590,"https://www.royalcaribbean.com/gbr/en/cruises?search=departurePort:BCN,BYE,FLL,LAX,MIA,ROM,SIN,YOK|nights:6~8,9~11,gte12|ship:AL,AN,HM,IC,LE,OA,OV,OY,QN,ST,SY,UT,WN&country=IRL&market=gbr&language=en",https://www.royalcaribbean.com/gbr/en/cruises/itinerary/7-nt-western-caribbean-perfect-day-from-miami-on-symphony/SY07MIA-2119524152?sail-date=2026-01-11&currency=EUR&country=IRL,SY07MIA-2119524152,Western Caribbean & Perfect Day,7,Symphony of the Seas,SY,"Miami, Florida",MIA,"Miami, Florida - Nassau, Bahamas - Perfect Day at CocoCay, Bahamas - San Juan, Puerto Rico - Puerto Plata, Dominican Republic - Miami, Florida",SY07MIA-2119524152-2026-01-11,2026-01-11,Aquatheater Suite With Large Balcony 2 Bedroom,6356
2025-11-22T22:09:05.857590,"https://www.royalcaribbean.com/gbr/en/cruises?search=departurePort:BCN,BYE,FLL,LAX,MIA,ROM,SIN,YOK|nights:6~8,9~11,gte12|ship:AL,AN,HM,IC,LE,OA,OV,OY,QN,ST,SY,UT,WN&country=IRL&market=gbr&language=en",https://www.royalcaribbean.com/gbr/en/cruises/itinerary/7-nt-western-caribbean-perfect-day-from-miami-on-symphony/SY07MIA-2119524152?sail-date=2026-01-11&currency=EUR&country=IRL,SY07MIA-2119524152,Western Caribbean & Perfect Day,7,Symphony of the Seas,SY,"Miami, Florida",MIA,"Miami, Florida - Nassau, Bahamas - Perfect Day at CocoCay, Bahamas - San Juan, Puerto Rico - Puerto Plata, Dominican Republic - Miami, Florida",SY07MIA-2119524152-2026-01-11,2026-01-11,Star Loft Suite,8153
2025-11-22T22:09:05.857590,"https://www.royalcaribbean.com/gbr/en/cruises?search=departurePort:BCN,BYE,FLL,LAX,MIA,ROM,SIN,YOK|nights:6~8,9~11,gte12|ship:AL,AN,HM,IC,LE,OA,OV,OY,QN,ST,SY,UT,WN&country=IRL&market=gbr&language=en",https://www.royalcaribbean.com/gbr/en/cruises/itinerary/7-nt-western-caribbean-perfect-day-from-miami-on-symphony/SY07MIA-2119524152?sail-date=2026-01-11&currency=EUR&country=IRL,SY07MIA-2119524152,Western Caribbean & Perfect Day,7,Symphony of the Seas,SY,"Miami, Florida",MIA,"Miami, Florida - Nassau, Bahamas - Perfect Day at CocoCay, Bahamas - San Juan, Puerto Rico - Puerto Plata, Dominican Republic - Miami, Florida",SY07MIA-2119524152-2026-01-11,2026-01-11,Ultimate Family Suite,10562
2025-11-22T22:09:05.857590,"https://www.royalcaribbean.com/gbr/en/cruises?search=departurePort:BCN,BYE,FLL,LAX,MIA,ROM,SIN,YOK|nights:6~8,9~11,gte12|ship:AL,AN,HM,IC,LE,OA,OV,OY,QN,ST,SY,UT,WN&country=IRL&market=gbr&language=en",https://www.royalcaribbean.com/gbr/en/cruises/itinerary/7-nt-western-caribbean-perfect-day-from-miami-on-symphony/SY07MIA-2119524152?sail-date=2026-01-11&currency=EUR&country=IRL,SY07MIA-2119524152,Western Caribbean & Perfect Day,7,Symphony of the Seas,SY,"Miami, Florida",MIA,"Miami, Florida - Nassau, Bahamas - Perfect Day at CocoCay, Bahamas - San Juan, Puerto Rico - Puerto Plata, Dominican Republic - Miami, Florida",SY07MIA-2119524152-2026-01-25,2026-01-25,Interior,891
2025-11-22T22:09:05.857590,"https://www.royalcaribbean.com/gbr/en/cruises?search=departurePort:BCN,BYE,FLL,LAX,MIA,ROM,SIN,YOK|nights:6~8,9~11,gte12|ship:AL,AN,HM,IC,LE,OA,OV,OY,QN,ST,SY,UT,WN&country=IRL&market=gbr&language=en",https://www.royalcaribbean.com/gbr/en/cruises/itinerary/7-nt-western-caribbean-perfect-day-from-miami-on-symphony/SY07MIA-2119524152?sail-date=2026-01-11&currency=EUR&country=IRL,SY07MIA-2119524152,Western Caribbean & Perfect Day,7,Symphony of the Seas,SY,"Miami, Florida",MIA,"Miami, Florida - Nassau, Bahamas - Perfect Day at CocoCay, Bahamas - San Juan, Puerto Rico - Puerto Plata, Dominican Republic - Miami, Florida",SY07MIA-2119524152-2026-01-25,2026-01-25,Ocean View,1163
2025-11-22T22:09:05.857590,"https://www.royalcaribbean.com/gbr/en/cruises?search=departurePort:BCN,BYE,FLL,LAX,MIA,ROM,SIN,YOK|nights:6~8,9~11,gte12|ship:AL,AN,HM,IC,LE,OA,OV,OY,QN,ST,SY,UT,WN&country=IRL&market=gbr&language=en",https://www.royalcaribbean.com/gbr/en/cruises/itinerary/7-nt-western-caribbean-perfect-day-from-miami-on-symphony/SY07MIA-2119524152?sail-date=2026-01-11&currency=EUR&country=IRL,SY07MIA-2119524152,Western Caribbean & Perfect Day,7,Symphony of the Seas,SY,"Miami, Florida",MIA,"Miami, Florida - Nassau, Bahamas - Perfect Day at CocoCay, Bahamas - San Juan, Puerto Rico - Puerto Plata, Dominican Republic - Miami, Florida",SY07MIA-2119524152-2026-01-25,2026-01-25,Balcony,971
2025-11-22T22:09:05.857590,"https://www.royalcaribbean.com/gbr/en/cruises?search=departurePort:BCN,BYE,FLL,LAX,MIA,ROM,SIN,YOK|nights:6~8,9~11,gte12|ship:AL,AN,HM,IC,LE,OA,OV,OY,QN,ST,SY,UT,WN&country=IRL&market=gbr&language=en",https://www.royalcaribbean.com/gbr/en/cruises/itinerary/7-nt-western-caribbean-perfect-day-from-miami-on-symphony/SY07MIA-2119524152?sail-date=2026-01-11&currency=EUR&country=IRL,SY07MIA-2119524152,Western Caribbean & Perfect Day,7,Symphony of the Seas,SY,"Miami, Florida",MIA,"Miami, Florida - Nassau, Bahamas - Perfect Day at CocoCay, Bahamas - San Juan, Puerto Rico - Puerto Plata, Dominican Republic - Miami, Florida",SY07MIA-2119524152-2026-01-25,2026-01-25,Suite Guarantee,3587
2025-11-22T22:09:05.857590,"https://www.royalcaribbean.com/gbr/en/cruises?search=departurePort:BCN,BYE,FLL,LAX,MIA,ROM,SIN,YOK|nights:6~8,9~11,gte12|ship:AL,AN,HM,IC,LE,OA,OV,OY,QN,ST,SY,UT,WN&country=IRL&market=gbr&language=en",https://www.royalcaribbean.com/gbr/en/cruises/itinerary/7-nt-western-caribbean-perfect-day-from-miami-on-symphony/SY07MIA-2119524152?sail-date=2026-01-11&currency=EUR&country=IRL,SY07MIA-2119524152,Western Caribbean & Perfect Day,7,Symphony of the Seas,SY,"Miami, Florida",MIA,"Miami, Florida - Nassau, Bahamas - Perfect Day at CocoCay, Bahamas - San Juan, Puerto Rico - Puerto Plata, Dominican Republic - Miami, Florida",SY07MIA-2119524152-2026-01-25,2026-01-25,Crown Loft Suite,3278
2025-11-22T22:09:05.857590,"https://www.royalcaribbean.com/gbr/en/cruises?search=departurePort:BCN,BYE,FLL,LAX,MIA,ROM,SIN,YOK|nights:6~8,9~11,gte12|ship:AL,AN,HM,IC,LE,OA,OV,OY,QN,ST,SY,UT,WN&country=IRL&market=gbr&language=en",https://www.royalcaribbean.com/gbr/en/cruises/itinerary/7-nt-western-caribbean-perfect-day-from-miami-on-symphony/SY07MIA-2119524152?sail-date=2026-01-11&currency=EUR&country=IRL,SY07MIA-2119524152,Western Caribbean & Perfect Day,7,Symphony of the Seas,SY,"Miami, Florida",MIA,"Miami, Florida - Nassau, Bahamas - Perfect Day at CocoCay, Bahamas - San Juan, Puerto Rico - Puerto Plata, Dominican Republic - Miami, Florida",SY07MIA-2119524152-2026-01-25,2026-01-25,Owners Suite 1 Bedroom,3907
2025-11-22T22:09:05.857590,"https://www.royalcaribbean.com/gbr/en/cruises?search=departurePort:BCN,BYE,FLL,LAX,MIA,ROM,SIN,YOK|nights:6~8,9~11,gte12|ship:AL,AN,HM,IC,LE,OA,OV,OY,QN,ST,SY,UT,WN&country=IRL&market=gbr&language=en",https://www.royalcaribbean.com/gbr/en/cruises/itinerary/7-nt-western-caribbean-perfect-day-from-miami-on-symphony/SY07MIA-2119524152?sail-date=2026-01-11&currency=EUR&country=IRL,SY07MIA-2119524152,Western Caribbean & Perfect Day,7,Symphony of the Seas,SY,"Miami, Florida",MIA,"Miami, Florida - Nassau, Bahamas - Perfect Day at CocoCay, Bahamas - San Juan, Puerto Rico - Puerto Plata, Dominican Republic - Miami, Florida",SY07MIA-2119524152-2026-01-25,2026-01-25,Spacious Aquatheater Suite 1 Bedroom,4975
2025-11-22T22:09:05.857590,"https://www.royalcaribbean.com/gbr/en/cruises?search=departurePort:BCN,BYE,FLL,LAX,MIA,ROM,SIN,YOK|nights:6~8,9~11,gte12|ship:AL,AN,HM,IC,LE,OA,OV,OY,QN,ST,SY,UT,WN&country=IRL&market=gbr&language=en",https://www.royalcaribbean.com/gbr/en/cruises/itinerary/7-nt-western-caribbean-perfect-day-from-miami-on-symphony/SY07MIA-2119524152?sail-date=2026-01-11&currency=EUR&country=IRL,SY07MIA-2119524152,Western Caribbean & Perfect Day,7,Symphony of the Seas,SY,"Miami, Florida",MIA,"Miami, Florida - Nassau, Bahamas - Perfect Day at CocoCay, Bahamas - San Juan, Puerto Rico - Puerto Plata, Dominican Republic - Miami, Florida",SY07MIA-2119524152-2026-01-25,2026-01-25,Aquatheater Suite With Large Balcony 2 Bedroom,6356
2025-11-22T22:09:05.857590,"https://www.royalcaribbean.com/gbr/en/cruises?search=departurePort:BCN,BYE,FLL,LAX,MIA,ROM,SIN,YOK|nights:6~8,9~11,gte12|ship:AL,AN,HM,IC,LE,OA,OV,OY,QN,ST,SY,UT,WN&country=IRL&market=gbr&language=en",https://www.royalcaribbean.com/gbr/en/cruises/itinerary/7-nt-western-caribbean-perfect-day-from-miami-on-symphony/SY07MIA-2119524152?sail-date=2026-01-11&currency=EUR&country=IRL,SY07MIA-2119524152,Western Caribbean & Perfect Day,7,Symphony of the Seas,SY,"Miami, Florida",MIA,"Miami, Florida - Nassau, Bahamas - Perfect Day at CocoCay, Bahamas - San Juan, Puerto Rico - Puerto Plata, Dominican Republic - Miami, Florida",SY07MIA-2119524152-2026-01-25,2026-01-25,Star Loft Suite,8153
2025-11-22T22:09:05.857590,"https://www.royalcaribbean.com/gbr/en/cruises?search=departurePort:BCN,BYE,FLL,LAX,MIA,ROM,SIN,YOK|nights:6~8,9~11,gte12|ship:AL,AN,HM,IC,LE,OA,OV,OY,QN,ST,SY,UT,WN&country=IRL&market=gbr&language=en",https://www.royalcaribbean.com/gbr/en/cruises/itinerary/7-nt-western-caribbean-perfect-day-from-miami-on-symphony/SY07MIA-2119524152?sail-date=2026-01-11&currency=EUR&country=IRL,SY07MIA-2119524152,Western Caribbean & Perfect Day,7,Symphony of the Seas,SY,"Miami, Florida",MIA,"Miami, Florida - Nassau, Bahamas - Perfect Day at CocoCay, Bahamas - San Juan, Puerto Rico - Puerto Plata, Dominican Republic - Miami, Florida",SY07MIA-2119524152-2026-01-25,2026-01-25,Ultimate Family Suite,10562
2025-11-22T22:09:05.857590,"https://www.royalcaribbean.com/gbr/en/cruises?search=departurePort:BCN,BYE,FLL,LAX,MIA,ROM,SIN,YOK|nights:6~8,9~11,gte12|ship:AL,AN,HM,IC,LE,OA,OV,OY,QN,ST,SY,UT,WN&country=IRL&market=gbr&language=en",https://www.royalcaribbean.com/gbr/en/cruises/itinerary/7-nt-western-caribbean-perfect-day-from-miami-on-symphony/SY07MIA-2119524152?sail-date=2026-01-11&currency=EUR&country=IRL,SY07MIA-2119524152,Western Caribbean & Perfect Day,7,Symphony of the Seas,SY,"Miami, Florida",MIA,"Miami, Florida - Nassau, Bahamas - Perfect Day at CocoCay, Bahamas - San Juan, Puerto Rico - Puerto Plata, Dominican Republic - Miami, Florida",SY07MIA-2119524152-2026-02-08,2026-02-08,Interior,989
2025-11-22T22:09:05.857590,"https://www.royalcaribbean.com/gbr/en/cruises?search=departurePort:BCN,BYE,FLL,LAX,MIA,ROM,SIN,YOK|nights:6~8,9~11,gte12|ship:AL,AN,HM,IC,LE,OA,OV,OY,QN,ST,SY,UT,WN&country=IRL&market=gbr&language=en",https://www.royalcaribbean.com/gbr/en/cruises/itinerary/7-nt-western-caribbean-perfect-day-from-miami-on-symphony/SY07MIA-2119524152?sail-date=2026-01-11&currency=EUR&country=IRL,SY07MIA-2119524152,Western Caribbean & Perfect Day,7,Symphony of the Seas,SY,"Miami, Florida",MIA,"Miami, Florida - Nassau, Bahamas - Perfect Day at CocoCay, Bahamas - San Juan, Puerto Rico - Puerto Plata, Dominican Republic - Miami, Florida",SY07MIA-2119524152-2026-02-08,2026-02-08,Ocean View,1259
2025-11-22T22:09:05.857590,"https://www.royalcaribbean.com/gbr/en/cruises?search=departurePort:BCN,BYE,FLL,LAX,MIA,ROM,SIN,YOK|nights:6~8,9~11,gte12|ship:AL,AN,HM,IC,LE,OA,OV,OY,QN,ST,SY,UT,WN&country=IRL&market=gbr&language=en",https://www.royalcaribbean.com/gbr/en/cruises/itinerary/7-nt-western-caribbean-perfect-day-from-miami-on-symphony/SY07MIA-2119524152?sail-date=2026-01-11&currency=EUR&country=IRL,SY07MIA-2119524152,Western Caribbean & Perfect Day,7,Symphony of the Seas,SY,"Miami, Florida",MIA,"Miami, Florida - Nassau, Bahamas - Perfect Day at CocoCay, Bahamas - San Juan, Puerto Rico - Puerto Plata, Dominican Republic - Miami, Florida",SY07MIA-2119524152-2026-02-08,2026-02-08,Balcony,1322
2025-11-22T22:09:05.857590,"https://www.royalcaribbean.com/gbr/en/cruises?search=departurePort:BCN,BYE,FLL,LAX,MIA,ROM,SIN,YOK|nights:6~8,9~11,gte12|ship:AL,AN,HM,IC,LE,OA,OV,OY,QN,ST,SY,UT,WN&country=IRL&market=gbr&language=en",https://www.royalcaribbean.com/gbr/en/cruises/itinerary/7-nt-western-caribbean-perfect-day-from-miami-on-symphony/SY07MIA-2119524152?sail-date=2026-01-11&currency=EUR&country=IRL,SY07MIA-2119524152,Western Caribbean & Perfect Day,7,Symphony of the Seas,SY,"Miami, Florida",MIA,"Miami, Florida - Nassau, Bahamas - Perfect Day at CocoCay, Bahamas - San Juan, Puerto Rico - Puerto Plata, Dominican Republic - Miami, Florida",SY07MIA-2119524152-2026-02-08,2026-02-08,Suite Guarantee,2444
2025-11-22T22:09:05.857590,"https://www.royalcaribbean.com/gbr/en/cruises?search=departurePort:BCN,BYE,FLL,LAX,MIA,ROM,SIN,YOK|nights:6~8,9~11,gte12|ship:AL,AN,HM,IC,LE,OA,OV,OY,QN,ST,SY,UT,WN&country=IRL&market=gbr&language=en",https://www.royalcaribbean.com/gbr/en/cruises/itinerary/7-nt-western-caribbean-perfect-day-from-miami-on-symphony/SY07MIA-2119524152?sail-date=2026-01-11&currency=EUR&country=IRL,SY07MIA-2119524152,Western Caribbean & Perfect Day,7,Symphony of the Seas,SY,"Miami, Florida",MIA,"Miami, Florida - Nassau, Bahamas - Perfect Day at CocoCay, Bahamas - San Juan, Puerto Rico - Puerto Plata, Dominican Republic - Miami, Florida",SY07MIA-2119524152-2026-02-08,2026-02-08,Crown Loft Suite,3278
2025-11-22T22:09:05.857590,"https://www.royalcaribbean.com/gbr/en/cruises?search=departurePort:BCN,BYE,FLL,LAX,MIA,ROM,SIN,YOK|nights:6~8,9~11,gte12|ship:AL,AN,HM,IC,LE,OA,OV,OY,QN,ST,SY,UT,WN&country=IRL&market=gbr&language=en",https://www.royalcaribbean.com/gbr/en/cruises/itinerary/7-nt-western-caribbean-perfect-day-from-miami-on-symphony/SY07MIA-2119524152?sail-date=2026-01-11&currency=EUR&country=IRL,SY07MIA-2119524152,Western Caribbean & Perfect Day,7,Symphony of the Seas,SY,"Miami, Florida",MIA,"Miami, Florida - Nassau, Bahamas - Perfect Day at CocoCay, Bahamas - San Juan, Puerto Rico - Puerto Plata, Dominican Republic - Miami, Florida",SY07MIA-2119524152-2026-02-08,2026-02-08,Owners Suite 1 Bedroom,3907
2025-11-22T22:09:05.857590,"https://www.royalcaribbean.com/gbr/en/cruises?search=departurePort:BCN,BYE,FLL,LAX,MIA,ROM,SIN,YOK|nights:6~8,9~11,gte12|ship:AL,AN,HM,IC,LE,OA,OV,OY,QN,ST,SY,UT,WN&country=IRL&market=gbr&language=en",https://www.royalcaribbean.com/gbr/en/cruises/itinerary/7-nt-western-caribbean-perfect-day-from-miami-on-symphony/SY07MIA-2119524152?sail-date=2026-01-11&currency=EUR&country=IRL,SY07MIA-2119524152,Western Caribbean & Perfect Day,7,Symphony of the Seas,SY,"Miami, Florida",MIA,"Miami, Florida - Nassau, Bahamas - Perfect Day at CocoCay, Bahamas - San Juan, Puerto Rico - Puerto Plata, Dominican Republic - Miami, Florida",SY07MIA-2119524152-2026-02-08,2026-02-08,Spacious Aquatheater Suite 1 Bedroom,4975
2025-11-22T22:09:05.857590,"https://www.royalcaribbean.com/gbr/en/cruises?search=departurePort:BCN,BYE,FLL,LAX,MIA,ROM,SIN,YOK|nights:6~8,9~11,gte12|ship:AL,AN,HM,IC,LE,OA,OV,OY,QN,ST,SY,UT,WN&country=IRL&market=gbr&language=en",https://www.royalcaribbean.com/gbr/en/cruises/itinerary/7-nt-western-caribbean-perfect-day-from-miami-on-symphony/SY07MIA-2119524152?sail-date=2026-01-11&currency=EUR&country=IRL,SY07MIA-2119524152,Western Caribbean & Perfect Day,7,Symphony of the Seas,SY,"Miami, Florida",MIA,"Miami, Florida - Nassau, Bahamas - Perfect Day at CocoCay, Bahamas - San Juan, Puerto Rico - Puerto Plata, Dominican Republic - Miami, Florida",SY07MIA-2119524152-2026-02-08,2026-02-08,Aquatheater Suite With Large Balcony 2 Bedroom,6356
2025-11-22T22:09:05.857590,"https://www.royalcaribbean.com/gbr/en/cruises?search=departurePort:BCN,BYE,FLL,LAX,MIA,ROM,SIN,YOK|nights:6~8,9~11,gte12|ship:AL,AN,HM,IC,LE,OA,OV,OY,QN,ST,SY,UT,WN&country=IRL&market=gbr&language=en",https://www.royalcaribbean.com/gbr/en/cruises/itinerary/7-nt-western-caribbean-perfect-day-from-miami-on-symphony/SY07MIA-2119524152?sail-date=2026-01-11&currency=EUR&country=IRL,SY07MIA-2119524152,Western Caribbean & Perfect Day,7,Symphony of the Seas,SY,"Miami, Florida",MIA,"Miami, Florida - Nassau, Bahamas - Perfect Day at CocoCay, Bahamas - San Juan, Puerto Rico - Puerto Plata, Dominican Republic - Miami, Florida",SY07MIA-2119524152-2026-02-08,2026-02-08,Star Loft Suite,8153
2025-11-22T22:09:05.857590,"https://www.royalcaribbean.com/gbr/en/cruises?search=departurePort:BCN,BYE,FLL,LAX,MIA,ROM,SIN,YOK|nights:6~8,9~11,gte12|ship:AL,AN,HM,IC,LE,OA,OV,OY,QN,ST,SY,UT,WN&country=IRL&market=gbr&language=en",https://www.royalcaribbean.com/gbr/en/cruises/itinerary/7-nt-western-caribbean-perfect-day-from-miami-on-symphony/SY07MIA-2119524152?sail-date=2026-01-11&currency=EUR&country=IRL,SY07MIA-2119524152,Western Caribbean & Perfect Day,7,Symphony of the Seas,SY,"Miami, Florida",MIA,"Miami, Florida - Nassau, Bahamas - Perfect Day at CocoCay, Bahamas - San Juan, Puerto Rico - Puerto Plata, Dominican Republic - Miami, Florida",SY07MIA-2119524152-2026-02-08,2026-02-08,Ultimate Family Suite,10562
2025-11-22T22:09:05.857590,"https://www.royalcaribbean.com/gbr/en/cruises?search=departurePort:BCN,BYE,FLL,LAX,MIA,ROM,SIN,YOK|nights:6~8,9~11,gte12|ship:AL,AN,HM,IC,LE,OA,OV,OY,QN,ST,SY,UT,WN&country=IRL&market=gbr&language=en",https://www.royalcaribbean.com/gbr/en/cruises/itinerary/7-nt-western-caribbean-perfect-day-from-miami-on-symphony/SY07MIA-2119524152?sail-date=2026-01-11&currency=EUR&country=IRL,SY07MIA-2119524152,Western Caribbean & Perfect Day,7,Symphony of the Seas,SY,"Miami, Florida",MIA,"Miami, Florida - Nassau, Bahamas - Perfect Day at CocoCay, Bahamas - San Juan, Puerto Rico - Puerto Plata, Dominican Republic - Miami, Florida",SY07MIA-2119524152-2026-02-22,2026-02-22,Interior,985
2025-11-22T22:09:05.857590,"https://www.royalcaribbean.com/gbr/en/cruises?search=departurePort:BCN,BYE,FLL,LAX,MIA,ROM,SIN,YOK|nights:6~8,9~11,gte12|ship:AL,AN,HM,IC,LE,OA,OV,OY,QN,ST,SY,UT,WN&country=IRL&market=gbr&language=en",https://www.royalcaribbean.com/gbr/en/cruises/itinerary/7-nt-western-caribbean-perfect-day-from-miami-on-symphony/SY07MIA-2119524152?sail-date=2026-01-11&currency=EUR&country=IRL,SY07MIA-2119524152,Western Caribbean & Perfect Day,7,Symphony of the Seas,SY,"Miami, Florida",MIA,"Miami, Florida - Nassau, Bahamas - Perfect Day at CocoCay, Bahamas - San Juan, Puerto Rico - Puerto Plata, Dominican Republic - Miami, Florida",SY07MIA-2119524152-2026-02-22,2026-02-22,Balcony,1133
2025-11-22T22:09:05.857590,"https://www.royalcaribbean.com/gbr/en/cruises?search=departurePort:BCN,BYE,FLL,LAX,MIA,ROM,SIN,YOK|nights:6~8,9~11,gte12|ship:AL,AN,HM,IC,LE,OA,OV,OY,QN,ST,SY,UT,WN&country=IRL&market=gbr&language=en",https://www.royalcaribbean.com/gbr/en/cruises/itinerary/7-nt-western-caribbean-perfect-day-from-miami-on-symphony/SY07MIA-2119524152?sail-date=2026-01-11&currency=EUR&country=IRL,SY07MIA-2119524152,Western Caribbean & Perfect Day,7,Symphony of the Seas,SY,"Miami, Florida",MIA,"Miami, Florida - Nassau, Bahamas - Perfect Day at CocoCay, Bahamas - San Juan, Puerto Rico - Puerto Plata, Dominican Republic - Miami, Florida",SY07MIA-2119524152-2026-02-22,2026-02-22,Suite Guarantee,2213
2025-11-22T22:09:05.857590,"https://www.royalcaribbean.com/gbr/en/cruises?search=departurePort:BCN,BYE,FLL,LAX,MIA,ROM,SIN,YOK|nights:6~8,9~11,gte12|ship:AL,AN,HM,IC,LE,OA,OV,OY,QN,ST,SY,UT,WN&country=IRL&market=gbr&language=en",https://www.royalcaribbean.com/gbr/en/cruises/itinerary/7-nt-western-caribbean-perfect-day-from-miami-on-symphony/SY07MIA-2119524152?sail-date=2026-01-11&currency=EUR&country=IRL,SY07MIA-2119524152,Western Caribbean & Perfect Day,7,Symphony of the Seas,SY,"Miami, Florida",MIA,"Miami, Florida - Nassau, Bahamas - Perfect Day at CocoCay, Bahamas - San Juan, Puerto Rico - Puerto Plata, Dominican Republic - Miami, Florida",SY07MIA-2119524152-2026-02-22,2026-02-22,Crown Loft Suite,3278
2025-11-22T22:09:05.857590,"https://www.royalcaribbean.com/gbr/en/cruises?search=departurePort:BCN,BYE,FLL,LAX,MIA,ROM,SIN,YOK|nights:6~8,9~11,gte12|ship:AL,AN,HM,IC,LE,OA,OV,OY,QN,ST,SY,UT,WN&country=IRL&market=gbr&language=en",https://www.royalcaribbean.com/gbr/en/cruises/itinerary/7-nt-western-caribbean-perfect-day-from-miami-on-symphony/SY07MIA-2119524152?sail-date=2026-01-11&currency=EUR&country=IRL,SY07MIA-2119524152,Western Caribbean & Perfect Day,7,Symphony of the Seas,SY,"Miami, Florida",MIA,"Miami, Florida - Nassau, Bahamas - Perfect Day at CocoCay, Bahamas - San Juan, Puerto Rico - Puerto Plata, Dominican Republic - Miami, Florida",SY07MIA-2119524152-2026-02-22,2026-02-22,Owners Suite 1 Bedroom,3907
2025-11-22T22:09:05.857590,"https://www.royalcaribbean.com/gbr/en/cruises?search=departurePort:BCN,BYE,FLL,LAX,MIA,ROM,SIN,YOK|nights:6~8,9~11,gte12|ship:AL,AN,HM,IC,LE,OA,OV,OY,QN,ST,SY,UT,WN&country=IRL&market=gbr&language=en",https://www.royalcaribbean.com/gbr/en/cruises/itinerary/7-nt-western-caribbean-perfect-day-from-miami-on-symphony/SY07MIA-2119524152?sail-date=2026-01-11&currency=EUR&country=IRL,SY07MIA-2119524152,Western Caribbean & Perfect Day,7,Symphony of the Seas,SY,"Miami, Florida",MIA,"Miami, Florida - Nassau, Bahamas - Perfect Day at CocoCay, Bahamas - San Juan, Puerto Rico - Puerto Plata, Dominican Republic - Miami, Florida",SY07MIA-2119524152-2026-02-22,2026-02-22,Spacious Aquatheater Suite 1 Bedroom,4975
2025-11-22T22:09:05.857590,"https://www.royalcaribbean.com/gbr/en/cruises?search=departurePort:BCN,BYE,FLL,LAX,MIA,ROM,SIN,YOK|nights:6~8,9~11,gte12|ship:AL,AN,HM,IC,LE,OA,OV,OY,QN,ST,SY,UT,WN&country=IRL&market=gbr&language=en",https://www.royalcaribbean.com/gbr/en/cruises/itinerary/7-nt-western-caribbean-perfect-day-from-miami-on-symphony/SY07MIA-2119524152?sail-date=2026-01-11&currency=EUR&country=IRL,SY07MIA-2119524152,Western Caribbean & Perfect Day,7,Symphony of the Seas,SY,"Miami, Florida",MIA,"Miami, Florida - Nassau, Bahamas - Perfect Day at CocoCay, Bahamas - San Juan, Puerto Rico - Puerto Plata, Dominican Republic - Miami, Florida",SY07MIA-2119524152-2026-02-22,2026-02-22,Aquatheater Suite With Large Balcony 2 Bedroom,6356
2025-11-22T22:09:05.857590,"https://www.royalcaribbean.com/gbr/en/cruises?search=departurePort:BCN,BYE,FLL,LAX,MIA,ROM,SIN,YOK|nights:6~8,9~11,gte12|ship:AL,AN,HM,IC,LE,OA,OV,OY,QN,ST,SY,UT,WN&country=IRL&market=gbr&language=en",https://www.royalcaribbean.com/gbr/en/cruises/itinerary/7-nt-western-caribbean-perfect-day-from-miami-on-symphony/SY07MIA-2119524152?sail-date=2026-01-11&currency=EUR&country=IRL,SY07MIA-2119524152,Western Caribbean & Perfect Day,7,Symphony of the Seas,SY,"Miami, Florida",MIA,"Miami, Florida - Nassau, Bahamas - Perfect Day at CocoCay, Bahamas - San Juan, Puerto Rico - Puerto Plata, Dominican Republic - Miami, Florida",SY07MIA-2119524152-2026-02-22,2026-02-22,Star Loft Suite,8153
2025-11-22T22:09:05.857590,"https://www.royalcaribbean.com/gbr/en/cruises?search=departurePort:BCN,BYE,FLL,LAX,MIA,ROM,SIN,YOK|nights:6~8,9~11,gte12|ship:AL,AN,HM,IC,LE,OA,OV,OY,QN,ST,SY,UT,WN&country=IRL&market=gbr&language=en",https://www.royalcaribbean.com/gbr/en/cruises/itinerary/7-nt-western-caribbean-perfect-day-from-miami-on-symphony/SY07MIA-2119524152?sail-date=2026-01-11&currency=EUR&country=IRL,SY07MIA-2119524152,Western Caribbean & Perfect Day,7,Symphony of the Seas,SY,"Miami, Florida",MIA,"Miami, Florida - Nassau, Bahamas - Perfect Day at CocoCay, Bahamas - San Juan, Puerto Rico - Puerto Plata, Dominican Republic - Miami, Florida",SY07MIA-2119524152-2026-02-22,2026-02-22,Ultimate Family Suite,10562
2025-11-22T22:09:05.857590,"https://www.royalcaribbean.com/gbr/en/cruises?search=departurePort:BCN,BYE,FLL,LAX,MIA,ROM,SIN,YOK|nights:6~8,9~11,gte12|ship:AL,AN,HM,IC,LE,OA,OV,OY,QN,ST,SY,UT,WN&country=IRL&market=gbr&language=en",https://www.royalcaribbean.com/gbr/en/cruises/itinerary/7-nt-western-caribbean-perfect-day-from-miami-on-symphony/SY07MIA-2119524152?sail-date=2026-01-11&currency=EUR&country=IRL,SY07MIA-2119524152,Western Caribbean & Perfect Day,7,Symphony of the Seas,SY,"Miami, Florida",MIA,"Miami, Florida - Nassau, Bahamas - Perfect Day at CocoCay, Bahamas - San Juan, Puerto Rico - Puerto Plata, Dominican Republic - Miami, Florida",SY07MIA-2119524152-2026-03-08,2026-03-08,Interior,1120
2025-11-22T22:09:05.857590,"https://www.royalcaribbean.com/gbr/en/cruises?search=departurePort:BCN,BYE,FLL,LAX,MIA,ROM,SIN,YOK|nights:6~8,9~11,gte12|ship:AL,AN,HM,IC,LE,OA,OV,OY,QN,ST,SY,UT,WN&country=IRL&market=gbr&language=en",https://www.royalcaribbean.com/gbr/en/cruises/itinerary/7-nt-western-caribbean-perfect-day-from-miami-on-symphony/SY07MIA-2119524152?sail-date=2026-01-11&currency=EUR&country=IRL,SY07MIA-2119524152,Western Caribbean & Perfect Day,7,Symphony of the Seas,SY,"Miami, Florida",MIA,"Miami, Florida - Nassau, Bahamas - Perfect Day at CocoCay, Bahamas - San Juan, Puerto Rico - Puerto Plata, Dominican Republic - Miami, Florida",SY07MIA-2119524152-2026-03-08,2026-03-08,Balcony,1167
2025-11-22T22:09:05.857590,"https://www.royalcaribbean.com/gbr/en/cruises?search=departurePort:BCN,BYE,FLL,LAX,MIA,ROM,SIN,YOK|nights:6~8,9~11,gte12|ship:AL,AN,HM,IC,LE,OA,OV,OY,QN,ST,SY,UT,WN&country=IRL&market=gbr&language=en",https://www.royalcaribbean.com/gbr/en/cruises/itinerary/7-nt-western-caribbean-perfect-day-from-miami-on-symphony/SY07MIA-2119524152?sail-date=2026-01-11&currency=EUR&country=IRL,SY07MIA-2119524152,Western Caribbean & Perfect Day,7,Symphony of the Seas,SY,"Miami, Florida",MIA,"Miami, Florida - Nassau, Bahamas - Perfect Day at CocoCay, Bahamas - San Juan, Puerto Rico - Puerto Plata, Dominican Republic - Miami, Florida",SY07MIA-2119524152-2026-03-08,2026-03-08,Suite Guarantee,3235
2025-11-22T22:09:05.857590,"https://www.royalcaribbean.com/gbr/en/cruises?search=departurePort:BCN,BYE,FLL,LAX,MIA,ROM,SIN,YOK|nights:6~8,9~11,gte12|ship:AL,AN,HM,IC,LE,OA,OV,OY,QN,ST,SY,UT,WN&country=IRL&market=gbr&language=en",https://www.royalcaribbean.com/gbr/en/cruises/itinerary/7-nt-western-caribbean-perfect-day-from-miami-on-symphony/SY07MIA-2119524152?sail-date=2026-01-11&currency=EUR&country=IRL,SY07MIA-2119524152,Western Caribbean & Perfect Day,7,Symphony of the Seas,SY,"Miami, Florida",MIA,"Miami, Florida - Nassau, Bahamas - Perfect Day at CocoCay, Bahamas - San Juan, Puerto Rico - Puerto Plata, Dominican Republic - Miami, Florida",SY07MIA-2119524152-2026-03-08,2026-03-08,Crown Loft Suite,3278
2025-11-22T22:09:05.857590,"https://www.royalcaribbean.com/gbr/en/cruises?search=departurePort:BCN,BYE,FLL,LAX,MIA,ROM,SIN,YOK|nights:6~8,9~11,gte12|ship:AL,AN,HM,IC,LE,OA,OV,OY,QN,ST,SY,UT,WN&country=IRL&market=gbr&language=en",https://www.royalcaribbean.com/gbr/en/cruises/itinerary/7-nt-western-caribbean-perfect-day-from-miami-on-symphony/SY07MIA-2119524152?sail-date=2026-01-11&currency=EUR&country=IRL,SY07MIA-2119524152,Western Caribbean & Perfect Day,7,Symphony of the Seas,SY,"Miami, Florida",MIA,"Miami, Florida - Nassau, Bahamas - Perfect Day at CocoCay, Bahamas - San Juan, Puerto Rico - Puerto Plata, Dominican Republic - Miami, Florida",SY07MIA-2119524152-2026-03-08,2026-03-08,Owners Suite 1 Bedroom,3907
2025-11-22T22:09:05.857590,"https://www.royalcaribbean.com/gbr/en/cruises?search=departurePort:BCN,BYE,FLL,LAX,MIA,ROM,SIN,YOK|nights:6~8,9~11,gte12|ship:AL,AN,HM,IC,LE,OA,OV,OY,QN,ST,SY,UT,WN&country=IRL&market=gbr&language=en",https://www.royalcaribbean.com/gbr/en/cruises/itinerary/7-nt-western-caribbean-perfect-day-from-miami-on-symphony/SY07MIA-2119524152?sail-date=2026-01-11&currency=EUR&country=IRL,SY07MIA-2119524152,Western Caribbean & Perfect Day,7,Symphony of the Seas,SY,"Miami, Florida",MIA,"Miami, Florida - Nassau, Bahamas - Perfect Day at CocoCay, Bahamas - San Juan, Puerto Rico - Puerto Plata, Dominican Republic - Miami, Florida",SY07MIA-2119524152-2026-03-08,2026-03-08,Spacious Aquatheater Suite 1 Bedroom,4975
2025-11-22T22:09:05.857590,"https://www.royalcaribbean.com/gbr/en/cruises?search=departurePort:BCN,BYE,FLL,LAX,MIA,ROM,SIN,YOK|nights:6~8,9~11,gte12|ship:AL,AN,HM,IC,LE,OA,OV,OY,QN,ST,SY,UT,WN&country=IRL&market=gbr&language=en",https://www.royalcaribbean.com/gbr/en/cruises/itinerary/7-nt-western-caribbean-perfect-day-from-miami-on-symphony/SY07MIA-2119524152?sail-date=2026-01-11&currency=EUR&country=IRL,SY07MIA-2119524152,Western Caribbean & Perfect Day,7,Symphony of the Seas,SY,"Miami, Florida",MIA,"Miami, Florida - Nassau, Bahamas - Perfect Day at CocoCay, Bahamas - San Juan, Puerto Rico - Puerto Plata, Dominican Republic - Miami, Florida",SY07MIA-2119524152-2026-03-08,2026-03-08,Aquatheater Suite With Large Balcony 2 Bedroom,6356
2025-11-22T22:09:05.857590,"https://www.royalcaribbean.com/gbr/en/cruises?search=departurePort:BCN,BYE,FLL,LAX,MIA,ROM,SIN,YOK|nights:6~8,9~11,gte12|ship:AL,AN,HM,IC,LE,OA,OV,OY,QN,ST,SY,UT,WN&country=IRL&market=gbr&language=en",https://www.royalcaribbean.com/gbr/en/cruises/itinerary/7-nt-western-caribbean-perfect-day-from-miami-on-symphony/SY07MIA-2119524152?sail-date=2026-01-11&currency=EUR&country=IRL,SY07MIA-2119524152,Western Caribbean & Perfect Day,7,Symphony of the Seas,SY,"Miami, Florida",MIA,"Miami, Florida - Nassau, Bahamas - Perfect Day at CocoCay, Bahamas - San Juan, Puerto Rico - Puerto Plata, Dominican Republic - Miami, Florida",SY07MIA-2119524152-2026-03-08,2026-03-08,Star Loft Suite,8153
2025-11-22T22:09:05.857590,"https://www.royalcaribbean.com/gbr/en/cruises?search=departurePort:BCN,BYE,FLL,LAX,MIA,ROM,SIN,YOK|nights:6~8,9~11,gte12|ship:AL,AN,HM,IC,LE,OA,OV,OY,QN,ST,SY,UT,WN&country=IRL&market=gbr&language=en",https://www.royalcaribbean.com/gbr/en/cruises/itinerary/7-nt-western-caribbean-perfect-day-from-miami-on-symphony/SY07MIA-2119524152?sail-date=2026-01-11&currency=EUR&country=IRL,SY07MIA-2119524152,Western Caribbean & Perfect Day,7,Symphony of the Seas,SY,"Miami, Florida",MIA,"Miami, Florida - Nassau, Bahamas - Perfect Day at CocoCay, Bahamas - San Juan, Puerto Rico - Puerto Plata, Dominican Republic - Miami, Florida",SY07MIA-2119524152-2026-03-08,2026-03-08,Ultimate Family Suite,10562
2025-11-22T22:09:05.857590,"https://www.royalcaribbean.com/gbr/en/cruises?search=departurePort:BCN,BYE,FLL,LAX,MIA,ROM,SIN,YOK|nights:6~8,9~11,gte12|ship:AL,AN,HM,IC,LE,OA,OV,OY,QN,ST,SY,UT,WN&country=IRL&market=gbr&language=en",https://www.royalcaribbean.com/gbr/en/cruises/itinerary/7-night-western-mediterranean-from-barcelona-on-legend/LE07BCN-1230259968?sail-date=2027-08-15&currency=EUR&country=IRL,LE07BCN-1230259968,Western Mediterranean Cruise,7,Legend of the Seas,LE,"Barcelona, Spain",BCN,"Barcelona, Spain - Palma de Mallorca, Spain - Florence/Pisa (La Spezia), Italy - Rome (Civitavecchia), Italy - Naples/Capri, Italy - Barcelona, Spain",LE07BCN-1230259968-2027-08-15,2027-08-15,Interior,1722
2025-11-22T22:09:05.857590,"https://www.royalcaribbean.com/gbr/en/cruises?search=departurePort:BCN,BYE,FLL,LAX,MIA,ROM,SIN,YOK|nights:6~8,9~11,gte12|ship:AL,AN,HM,IC,LE,OA,OV,OY,QN,ST,SY,UT,WN&country=IRL&market=gbr&language=en",https://www.royalcaribbean.com/gbr/en/cruises/itinerary/7-night-western-mediterranean-from-barcelona-on-legend/LE07BCN-1230259968?sail-date=2027-08-15&currency=EUR&country=IRL,LE07BCN-1230259968,Western Mediterranean Cruise,7,Legend of the Seas,LE,"Barcelona, Spain",BCN,"Barcelona, Spain - Palma de Mallorca, Spain - Florence/Pisa (La Spezia), Italy - Rome (Civitavecchia), Italy - Naples/Capri, Italy - Barcelona, Spain",LE07BCN-1230259968-2027-08-15,2027-08-15,Ocean View,1802
2025-11-22T22:09:05.857590,"https://www.royalcaribbean.com/gbr/en/cruises?search=departurePort:BCN,BYE,FLL,LAX,MIA,ROM,SIN,YOK|nights:6~8,9~11,gte12|ship:AL,AN,HM,IC,LE,OA,OV,OY,QN,ST,SY,UT,WN&country=IRL&market=gbr&language=en",https://www.royalcaribbean.com/gbr/en/cruises/itinerary/7-night-western-mediterranean-from-barcelona-on-legend/LE07BCN-1230259968?sail-date=2027-08-15&currency=EUR&country=IRL,LE07BCN-1230259968,Western Mediterranean Cruise,7,Legend of the Seas,LE,"Barcelona, Spain",BCN,"Barcelona, Spain - Palma de Mallorca, Spain - Florence/Pisa (La Spezia), Italy - Rome (Civitavecchia), Italy - Naples/Capri, Italy - Barcelona, Spain",LE07BCN-1230259968-2027-08-15,2027-08-15,Balcony,1837
2025-11-22T22:09:05.857590,"https://www.royalcaribbean.com/gbr/en/cruises?search=departurePort:BCN,BYE,FLL,LAX,MIA,ROM,SIN,YOK|nights:6~8,9~11,gte12|ship:AL,AN,HM,IC,LE,OA,OV,OY,QN,ST,SY,UT,WN&country=IRL&market=gbr&language=en",https://www.royalcaribbean.com/gbr/en/cruises/itinerary/7-night-western-mediterranean-from-barcelona-on-legend/LE07BCN-1230259968?sail-date=2027-08-15&currency=EUR&country=IRL,LE07BCN-1230259968,Western Mediterranean Cruise,7,Legend of the Seas,LE,"Barcelona, Spain",BCN,"Barcelona, Spain - Palma de Mallorca, Spain - Florence/Pisa (La Spezia), Italy - Rome (Civitavecchia), Italy - Naples/Capri, Italy - Barcelona, Spain",LE07BCN-1230259968-2027-08-15,2027-08-15,Suite Guarantee,2940
2025-11-22T22:09:05.857590,"https://www.royalcaribbean.com/gbr/en/cruises?search=departurePort:BCN,BYE,FLL,LAX,MIA,ROM,SIN,YOK|nights:6~8,9~11,gte12|ship:AL,AN,HM,IC,LE,OA,OV,OY,QN,ST,SY,UT,WN&country=IRL&market=gbr&language=en",https://www.royalcaribbean.com/gbr/en/cruises/itinerary/7-night-western-mediterranean-from-barcelona-on-legend/LE07BCN-1230259968?sail-date=2027-08-15&currency=EUR&country=IRL,LE07BCN-1230259968,Western Mediterranean Cruise,7,Legend of the Seas,LE,"Barcelona, Spain",BCN,"Barcelona, Spain - Palma de Mallorca, Spain - Florence/Pisa (La Spezia), Italy - Rome (Civitavecchia), Italy - Naples/Capri, Italy - Barcelona, Spain",LE07BCN-1230259968-2027-08-15,2027-08-15,We Choose Your Suite,2940
2025-11-22T22:09:05.857590,"https://www.royalcaribbean.com/gbr/en/cruises?search=departurePort:BCN,BYE,FLL,LAX,MIA,ROM,SIN,YOK|nights:6~8,9~11,gte12|ship:AL,AN,HM,IC,LE,OA,OV,OY,QN,ST,SY,UT,WN&country=IRL&market=gbr&language=en",https://www.royalcaribbean.com/gbr/en/cruises/itinerary/7-night-western-mediterranean-from-barcelona-on-legend/LE07BCN-1230259968?sail-date=2027-08-15&currency=EUR&country=IRL,LE07BCN-1230259968,Western Mediterranean Cruise,7,Legend of the Seas,LE,"Barcelona, Spain",BCN,"Barcelona, Spain - Palma de Mallorca, Spain - Florence/Pisa (La Spezia), Italy - Rome (Civitavecchia), Italy - Naples/Capri, Italy - Barcelona, Spain",LE07BCN-1230259968-2027-08-15,2027-08-15,Surfside Family Suite,3001
2025-11-22T22:09:05.857590,"https://www.royalcaribbean.com/gbr/en/cruises?search=departurePort:BCN,BYE,FLL,LAX,MIA,ROM,SIN,YOK|nights:6~8,9~11,gte12|ship:AL,AN,HM,IC,LE,OA,OV,OY,QN,ST,SY,UT,WN&country=IRL&market=gbr&language=en",https://www.royalcaribbean.com/gbr/en/cruises/itinerary/7-night-western-mediterranean-from-barcelona-on-legend/LE07BCN-1230259968?sail-date=2027-08-15&currency=EUR&country=IRL,LE07BCN-1230259968,Western Mediterranean Cruise,7,Legend of the Seas,LE,"Barcelona, Spain",BCN,"Barcelona, Spain - Palma de Mallorca, Spain - Florence/Pisa (La Spezia), Italy - Rome (Civitavecchia), Italy - Naples/Capri, Italy - Barcelona, Spain",LE07BCN-1230259968-2027-08-15,2027-08-15,Junior Suite,3184
2025-11-22T22:09:05.857590,"https://www.royalcaribbean.com/gbr/en/cruises?search=departurePort:BCN,BYE,FLL,LAX,MIA,ROM,SIN,YOK|nights:6~8,9~11,gte12|ship:AL,AN,HM,IC,LE,OA,OV,OY,QN,ST,SY,UT,WN&country=IRL&market=gbr&language=en",https://www.royalcaribbean.com/gbr/en/cruises/itinerary/7-night-western-mediterranean-from-barcelona-on-legend/LE07BCN-1230259968?sail-date=2027-08-15&currency=EUR&country=IRL,LE07BCN-1230259968,Western Mediterranean Cruise,7,Legend of the Seas,LE,"Barcelona, Spain",BCN,"Barcelona, Spain - Palma de Mallorca, Spain - Florence/Pisa (La Spezia), Italy - Rome (Civitavecchia), Italy - Naples/Capri, Italy - Barcelona, Spain",LE07BCN-1230259968-2027-08-15,2027-08-15,Ocean View Panoramic Suite No Balcony,4029
2025-11-22T22:09:05.857590,"https://www.royalcaribbean.com/gbr/en/cruises?search=departurePort:BCN,BYE,FLL,LAX,MIA,ROM,SIN,YOK|nights:6~8,9~11,gte12|ship:AL,AN,HM,IC,LE,OA,OV,OY,QN,ST,SY,UT,WN&country=IRL&market=gbr&language=en",https://www.royalcaribbean.com/gbr/en/cruises/itinerary/7-night-western-mediterranean-from-barcelona-on-legend/LE07BCN-1230259968?sail-date=2027-08-15&currency=EUR&country=IRL,LE07BCN-1230259968,Western Mediterranean Cruise,7,Legend of the Seas,LE,"Barcelona, Spain",BCN,"Barcelona, Spain - Palma de Mallorca, Spain - Florence/Pisa (La Spezia), Italy - Rome (Civitavecchia), Italy - Naples/Capri, Italy - Barcelona, Spain",LE07BCN-1230259968-2027-08-15,2027-08-15,Sky Junior Suite,4178
2025-11-22T22:09:05.857590,"https://www.royalcaribbean.com/gbr/en/cruises?search=departurePort:BCN,BYE,FLL,LAX,MIA,ROM,SIN,YOK|nights:6~8,9~11,gte12|ship:AL,AN,HM,IC,LE,OA,OV,OY,QN,ST,SY,UT,WN&country=IRL&market=gbr&language=en",https://www.royalcaribbean.com/gbr/en/cruises/itinerary/7-night-western-mediterranean-from-barcelona-on-legend/LE07BCN-1230259968?sail-date=2027-08-15&currency=EUR&country=IRL,LE07BCN-1230259968,Western Mediterranean Cruise,7,Legend of the Seas,LE,"Barcelona, Spain",BCN,"Barcelona, Spain - Palma de Mallorca, Spain - Florence/Pisa (La Spezia), Italy - Rome (Civitavecchia), Italy - Naples/Capri, Italy - Barcelona, Spain",LE07BCN-1230259968-2027-08-15,2027-08-15,Sunset Junior Suite,4621
2025-11-22T22:09:05.857590,"https://www.royalcaribbean.com/gbr/en/cruises?search=departurePort:BCN,BYE,FLL,LAX,MIA,ROM,SIN,YOK|nights:6~8,9~11,gte12|ship:AL,AN,HM,IC,LE,OA,OV,OY,QN,ST,SY,UT,WN&country=IRL&market=gbr&language=en",https://www.royalcaribbean.com/gbr/en/cruises/itinerary/7-night-western-mediterranean-from-barcelona-on-legend/LE07BCN-1230259968?sail-date=2027-08-15&currency=EUR&country=IRL,LE07BCN-1230259968,Western Mediterranean Cruise,7,Legend of the Seas,LE,"Barcelona, Spain",BCN,"Barcelona, Spain - Palma de Mallorca, Spain - Florence/Pisa (La Spezia), Italy - Rome (Civitavecchia), Italy - Naples/Capri, Italy - Barcelona, Spain",LE07BCN-1230259968-2027-08-15,2027-08-15,Infinite Grand Suite,5936
2025-11-22T22:09:05.857590,"https://www.royalcaribbean.com/gbr/en/cruises?search=departurePort:BCN,BYE,FLL,LAX,MIA,ROM,SIN,YOK|nights:6~8,9~11,gte12|ship:AL,AN,HM,IC,LE,OA,OV,OY,QN,ST,SY,UT,WN&country=IRL&market=gbr&language=en",https://www.royalcaribbean.com/gbr/en/cruises/itinerary/7-night-western-mediterranean-from-barcelona-on-legend/LE07BCN-1230259968?sail-date=2027-08-15&currency=EUR&country=IRL,LE07BCN-1230259968,Western Mediterranean Cruise,7,Legend of the Seas,LE,"Barcelona, Spain",BCN,"Barcelona, Spain - Palma de Mallorca, Spain - Florence/Pisa (La Spezia), Italy - Rome (Civitavecchia), Italy - Naples/Capri, Italy - Barcelona, Spain",LE07BCN-1230259968-2027-08-15,2027-08-15,Grand Suite,5936
2025-11-22T22:09:05.857590,"https://www.royalcaribbean.com/gbr/en/cruises?search=departurePort:BCN,BYE,FLL,LAX,MIA,ROM,SIN,YOK|nights:6~8,9~11,gte12|ship:AL,AN,HM,IC,LE,OA,OV,OY,QN,ST,SY,UT,WN&country=IRL&market=gbr&language=en",https://www.royalcaribbean.com/gbr/en/cruises/itinerary/7-night-western-mediterranean-from-barcelona-on-legend/LE07BCN-1230259968?sail-date=2027-08-15&currency=EUR&country=IRL,LE07BCN-1230259968,Western Mediterranean Cruise,7,Legend of the Seas,LE,"Barcelona, Spain",BCN,"Barcelona, Spain - Palma de Mallorca, Spain - Florence/Pisa (La Spezia), Italy - Rome (Civitavecchia), Italy - Naples/Capri, Italy - Barcelona, Spain",LE07BCN-1230259968-2027-08-15,2027-08-15,Sunset Suite,6057
2025-11-22T22:09:05.857590,"https://www.royalcaribbean.com/gbr/en/cruises?search=departurePort:BCN,BYE,FLL,LAX,MIA,ROM,SIN,YOK|nights:6~8,9~11,gte12|ship:AL,AN,HM,IC,LE,OA,OV,OY,QN,ST,SY,UT,WN&country=IRL&market=gbr&language=en",https://www.royalcaribbean.com/gbr/en/cruises/itinerary/7-night-western-mediterranean-from-barcelona-on-legend/LE07BCN-1230259968?sail-date=2027-08-15&currency=EUR&country=IRL,LE07BCN-1230259968,Western Mediterranean Cruise,7,Legend of the Seas,LE,"Barcelona, Spain",BCN,"Barcelona, Spain - Palma de Mallorca, Spain - Florence/Pisa (La Spezia), Italy - Rome (Civitavecchia), Italy - Naples/Capri, Italy - Barcelona, Spain",LE07BCN-1230259968-2027-08-15,2027-08-15,Sunset Corner Suite,6530
2025-11-22T22:09:05.857590,"https://www.royalcaribbean.com/gbr/en/cruises?search=departurePort:BCN,BYE,FLL,LAX,MIA,ROM,SIN,YOK|nights:6~8,9~11,gte12|ship:AL,AN,HM,IC,LE,OA,OV,OY,QN,ST,SY,UT,WN&country=IRL&market=gbr&language=en",https://www.royalcaribbean.com/gbr/en/cruises/itinerary/7-night-western-mediterranean-from-barcelona-on-legend/LE07BCN-1230259968?sail-date=2027-08-15&currency=EUR&country=IRL,LE07BCN-1230259968,Western Mediterranean Cruise,7,Legend of the Seas,LE,"Barcelona, Spain",BCN,"Barcelona, Spain - Palma de Mallorca, Spain - Florence/Pisa (La Spezia), Italy - Rome (Civitavecchia), Italy - Naples/Capri, Italy - Barcelona, Spain",LE07BCN-1230259968-2027-08-15,2027-08-15,Owners Suite,8585
2025-11-22T22:09:05.857590,"https://www.royalcaribbean.com/gbr/en/cruises?search=departurePort:BCN,BYE,FLL,LAX,MIA,ROM,SIN,YOK|nights:6~8,9~11,gte12|ship:AL,AN,HM,IC,LE,OA,OV,OY,QN,ST,SY,UT,WN&country=IRL&market=gbr&language=en",https://www.royalcaribbean.com/gbr/en/cruises/itinerary/7-night-western-mediterranean-from-barcelona-on-legend/LE07BCN-1230259968?sail-date=2027-08-15&currency=EUR&country=IRL,LE07BCN-1230259968,Western Mediterranean Cruise,7,Legend of the Seas,LE,"Barcelona, Spain",BCN,"Barcelona, Spain - Palma de Mallorca, Spain - Florence/Pisa (La Spezia), Italy - Rome (Civitavecchia), Italy - Naples/Capri, Italy - Barcelona, Spain",LE07BCN-1230259968-2027-08-15,2027-08-15,Icon Loft Suite,11808
2025-11-22T22:09:05.857590,"https://www.royalcaribbean.com/gbr/en/cruises?search=departurePort:BCN,BYE,FLL,LAX,MIA,ROM,SIN,YOK|nights:6~8,9~11,gte12|ship:AL,AN,HM,IC,LE,OA,OV,OY,QN,ST,SY,UT,WN&country=IRL&market=gbr&language=en",https://www.royalcaribbean.com/gbr/en/cruises/itinerary/7-night-western-mediterranean-from-barcelona-on-legend/LE07BCN-1230259968?sail-date=2027-08-15&currency=EUR&country=IRL,LE07BCN-1230259968,Western Mediterranean Cruise,7,Legend of the Seas,LE,"Barcelona, Spain",BCN,"Barcelona, Spain - Palma de Mallorca, Spain - Florence/Pisa (La Spezia), Italy - Rome (Civitavecchia), Italy - Naples/Capri, Italy - Barcelona, Spain",LE07BCN-1230259968-2027-08-15,2027-08-15,Ultimate Family Townhouse,34117
2025-11-22T22:09:05.857590,"https://www.royalcaribbean.com/gbr/en/cruises?search=departurePort:BCN,BYE,FLL,LAX,MIA,ROM,SIN,YOK|nights:6~8,9~11,gte12|ship:AL,AN,HM,IC,LE,OA,OV,OY,QN,ST,SY,UT,WN&country=IRL&market=gbr&language=en",https://www.royalcaribbean.com/gbr/en/cruises/itinerary/7-night-western-mediterranean-from-barcelona-on-legend/LE07BCN-1230259968?sail-date=2027-08-15&currency=EUR&country=IRL,LE07BCN-1230259968,Western Mediterranean Cruise,7,Legend of the Seas,LE,"Barcelona, Spain",BCN,"Barcelona, Spain - Palma de Mallorca, Spain - Florence/Pisa (La Spezia), Italy - Rome (Civitavecchia), Italy - Naples/Capri, Italy - Barcelona, Spain",LE07BCN-1230259968-2027-08-15,2027-08-15,Royal Loft Suite,35878
2025-11-22T22:09:05.857590,"https://www.royalcaribbean.com/gbr/en/cruises?search=departurePort:BCN,BYE,FLL,LAX,MIA,ROM,SIN,YOK|nights:6~8,9~11,gte12|ship:AL,AN,HM,IC,LE,OA,OV,OY,QN,ST,SY,UT,WN&country=IRL&market=gbr&language=en",https://www.royalcaribbean.com/gbr/en/cruises/itinerary/7-night-western-mediterranean-from-barcelona-on-legend/LE07BCN-1230259968?sail-date=2027-08-15&currency=EUR&country=IRL,LE07BCN-1230259968,Western Mediterranean Cruise,7,Legend of the Seas,LE,"Barcelona, Spain",BCN,"Barcelona, Spain - Palma de Mallorca, Spain - Florence/Pisa (La Spezia), Italy - Rome (Civitavecchia), Italy - Naples/Capri, Italy - Barcelona, Spain",LE07BCN-1230259968-2026-08-09,2026-08-09,Interior,2242
2025-11-22T22:09:05.857590,"https://www.royalcaribbean.com/gbr/en/cruises?search=departurePort:BCN,BYE,FLL,LAX,MIA,ROM,SIN,YOK|nights:6~8,9~11,gte12|ship:AL,AN,HM,IC,LE,OA,OV,OY,QN,ST,SY,UT,WN&country=IRL&market=gbr&language=en",https://www.royalcaribbean.com/gbr/en/cruises/itinerary/7-night-western-mediterranean-from-barcelona-on-legend/LE07BCN-1230259968?sail-date=2027-08-15&currency=EUR&country=IRL,LE07BCN-1230259968,Western Mediterranean Cruise,7,Legend of the Seas,LE,"Barcelona, Spain",BCN,"Barcelona, Spain - Palma de Mallorca, Spain - Florence/Pisa (La Spezia), Italy - Rome (Civitavecchia), Italy - Naples/Capri, Italy - Barcelona, Spain",LE07BCN-1230259968-2026-08-09,2026-08-09,Ocean View,2251
2025-11-22T22:09:05.857590,"https://www.royalcaribbean.com/gbr/en/cruises?search=departurePort:BCN,BYE,FLL,LAX,MIA,ROM,SIN,YOK|nights:6~8,9~11,gte12|ship:AL,AN,HM,IC,LE,OA,OV,OY,QN,ST,SY,UT,WN&country=IRL&market=gbr&language=en",https://www.royalcaribbean.com/gbr/en/cruises/itinerary/7-night-western-mediterranean-from-barcelona-on-legend/LE07BCN-1230259968?sail-date=2027-08-15&currency=EUR&country=IRL,LE07BCN-1230259968,Western Mediterranean Cruise,7,Legend of the Seas,LE,"Barcelona, Spain",BCN,"Barcelona, Spain - Palma de Mallorca, Spain - Florence/Pisa (La Spezia), Italy - Rome (Civitavecchia), Italy - Naples/Capri, Italy - Barcelona, Spain",LE07BCN-1230259968-2026-08-09,2026-08-09,Balcony,2291
2025-11-22T22:09:05.857590,"https://www.royalcaribbean.com/gbr/en/cruises?search=departurePort:BCN,BYE,FLL,LAX,MIA,ROM,SIN,YOK|nights:6~8,9~11,gte12|ship:AL,AN,HM,IC,LE,OA,OV,OY,QN,ST,SY,UT,WN&country=IRL&market=gbr&language=en",https://www.royalcaribbean.com/gbr/en/cruises/itinerary/7-night-western-mediterranean-from-barcelona-on-legend/LE07BCN-1230259968?sail-date=2027-08-15&currency=EUR&country=IRL,LE07BCN-1230259968,Western Mediterranean Cruise,7,Legend of the Seas,LE,"Barcelona, Spain",BCN,"Barcelona, Spain - Palma de Mallorca, Spain - Florence/Pisa (La Spezia), Italy - Rome (Civitavecchia), Italy - Naples/Capri, Italy - Barcelona, Spain",LE07BCN-1230259968-2026-08-09,2026-08-09,Suite Guarantee,3492
2025-11-22T22:09:05.857590,"https://www.royalcaribbean.com/gbr/en/cruises?search=departurePort:BCN,BYE,FLL,LAX,MIA,ROM,SIN,YOK|nights:6~8,9~11,gte12|ship:AL,AN,HM,IC,LE,OA,OV,OY,QN,ST,SY,UT,WN&country=IRL&market=gbr&language=en",https://www.royalcaribbean.com/gbr/en/cruises/itinerary/7-night-western-mediterranean-from-barcelona-on-legend/LE07BCN-1230259968?sail-date=2027-08-15&currency=EUR&country=IRL,LE07BCN-1230259968,Western Mediterranean Cruise,7,Legend of the Seas,LE,"Barcelona, Spain",BCN,"Barcelona, Spain - Palma de Mallorca, Spain - Florence/Pisa (La Spezia), Italy - Rome (Civitavecchia), Italy - Naples/Capri, Italy - Barcelona, Spain",LE07BCN-1230259968-2026-08-09,2026-08-09,We Choose Your Suite,2940
2025-11-22T22:09:05.857590,"https://www.royalcaribbean.com/gbr/en/cruises?search=departurePort:BCN,BYE,FLL,LAX,MIA,ROM,SIN,YOK|nights:6~8,9~11,gte12|ship:AL,AN,HM,IC,LE,OA,OV,OY,QN,ST,SY,UT,WN&country=IRL&market=gbr&language=en",https://www.royalcaribbean.com/gbr/en/cruises/itinerary/7-night-western-mediterranean-from-barcelona-on-legend/LE07BCN-1230259968?sail-date=2027-08-15&currency=EUR&country=IRL,LE07BCN-1230259968,Western Mediterranean Cruise,7,Legend of the Seas,LE,"Barcelona, Spain",BCN,"Barcelona, Spain - Palma de Mallorca, Spain - Florence/Pisa (La Spezia), Italy - Rome (Civitavecchia), Italy - Naples/Capri, Italy - Barcelona, Spain",LE07BCN-1230259968-2026-08-09,2026-08-09,Surfside Family Suite,3001
2025-11-22T22:09:05.857590,"https://www.royalcaribbean.com/gbr/en/cruises?search=departurePort:BCN,BYE,FLL,LAX,MIA,ROM,SIN,YOK|nights:6~8,9~11,gte12|ship:AL,AN,HM,IC,LE,OA,OV,OY,QN,ST,SY,UT,WN&country=IRL&market=gbr&language=en",https://www.royalcaribbean.com/gbr/en/cruises/itinerary/7-night-western-mediterranean-from-barcelona-on-legend/LE07BCN-1230259968?sail-date=2027-08-15&currency=EUR&country=IRL,LE07BCN-1230259968,Western Mediterranean Cruise,7,Legend of the Seas,LE,"Barcelona, Spain",BCN,"Barcelona, Spain - Palma de Mallorca, Spain - Florence/Pisa (La Spezia), Italy - Rome (Civitavecchia), Italy - Naples/Capri, Italy - Barcelona, Spain",LE07BCN-1230259968-2026-08-09,2026-08-09,Junior Suite,3184
2025-11-22T22:09:05.857590,"https://www.royalcaribbean.com/gbr/en/cruises?search=departurePort:BCN,BYE,FLL,LAX,MIA,ROM,SIN,YOK|nights:6~8,9~11,gte12|ship:AL,AN,HM,IC,LE,OA,OV,OY,QN,ST,SY,UT,WN&country=IRL&market=gbr&language=en",https://www.royalcaribbean.com/gbr/en/cruises/itinerary/7-night-western-mediterranean-from-barcelona-on-legend/LE07BCN-1230259968?sail-date=2027-08-15&currency=EUR&country=IRL,LE07BCN-1230259968,Western Mediterranean Cruise,7,Legend of the Seas,LE,"Barcelona, Spain",BCN,"Barcelona, Spain - Palma de Mallorca, Spain - Florence/Pisa (La Spezia), Italy - Rome (Civitavecchia), Italy - Naples/Capri, Italy - Barcelona, Spain",LE07BCN-1230259968-2026-08-09,2026-08-09,Ocean View Panoramic Suite No Balcony,4029
2025-11-22T22:09:05.857590,"https://www.royalcaribbean.com/gbr/en/cruises?search=departurePort:BCN,BYE,FLL,LAX,MIA,ROM,SIN,YOK|nights:6~8,9~11,gte12|ship:AL,AN,HM,IC,LE,OA,OV,OY,QN,ST,SY,UT,WN&country=IRL&market=gbr&language=en",https://www.royalcaribbean.com/gbr/en/cruises/itinerary/7-night-western-mediterranean-from-barcelona-on-legend/LE07BCN-1230259968?sail-date=2027-08-15&currency=EUR&country=IRL,LE07BCN-1230259968,Western Mediterranean Cruise,7,Legend of the Seas,LE,"Barcelona, Spain",BCN,"Barcelona, Spain - Palma de Mallorca, Spain - Florence/Pisa (La Spezia), Italy - Rome (Civitavecchia), Italy - Naples/Capri, Italy - Barcelona, Spain",LE07BCN-1230259968-2026-08-09,2026-08-09,Sky Junior Suite,4178
2025-11-22T22:09:05.857590,"https://www.royalcaribbean.com/gbr/en/cruises?search=departurePort:BCN,BYE,FLL,LAX,MIA,ROM,SIN,YOK|nights:6~8,9~11,gte12|ship:AL,AN,HM,IC,LE,OA,OV,OY,QN,ST,SY,UT,WN&country=IRL&market=gbr&language=en",https://www.royalcaribbean.com/gbr/en/cruises/itinerary/7-night-western-mediterranean-from-barcelona-on-legend/LE07BCN-1230259968?sail-date=2027-08-15&currency=EUR&country=IRL,LE07BCN-1230259968,Western Mediterranean Cruise,7,Legend of the Seas,LE,"Barcelona, Spain",BCN,"Barcelona, Spain - Palma de Mallorca, Spain - Florence/Pisa (La Spezia), Italy - Rome (Civitavecchia), Italy - Naples/Capri, Italy - Barcelona, Spain",LE07BCN-1230259968-2026-08-09,2026-08-09,Sunset Junior Suite,4621
2025-11-22T22:09:05.857590,"https://www.royalcaribbean.com/gbr/en/cruises?search=departurePort:BCN,BYE,FLL,LAX,MIA,ROM,SIN,YOK|nights:6~8,9~11,gte12|ship:AL,AN,HM,IC,LE,OA,OV,OY,QN,ST,SY,UT,WN&country=IRL&market=gbr&language=en",https://www.royalcaribbean.com/gbr/en/cruises/itinerary/7-night-western-mediterranean-from-barcelona-on-legend/LE07BCN-1230259968?sail-date=2027-08-15&currency=EUR&country=IRL,LE07BCN-1230259968,Western Mediterranean Cruise,7,Legend of the Seas,LE,"Barcelona, Spain",BCN,"Barcelona, Spain - Palma de Mallorca, Spain - Florence/Pisa (La Spezia), Italy - Rome (Civitavecchia), Italy - Naples/Capri, Italy - Barcelona, Spain",LE07BCN-1230259968-2026-08-09,2026-08-09,Infinite Grand Suite,5936
2025-11-22T22:09:05.857590,"https://www.royalcaribbean.com/gbr/en/cruises?search=departurePort:BCN,BYE,FLL,LAX,MIA,ROM,SIN,YOK|nights:6~8,9~11,gte12|ship:AL,AN,HM,IC,LE,OA,OV,OY,QN,ST,SY,UT,WN&country=IRL&market=gbr&language=en",https://www.royalcaribbean.com/gbr/en/cruises/itinerary/7-night-western-mediterranean-from-barcelona-on-legend/LE07BCN-1230259968?sail-date=2027-08-15&currency=EUR&country=IRL,LE07BCN-1230259968,Western Mediterranean Cruise,7,Legend of the Seas,LE,"Barcelona, Spain",BCN,"Barcelona, Spain - Palma de Mallorca, Spain - Florence/Pisa (La Spezia), Italy - Rome (Civitavecchia), Italy - Naples/Capri, Italy - Barcelona, Spain",LE07BCN-1230259968-2026-08-09,2026-08-09,Grand Suite,5936
2025-11-22T22:09:05.857590,"https://www.royalcaribbean.com/gbr/en/cruises?search=departurePort:BCN,BYE,FLL,LAX,MIA,ROM,SIN,YOK|nights:6~8,9~11,gte12|ship:AL,AN,HM,IC,LE,OA,OV,OY,QN,ST,SY,UT,WN&country=IRL&market=gbr&language=en",https://www.royalcaribbean.com/gbr/en/cruises/itinerary/7-night-western-mediterranean-from-barcelona-on-legend/LE07BCN-1230259968?sail-date=2027-08-15&currency=EUR&country=IRL,LE07BCN-1230259968,Western Mediterranean Cruise,7,Legend of the Seas,LE,"Barcelona, Spain",BCN,"Barcelona, Spain - Palma de Mallorca, Spain - Florence/Pisa (La Spezia), Italy - Rome (Civitavecchia), Italy - Naples/Capri, Italy - Barcelona, Spain",LE07BCN-1230259968-2026-08-09,2026-08-09,Sunset Suite,6057
2025-11-22T22:09:05.857590,"https://www.royalcaribbean.com/gbr/en/cruises?search=departurePort:BCN,BYE,FLL,LAX,MIA,ROM,SIN,YOK|nights:6~8,9~11,gte12|ship:AL,AN,HM,IC,LE,OA,OV,OY,QN,ST,SY,UT,WN&country=IRL&market=gbr&language=en",https://www.royalcaribbean.com/gbr/en/cruises/itinerary/7-night-western-mediterranean-from-barcelona-on-legend/LE07BCN-1230259968?sail-date=2027-08-15&currency=EUR&country=IRL,LE07BCN-1230259968,Western Mediterranean Cruise,7,Legend of the Seas,LE,"Barcelona, Spain",BCN,"Barcelona, Spain - Palma de Mallorca, Spain - Florence/Pisa (La Spezia), Italy - Rome (Civitavecchia), Italy - Naples/Capri, Italy - Barcelona, Spain",LE07BCN-1230259968-2026-08-09,2026-08-09,Sunset Corner Suite,6530
2025-11-22T22:09:05.857590,"https://www.royalcaribbean.com/gbr/en/cruises?search=departurePort:BCN,BYE,FLL,LAX,MIA,ROM,SIN,YOK|nights:6~8,9~11,gte12|ship:AL,AN,HM,IC,LE,OA,OV,OY,QN,ST,SY,UT,WN&country=IRL&market=gbr&language=en",https://www.royalcaribbean.com/gbr/en/cruises/itinerary/7-night-western-mediterranean-from-barcelona-on-legend/LE07BCN-1230259968?sail-date=2027-08-15&currency=EUR&country=IRL,LE07BCN-1230259968,Western Mediterranean Cruise,7,Legend of the Seas,LE,"Barcelona, Spain",BCN,"Barcelona, Spain - Palma de Mallorca, Spain - Florence/Pisa (La Spezia), Italy - Rome (Civitavecchia), Italy - Naples/Capri, Italy - Barcelona, Spain",LE07BCN-1230259968-2026-08-09,2026-08-09,Owners Suite,8585
2025-11-22T22:09:05.857590,"https://www.royalcaribbean.com/gbr/en/cruises?search=departurePort:BCN,BYE,FLL,LAX,MIA,ROM,SIN,YOK|nights:6~8,9~11,gte12|ship:AL,AN,HM,IC,LE,OA,OV,OY,QN,ST,SY,UT,WN&country=IRL&market=gbr&language=en",https://www.royalcaribbean.com/gbr/en/cruises/itinerary/7-night-western-mediterranean-from-barcelona-on-legend/LE07BCN-1230259968?sail-date=2027-08-15&currency=EUR&country=IRL,LE07BCN-1230259968,Western Mediterranean Cruise,7,Legend of the Seas,LE,"Barcelona, Spain",BCN,"Barcelona, Spain - Palma de Mallorca, Spain - Florence/Pisa (La Spezia), Italy - Rome (Civitavecchia), Italy - Naples/Capri, Italy - Barcelona, Spain",LE07BCN-1230259968-2026-08-09,2026-08-09,Icon Loft Suite,11808
2025-11-22T22:09:05.857590,"https://www.royalcaribbean.com/gbr/en/cruises?search=departurePort:BCN,BYE,FLL,LAX,MIA,ROM,SIN,YOK|nights:6~8,9~11,gte12|ship:AL,AN,HM,IC,LE,OA,OV,OY,QN,ST,SY,UT,WN&country=IRL&market=gbr&language=en",https://www.royalcaribbean.com/gbr/en/cruises/itinerary/7-night-western-mediterranean-from-barcelona-on-legend/LE07BCN-1230259968?sail-date=2027-08-15&currency=EUR&country=IRL,LE07BCN-1230259968,Western Mediterranean Cruise,7,Legend of the Seas,LE,"Barcelona, Spain",BCN,"Barcelona, Spain - Palma de Mallorca, Spain - Florence/Pisa (La Spezia), Italy - Rome (Civitavecchia), Italy - Naples/Capri, Italy - Barcelona, Spain",LE07BCN-1230259968-2026-08-09,2026-08-09,Ultimate Family Townhouse,34117
2025-11-22T22:09:05.857590,"https://www.royalcaribbean.com/gbr/en/cruises?search=departurePort:BCN,BYE,FLL,LAX,MIA,ROM,SIN,YOK|nights:6~8,9~11,gte12|ship:AL,AN,HM,IC,LE,OA,OV,OY,QN,ST,SY,UT,WN&country=IRL&market=gbr&language=en",https://www.royalcaribbean.com/gbr/en/cruises/itinerary/7-night-western-mediterranean-from-barcelona-on-legend/LE07BCN-1230259968?sail-date=2027-08-15&currency=EUR&country=IRL,LE07BCN-1230259968,Western Mediterranean Cruise,7,Legend of the Seas,LE,"Barcelona, Spain",BCN,"Barcelona, Spain - Palma de Mallorca, Spain - Florence/Pisa (La Spezia), Italy - Rome (Civitavecchia), Italy - Naples/Capri, Italy - Barcelona, Spain",LE07BCN-1230259968-2026-08-09,2026-08-09,Royal Loft Suite,35878
2025-11-22T22:09:05.857590,"https://www.royalcaribbean.com/gbr/en/cruises?search=departurePort:BCN,BYE,FLL,LAX,MIA,ROM,SIN,YOK|nights:6~8,9~11,gte12|ship:AL,AN,HM,IC,LE,OA,OV,OY,QN,ST,SY,UT,WN&country=IRL&market=gbr&language=en",https://www.royalcaribbean.com/gbr/en/cruises/itinerary/7-night-western-mediterranean-from-barcelona-on-legend/LE07BCN-1230259968?sail-date=2027-08-15&currency=EUR&country=IRL,LE07BCN-1230259968,Western Mediterranean Cruise,7,Legend of the Seas,LE,"Barcelona, Spain",BCN,"Barcelona, Spain - Palma de Mallorca, Spain - Florence/Pisa (La Spezia), Italy - Rome (Civitavecchia), Italy - Naples/Capri, Italy - Barcelona, Spain",LE07BCN-1230259968-2026-08-16,2026-08-16,Interior,2247
2025-11-22T22:09:05.857590,"https://www.royalcaribbean.com/gbr/en/cruises?search=departurePort:BCN,BYE,FLL,LAX,MIA,ROM,SIN,YOK|nights:6~8,9~11,gte12|ship:AL,AN,HM,IC,LE,OA,OV,OY,QN,ST,SY,UT,WN&country=IRL&market=gbr&language=en",https://www.royalcaribbean.com/gbr/en/cruises/itinerary/7-night-western-mediterranean-from-barcelona-on-legend/LE07BCN-1230259968?sail-date=2027-08-15&currency=EUR&country=IRL,LE07BCN-1230259968,Western Mediterranean Cruise,7,Legend of the Seas,LE,"Barcelona, Spain",BCN,"Barcelona, Spain - Palma de Mallorca, Spain - Florence/Pisa (La Spezia), Italy - Rome (Civitavecchia), Italy - Naples/Capri, Italy - Barcelona, Spain",LE07BCN-1230259968-2026-08-16,2026-08-16,Ocean View,2287
2025-11-22T22:09:05.857590,"https://www.royalcaribbean.com/gbr/en/cruises?search=departurePort:BCN,BYE,FLL,LAX,MIA,ROM,SIN,YOK|nights:6~8,9~11,gte12|ship:AL,AN,HM,IC,LE,OA,OV,OY,QN,ST,SY,UT,WN&country=IRL&market=gbr&language=en",https://www.royalcaribbean.com/gbr/en/cruises/itinerary/7-night-western-mediterranean-from-barcelona-on-legend/LE07BCN-1230259968?sail-date=2027-08-15&currency=EUR&country=IRL,LE07BCN-1230259968,Western Mediterranean Cruise,7,Legend of the Seas,LE,"Barcelona, Spain",BCN,"Barcelona, Spain - Palma de Mallorca, Spain - Florence/Pisa (La Spezia), Italy - Rome (Civitavecchia), Italy - Naples/Capri, Italy - Barcelona, Spain",LE07BCN-1230259968-2026-08-16,2026-08-16,Balcony,2375
2025-11-22T22:09:05.857590,"https://www.royalcaribbean.com/gbr/en/cruises?search=departurePort:BCN,BYE,FLL,LAX,MIA,ROM,SIN,YOK|nights:6~8,9~11,gte12|ship:AL,AN,HM,IC,LE,OA,OV,OY,QN,ST,SY,UT,WN&country=IRL&market=gbr&language=en",https://www.royalcaribbean.com/gbr/en/cruises/itinerary/7-night-western-mediterranean-from-barcelona-on-legend/LE07BCN-1230259968?sail-date=2027-08-15&currency=EUR&country=IRL,LE07BCN-1230259968,Western Mediterranean Cruise,7,Legend of the Seas,LE,"Barcelona, Spain",BCN,"Barcelona, Spain - Palma de Mallorca, Spain - Florence/Pisa (La Spezia), Italy - Rome (Civitavecchia), Italy - Naples/Capri, Italy - Barcelona, Spain",LE07BCN-1230259968-2026-08-16,2026-08-16,Suite Guarantee,3120
2025-11-22T22:09:05.857590,"https://www.royalcaribbean.com/gbr/en/cruises?search=departurePort:BCN,BYE,FLL,LAX,MIA,ROM,SIN,YOK|nights:6~8,9~11,gte12|ship:AL,AN,HM,IC,LE,OA,OV,OY,QN,ST,SY,UT,WN&country=IRL&market=gbr&language=en",https://www.royalcaribbean.com/gbr/en/cruises/itinerary/7-night-western-mediterranean-from-barcelona-on-legend/LE07BCN-1230259968?sail-date=2027-08-15&currency=EUR&country=IRL,LE07BCN-1230259968,Western Mediterranean Cruise,7,Legend of the Seas,LE,"Barcelona, Spain",BCN,"Barcelona, Spain - Palma de Mallorca, Spain - Florence/Pisa (La Spezia), Italy - Rome (Civitavecchia), Italy - Naples/Capri, Italy - Barcelona, Spain",LE07BCN-1230259968-2026-08-16,2026-08-16,We Choose Your Suite,2940
2025-11-22T22:09:05.857590,"https://www.royalcaribbean.com/gbr/en/cruises?search=departurePort:BCN,BYE,FLL,LAX,MIA,ROM,SIN,YOK|nights:6~8,9~11,gte12|ship:AL,AN,HM,IC,LE,OA,OV,OY,QN,ST,SY,UT,WN&country=IRL&market=gbr&language=en",https://www.royalcaribbean.com/gbr/en/cruises/itinerary/7-night-western-mediterranean-from-barcelona-on-legend/LE07BCN-1230259968?sail-date=2027-08-15&currency=EUR&country=IRL,LE07BCN-1230259968,Western Mediterranean Cruise,7,Legend of the Seas,LE,"Barcelona, Spain",BCN,"Barcelona, Spain - Palma de Mallorca, Spain - Florence/Pisa (La Spezia), Italy - Rome (Civitavecchia), Italy - Naples/Capri, Italy - Barcelona, Spain",LE07BCN-1230259968-2026-08-16,2026-08-16,Surfside Family Suite,3001
2025-11-22T22:09:05.857590,"https://www.royalcaribbean.com/gbr/en/cruises?search=departurePort:BCN,BYE,FLL,LAX,MIA,ROM,SIN,YOK|nights:6~8,9~11,gte12|ship:AL,AN,HM,IC,LE,OA,OV,OY,QN,ST,SY,UT,WN&country=IRL&market=gbr&language=en",https://www.royalcaribbean.com/gbr/en/cruises/itinerary/7-night-western-mediterranean-from-barcelona-on-legend/LE07BCN-1230259968?sail-date=2027-08-15&currency=EUR&country=IRL,LE07BCN-1230259968,Western Mediterranean Cruise,7,Legend of the Seas,LE,"Barcelona, Spain",BCN,"Barcelona, Spain - Palma de Mallorca, Spain - Florence/Pisa (La Spezia), Italy - Rome (Civitavecchia), Italy - Naples/Capri, Italy - Barcelona, Spain",LE07BCN-1230259968-2026-08-16,2026-08-16,Junior Suite,3184
2025-11-22T22:09:05.857590,"https://www.royalcaribbean.com/gbr/en/cruises?search=departurePort:BCN,BYE,FLL,LAX,MIA,ROM,SIN,YOK|nights:6~8,9~11,gte12|ship:AL,AN,HM,IC,LE,OA,OV,OY,QN,ST,SY,UT,WN&country=IRL&market=gbr&language=en",https://www.royalcaribbean.com/gbr/en/cruises/itinerary/7-night-western-mediterranean-from-barcelona-on-legend/LE07BCN-1230259968?sail-date=2027-08-15&currency=EUR&country=IRL,LE07BCN-1230259968,Western Mediterranean Cruise,7,Legend of the Seas,LE,"Barcelona, Spain",BCN,"Barcelona, Spain - Palma de Mallorca, Spain - Florence/Pisa (La Spezia), Italy - Rome (Civitavecchia), Italy - Naples/Capri, Italy - Barcelona, Spain",LE07BCN-1230259968-2026-08-16,2026-08-16,Ocean View Panoramic Suite No Balcony,4029
2025-11-22T22:09:05.857590,"https://www.royalcaribbean.com/gbr/en/cruises?search=departurePort:BCN,BYE,FLL,LAX,MIA,ROM,SIN,YOK|nights:6~8,9~11,gte12|ship:AL,AN,HM,IC,LE,OA,OV,OY,QN,ST,SY,UT,WN&country=IRL&market=gbr&language=en",https://www.royalcaribbean.com/gbr/en/cruises/itinerary/7-night-western-mediterranean-from-barcelona-on-legend/LE07BCN-1230259968?sail-date=2027-08-15&currency=EUR&country=IRL,LE07BCN-1230259968,Western Mediterranean Cruise,7,Legend of the Seas,LE,"Barcelona, Spain",BCN,"Barcelona, Spain - Palma de Mallorca, Spain - Florence/Pisa (La Spezia), Italy - Rome (Civitavecchia), Italy - Naples/Capri, Italy - Barcelona, Spain",LE07BCN-1230259968-2026-08-16,2026-08-16,Sky Junior Suite,4178
2025-11-22T22:09:05.857590,"https://www.royalcaribbean.com/gbr/en/cruises?search=departurePort:BCN,BYE,FLL,LAX,MIA,ROM,SIN,YOK|nights:6~8,9~11,gte12|ship:AL,AN,HM,IC,LE,OA,OV,OY,QN,ST,SY,UT,WN&country=IRL&market=gbr&language=en",https://www.royalcaribbean.com/gbr/en/cruises/itinerary/7-night-western-mediterranean-from-barcelona-on-legend/LE07BCN-1230259968?sail-date=2027-08-15&currency=EUR&country=IRL,LE07BCN-1230259968,Western Mediterranean Cruise,7,Legend of the Seas,LE,"Barcelona, Spain",BCN,"Barcelona, Spain - Palma de Mallorca, Spain - Florence/Pisa (La Spezia), Italy - Rome (Civitavecchia), Italy - Naples/Capri, Italy - Barcelona, Spain",LE07BCN-1230259968-2026-08-16,2026-08-16,Sunset Junior Suite,4621
2025-11-22T22:09:05.857590,"https://www.royalcaribbean.com/gbr/en/cruises?search=departurePort:BCN,BYE,FLL,LAX,MIA,ROM,SIN,YOK|nights:6~8,9~11,gte12|ship:AL,AN,HM,IC,LE,OA,OV,OY,QN,ST,SY,UT,WN&country=IRL&market=gbr&language=en",https://www.royalcaribbean.com/gbr/en/cruises/itinerary/7-night-western-mediterranean-from-barcelona-on-legend/LE07BCN-1230259968?sail-date=2027-08-15&currency=EUR&country=IRL,LE07BCN-1230259968,Western Mediterranean Cruise,7,Legend of the Seas,LE,"Barcelona, Spain",BCN,"Barcelona, Spain - Palma de Mallorca, Spain - Florence/Pisa (La Spezia), Italy - Rome (Civitavecchia), Italy - Naples/Capri, Italy - Barcelona, Spain",LE07BCN-1230259968-2026-08-16,2026-08-16,Infinite Grand Suite,5936
2025-11-22T22:09:05.857590,"https://www.royalcaribbean.com/gbr/en/cruises?search=departurePort:BCN,BYE,FLL,LAX,MIA,ROM,SIN,YOK|nights:6~8,9~11,gte12|ship:AL,AN,HM,IC,LE,OA,OV,OY,QN,ST,SY,UT,WN&country=IRL&market=gbr&language=en",https://www.royalcaribbean.com/gbr/en/cruises/itinerary/7-night-western-mediterranean-from-barcelona-on-legend/LE07BCN-1230259968?sail-date=2027-08-15&currency=EUR&country=IRL,LE07BCN-1230259968,Western Mediterranean Cruise,7,Legend of the Seas,LE,"Barcelona, Spain",BCN,"Barcelona, Spain - Palma de Mallorca, Spain - Florence/Pisa (La Spezia), Italy - Rome (Civitavecchia), Italy - Naples/Capri, Italy - Barcelona, Spain",LE07BCN-1230259968-2026-08-16,2026-08-16,Grand Suite,5936
2025-11-22T22:09:05.857590,"https://www.royalcaribbean.com/gbr/en/cruises?search=departurePort:BCN,BYE,FLL,LAX,MIA,ROM,SIN,YOK|nights:6~8,9~11,gte12|ship:AL,AN,HM,IC,LE,OA,OV,OY,QN,ST,SY,UT,WN&country=IRL&market=gbr&language=en",https://www.royalcaribbean.com/gbr/en/cruises/itinerary/7-night-western-mediterranean-from-barcelona-on-legend/LE07BCN-1230259968?sail-date=2027-08-15&currency=EUR&country=IRL,LE07BCN-1230259968,Western Mediterranean Cruise,7,Legend of the Seas,LE,"Barcelona, Spain",BCN,"Barcelona, Spain - Palma de Mallorca, Spain - Florence/Pisa (La Spezia), Italy - Rome (Civitavecchia), Italy - Naples/Capri, Italy - Barcelona, Spain",LE07BCN-1230259968-2026-08-16,2026-08-16,Sunset Suite,6057
2025-11-22T22:09:05.857590,"https://www.royalcaribbean.com/gbr/en/cruises?search=departurePort:BCN,BYE,FLL,LAX,MIA,ROM,SIN,YOK|nights:6~8,9~11,gte12|ship:AL,AN,HM,IC,LE,OA,OV,OY,QN,ST,SY,UT,WN&country=IRL&market=gbr&language=en",https://www.royalcaribbean.com/gbr/en/cruises/itinerary/7-night-western-mediterranean-from-barcelona-on-legend/LE07BCN-1230259968?sail-date=2027-08-15&currency=EUR&country=IRL,LE07BCN-1230259968,Western Mediterranean Cruise,7,Legend of the Seas,LE,"Barcelona, Spain",BCN,"Barcelona, Spain - Palma de Mallorca, Spain - Florence/Pisa (La Spezia), Italy - Rome (Civitavecchia), Italy - Naples/Capri, Italy - Barcelona, Spain",LE07BCN-1230259968-2026-08-16,2026-08-16,Sunset Corner Suite,6530
2025-11-22T22:09:05.857590,"https://www.royalcaribbean.com/gbr/en/cruises?search=departurePort:BCN,BYE,FLL,LAX,MIA,ROM,SIN,YOK|nights:6~8,9~11,gte12|ship:AL,AN,HM,IC,LE,OA,OV,OY,QN,ST,SY,UT,WN&country=IRL&market=gbr&language=en",https://www.royalcaribbean.com/gbr/en/cruises/itinerary/7-night-western-mediterranean-from-barcelona-on-legend/LE07BCN-1230259968?sail-date=2027-08-15&currency=EUR&country=IRL,LE07BCN-1230259968,Western Mediterranean Cruise,7,Legend of the Seas,LE,"Barcelona, Spain",BCN,"Barcelona, Spain - Palma de Mallorca, Spain - Florence/Pisa (La Spezia), Italy - Rome (Civitavecchia), Italy - Naples/Capri, Italy - Barcelona, Spain",LE07BCN-1230259968-2026-08-16,2026-08-16,Owners Suite,8585
2025-11-22T22:09:05.857590,"https://www.royalcaribbean.com/gbr/en/cruises?search=departurePort:BCN,BYE,FLL,LAX,MIA,ROM,SIN,YOK|nights:6~8,9~11,gte12|ship:AL,AN,HM,IC,LE,OA,OV,OY,QN,ST,SY,UT,WN&country=IRL&market=gbr&language=en",https://www.royalcaribbean.com/gbr/en/cruises/itinerary/7-night-western-mediterranean-from-barcelona-on-legend/LE07BCN-1230259968?sail-date=2027-08-15&currency=EUR&country=IRL,LE07BCN-1230259968,Western Mediterranean Cruise,7,Legend of the Seas,LE,"Barcelona, Spain",BCN,"Barcelona, Spain - Palma de Mallorca, Spain - Florence/Pisa (La Spezia), Italy - Rome (Civitavecchia), Italy - Naples/Capri, Italy - Barcelona, Spain",LE07BCN-1230259968-2026-08-16,2026-08-16,Icon Loft Suite,11808
2025-11-22T22:09:05.857590,"https://www.royalcaribbean.com/gbr/en/cruises?search=departurePort:BCN,BYE,FLL,LAX,MIA,ROM,SIN,YOK|nights:6~8,9~11,gte12|ship:AL,AN,HM,IC,LE,OA,OV,OY,QN,ST,SY,UT,WN&country=IRL&market=gbr&language=en",https://www.royalcaribbean.com/gbr/en/cruises/itinerary/7-night-western-mediterranean-from-barcelona-on-legend/LE07BCN-1230259968?sail-date=2027-08-15&currency=EUR&country=IRL,LE07BCN-1230259968,Western Mediterranean Cruise,7,Legend of the Seas,LE,"Barcelona, Spain",BCN,"Barcelona, Spain - Palma de Mallorca, Spain - Florence/Pisa (La Spezia), Italy - Rome (Civitavecchia), Italy - Naples/Capri, Italy - Barcelona, Spain",LE07BCN-1230259968-2026-08-16,2026-08-16,Ultimate Family Townhouse,34117
2025-11-22T22:09:05.857590,"https://www.royalcaribbean.com/gbr/en/cruises?search=departurePort:BCN,BYE,FLL,LAX,MIA,ROM,SIN,YOK|nights:6~8,9~11,gte12|ship:AL,AN,HM,IC,LE,OA,OV,OY,QN,ST,SY,UT,WN&country=IRL&market=gbr&language=en",https://www.royalcaribbean.com/gbr/en/cruises/itinerary/7-night-western-mediterranean-from-barcelona-on-legend/LE07BCN-1230259968?sail-date=2027-08-15&currency=EUR&country=IRL,LE07BCN-1230259968,Western Mediterranean Cruise,7,Legend of the Seas,LE,"Barcelona, Spain",BCN,"Barcelona, Spain - Palma de Mallorca, Spain - Florence/Pisa (La Spezia), Italy - Rome (Civitavecchia), Italy - Naples/Capri, Italy - Barcelona, Spain",LE07BCN-1230259968-2026-08-16,2026-08-16,Royal Loft Suite,35878
2025-11-22T22:09:05.857590,"https://www.royalcaribbean.com/gbr/en/cruises?search=departurePort:BCN,BYE,FLL,LAX,MIA,ROM,SIN,YOK|nights:6~8,9~11,gte12|ship:AL,AN,HM,IC,LE,OA,OV,OY,QN,ST,SY,UT,WN&country=IRL&market=gbr&language=en",https://www.royalcaribbean.com/gbr/en/cruises/itinerary/7-night-western-mediterranean-from-barcelona-on-legend/LE07BCN-1230259968?sail-date=2027-08-15&currency=EUR&country=IRL,LE07BCN-1230259968,Western Mediterranean Cruise,7,Legend of the Seas,LE,"Barcelona, Spain",BCN,"Barcelona, Spain - Palma de Mallorca, Spain - Florence/Pisa (La Spezia), Italy - Rome (Civitavecchia), Italy - Naples/Capri, Italy - Barcelona, Spain",LE07BCN-1230259968-2026-08-23,2026-08-23,Interior,2190
2025-11-22T22:09:05.857590,"https://www.royalcaribbean.com/gbr/en/cruises?search=departurePort:BCN,BYE,FLL,LAX,MIA,ROM,SIN,YOK|nights:6~8,9~11,gte12|ship:AL,AN,HM,IC,LE,OA,OV,OY,QN,ST,SY,UT,WN&country=IRL&market=gbr&language=en",https://www.royalcaribbean.com/gbr/en/cruises/itinerary/7-night-western-mediterranean-from-barcelona-on-legend/LE07BCN-1230259968?sail-date=2027-08-15&currency=EUR&country=IRL,LE07BCN-1230259968,Western Mediterranean Cruise,7,Legend of the Seas,LE,"Barcelona, Spain",BCN,"Barcelona, Spain - Palma de Mallorca, Spain - Florence/Pisa (La Spezia), Italy - Rome (Civitavecchia), Italy - Naples/Capri, Italy - Barcelona, Spain",LE07BCN-1230259968-2026-08-23,2026-08-23,Ocean View,2190
2025-11-22T22:09:05.857590,"https://www.royalcaribbean.com/gbr/en/cruises?search=departurePort:BCN,BYE,FLL,LAX,MIA,ROM,SIN,YOK|nights:6~8,9~11,gte12|ship:AL,AN,HM,IC,LE,OA,OV,OY,QN,ST,SY,UT,WN&country=IRL&market=gbr&language=en",https://www.royalcaribbean.com/gbr/en/cruises/itinerary/7-night-western-mediterranean-from-barcelona-on-legend/LE07BCN-1230259968?sail-date=2027-08-15&currency=EUR&country=IRL,LE07BCN-1230259968,Western Mediterranean Cruise,7,Legend of the Seas,LE,"Barcelona, Spain",BCN,"Barcelona, Spain - Palma de Mallorca, Spain - Florence/Pisa (La Spezia), Italy - Rome (Civitavecchia), Italy - Naples/Capri, Italy - Barcelona, Spain",LE07BCN-1230259968-2026-08-23,2026-08-23,Balcony,2279
2025-11-22T22:09:05.857590,"https://www.royalcaribbean.com/gbr/en/cruises?search=departurePort:BCN,BYE,FLL,LAX,MIA,ROM,SIN,YOK|nights:6~8,9~11,gte12|ship:AL,AN,HM,IC,LE,OA,OV,OY,QN,ST,SY,UT,WN&country=IRL&market=gbr&language=en",https://www.royalcaribbean.com/gbr/en/cruises/itinerary/7-night-western-mediterranean-from-barcelona-on-legend/LE07BCN-1230259968?sail-date=2027-08-15&currency=EUR&country=IRL,LE07BCN-1230259968,Western Mediterranean Cruise,7,Legend of the Seas,LE,"Barcelona, Spain",BCN,"Barcelona, Spain - Palma de Mallorca, Spain - Florence/Pisa (La Spezia), Italy - Rome (Civitavecchia), Italy - Naples/Capri, Italy - Barcelona, Spain",LE07BCN-1230259968-2026-08-23,2026-08-23,Suite Guarantee,2761
2025-11-22T22:09:05.857590,"https://www.royalcaribbean.com/gbr/en/cruises?search=departurePort:BCN,BYE,FLL,LAX,MIA,ROM,SIN,YOK|nights:6~8,9~11,gte12|ship:AL,AN,HM,IC,LE,OA,OV,OY,QN,ST,SY,UT,WN&country=IRL&market=gbr&language=en",https://www.royalcaribbean.com/gbr/en/cruises/itinerary/7-night-western-mediterranean-from-barcelona-on-legend/LE07BCN-1230259968?sail-date=2027-08-15&currency=EUR&country=IRL,LE07BCN-1230259968,Western Mediterranean Cruise,7,Legend of the Seas,LE,"Barcelona, Spain",BCN,"Barcelona, Spain - Palma de Mallorca, Spain - Florence/Pisa (La Spezia), Italy - Rome (Civitavecchia), Italy - Naples/Capri, Italy - Barcelona, Spain",LE07BCN-1230259968-2026-08-23,2026-08-23,We Choose Your Suite,2940
2025-11-22T22:09:05.857590,"https://www.royalcaribbean.com/gbr/en/cruises?search=departurePort:BCN,BYE,FLL,LAX,MIA,ROM,SIN,YOK|nights:6~8,9~11,gte12|ship:AL,AN,HM,IC,LE,OA,OV,OY,QN,ST,SY,UT,WN&country=IRL&market=gbr&language=en",https://www.royalcaribbean.com/gbr/en/cruises/itinerary/7-night-western-mediterranean-from-barcelona-on-legend/LE07BCN-1230259968?sail-date=2027-08-15&currency=EUR&country=IRL,LE07BCN-1230259968,Western Mediterranean Cruise,7,Legend of the Seas,LE,"Barcelona, Spain",BCN,"Barcelona, Spain - Palma de Mallorca, Spain - Florence/Pisa (La Spezia), Italy - Rome (Civitavecchia), Italy - Naples/Capri, Italy - Barcelona, Spain",LE07BCN-1230259968-2026-08-23,2026-08-23,Surfside Family Suite,3001
2025-11-22T22:09:05.857590,"https://www.royalcaribbean.com/gbr/en/cruises?search=departurePort:BCN,BYE,FLL,LAX,MIA,ROM,SIN,YOK|nights:6~8,9~11,gte12|ship:AL,AN,HM,IC,LE,OA,OV,OY,QN,ST,SY,UT,WN&country=IRL&market=gbr&language=en",https://www.royalcaribbean.com/gbr/en/cruises/itinerary/7-night-western-mediterranean-from-barcelona-on-legend/LE07BCN-1230259968?sail-date=2027-08-15&currency=EUR&country=IRL,LE07BCN-1230259968,Western Mediterranean Cruise,7,Legend of the Seas,LE,"Barcelona, Spain",BCN,"Barcelona, Spain - Palma de Mallorca, Spain - Florence/Pisa (La Spezia), Italy - Rome (Civitavecchia), Italy - Naples/Capri, Italy - Barcelona, Spain",LE07BCN-1230259968-2026-08-23,2026-08-23,Junior Suite,3184
2025-11-22T22:09:05.857590,"https://www.royalcaribbean.com/gbr/en/cruises?search=departurePort:BCN,BYE,FLL,LAX,MIA,ROM,SIN,YOK|nights:6~8,9~11,gte12|ship:AL,AN,HM,IC,LE,OA,OV,OY,QN,ST,SY,UT,WN&country=IRL&market=gbr&language=en",https://www.royalcaribbean.com/gbr/en/cruises/itinerary/7-night-western-mediterranean-from-barcelona-on-legend/LE07BCN-1230259968?sail-date=2027-08-15&currency=EUR&country=IRL,LE07BCN-1230259968,Western Mediterranean Cruise,7,Legend of the Seas,LE,"Barcelona, Spain",BCN,"Barcelona, Spain - Palma de Mallorca, Spain - Florence/Pisa (La Spezia), Italy - Rome (Civitavecchia), Italy - Naples/Capri, Italy - Barcelona, Spain",LE07BCN-1230259968-2026-08-23,2026-08-23,Ocean View Panoramic Suite No Balcony,4029
2025-11-22T22:09:05.857590,"https://www.royalcaribbean.com/gbr/en/cruises?search=departurePort:BCN,BYE,FLL,LAX,MIA,ROM,SIN,YOK|nights:6~8,9~11,gte12|ship:AL,AN,HM,IC,LE,OA,OV,OY,QN,ST,SY,UT,WN&country=IRL&market=gbr&language=en",https://www.royalcaribbean.com/gbr/en/cruises/itinerary/7-night-western-mediterranean-from-barcelona-on-legend/LE07BCN-1230259968?sail-date=2027-08-15&currency=EUR&country=IRL,LE07BCN-1230259968,Western Mediterranean Cruise,7,Legend of the Seas,LE,"Barcelona, Spain",BCN,"Barcelona, Spain - Palma de Mallorca, Spain - Florence/Pisa (La Spezia), Italy - Rome (Civitavecchia), Italy - Naples/Capri, Italy - Barcelona, Spain",LE07BCN-1230259968-2026-08-23,2026-08-23,Sky Junior Suite,4178
2025-11-22T22:09:05.857590,"https://www.royalcaribbean.com/gbr/en/cruises?search=departurePort:BCN,BYE,FLL,LAX,MIA,ROM,SIN,YOK|nights:6~8,9~11,gte12|ship:AL,AN,HM,IC,LE,OA,OV,OY,QN,ST,SY,UT,WN&country=IRL&market=gbr&language=en",https://www.royalcaribbean.com/gbr/en/cruises/itinerary/7-night-western-mediterranean-from-barcelona-on-legend/LE07BCN-1230259968?sail-date=2027-08-15&currency=EUR&country=IRL,LE07BCN-1230259968,Western Mediterranean Cruise,7,Legend of the Seas,LE,"Barcelona, Spain",BCN,"Barcelona, Spain - Palma de Mallorca, Spain - Florence/Pisa (La Spezia), Italy - Rome (Civitavecchia), Italy - Naples/Capri, Italy - Barcelona, Spain",LE07BCN-1230259968-2026-08-23,2026-08-23,Sunset Junior Suite,4621
2025-11-22T22:09:05.857590,"https://www.royalcaribbean.com/gbr/en/cruises?search=departurePort:BCN,BYE,FLL,LAX,MIA,ROM,SIN,YOK|nights:6~8,9~11,gte12|ship:AL,AN,HM,IC,LE,OA,OV,OY,QN,ST,SY,UT,WN&country=IRL&market=gbr&language=en",https://www.royalcaribbean.com/gbr/en/cruises/itinerary/7-night-western-mediterranean-from-barcelona-on-legend/LE07BCN-1230259968?sail-date=2027-08-15&currency=EUR&country=IRL,LE07BCN-1230259968,Western Mediterranean Cruise,7,Legend of the Seas,LE,"Barcelona, Spain",BCN,"Barcelona, Spain - Palma de Mallorca, Spain - Florence/Pisa (La Spezia), Italy - Rome (Civitavecchia), Italy - Naples/Capri, Italy - Barcelona, Spain",LE07BCN-1230259968-2026-08-23,2026-08-23,Infinite Grand Suite,5936
2025-11-22T22:09:05.857590,"https://www.royalcaribbean.com/gbr/en/cruises?search=departurePort:BCN,BYE,FLL,LAX,MIA,ROM,SIN,YOK|nights:6~8,9~11,gte12|ship:AL,AN,HM,IC,LE,OA,OV,OY,QN,ST,SY,UT,WN&country=IRL&market=gbr&language=en",https://www.royalcaribbean.com/gbr/en/cruises/itinerary/7-night-western-mediterranean-from-barcelona-on-legend/LE07BCN-1230259968?sail-date=2027-08-15&currency=EUR&country=IRL,LE07BCN-1230259968,Western Mediterranean Cruise,7,Legend of the Seas,LE,"Barcelona, Spain",BCN,"Barcelona, Spain - Palma de Mallorca, Spain - Florence/Pisa (La Spezia), Italy - Rome (Civitavecchia), Italy - Naples/Capri, Italy - Barcelona, Spain",LE07BCN-1230259968-2026-08-23,2026-08-23,Grand Suite,5936
2025-11-22T22:09:05.857590,"https://www.royalcaribbean.com/gbr/en/cruises?search=departurePort:BCN,BYE,FLL,LAX,MIA,ROM,SIN,YOK|nights:6~8,9~11,gte12|ship:AL,AN,HM,IC,LE,OA,OV,OY,QN,ST,SY,UT,WN&country=IRL&market=gbr&language=en",https://www.royalcaribbean.com/gbr/en/cruises/itinerary/7-night-western-mediterranean-from-barcelona-on-legend/LE07BCN-1230259968?sail-date=2027-08-15&currency=EUR&country=IRL,LE07BCN-1230259968,Western Mediterranean Cruise,7,Legend of the Seas,LE,"Barcelona, Spain",BCN,"Barcelona, Spain - Palma de Mallorca, Spain - Florence/Pisa (La Spezia), Italy - Rome (Civitavecchia), Italy - Naples/Capri, Italy - Barcelona, Spain",LE07BCN-1230259968-2026-08-23,2026-08-23,Sunset Suite,6057
2025-11-22T22:09:05.857590,"https://www.royalcaribbean.com/gbr/en/cruises?search=departurePort:BCN,BYE,FLL,LAX,MIA,ROM,SIN,YOK|nights:6~8,9~11,gte12|ship:AL,AN,HM,IC,LE,OA,OV,OY,QN,ST,SY,UT,WN&country=IRL&market=gbr&language=en",https://www.royalcaribbean.com/gbr/en/cruises/itinerary/7-night-western-mediterranean-from-barcelona-on-legend/LE07BCN-1230259968?sail-date=2027-08-15&currency=EUR&country=IRL,LE07BCN-1230259968,Western Mediterranean Cruise,7,Legend of the Seas,LE,"Barcelona, Spain",BCN,"Barcelona, Spain - Palma de Mallorca, Spain - Florence/Pisa (La Spezia), Italy - Rome (Civitavecchia), Italy - Naples/Capri, Italy - Barcelona, Spain",LE07BCN-1230259968-2026-08-23,2026-08-23,Sunset Corner Suite,6530
2025-11-22T22:09:05.857590,"https://www.royalcaribbean.com/gbr/en/cruises?search=departurePort:BCN,BYE,FLL,LAX,MIA,ROM,SIN,YOK|nights:6~8,9~11,gte12|ship:AL,AN,HM,IC,LE,OA,OV,OY,QN,ST,SY,UT,WN&country=IRL&market=gbr&language=en",https://www.royalcaribbean.com/gbr/en/cruises/itinerary/7-night-western-mediterranean-from-barcelona-on-legend/LE07BCN-1230259968?sail-date=2027-08-15&currency=EUR&country=IRL,LE07BCN-1230259968,Western Mediterranean Cruise,7,Legend of the Seas,LE,"Barcelona, Spain",BCN,"Barcelona, Spain - Palma de Mallorca, Spain - Florence/Pisa (La Spezia), Italy - Rome (Civitavecchia), Italy - Naples/Capri, Italy - Barcelona, Spain",LE07BCN-1230259968-2026-08-23,2026-08-23,Owners Suite,8585
2025-11-22T22:09:05.857590,"https://www.royalcaribbean.com/gbr/en/cruises?search=departurePort:BCN,BYE,FLL,LAX,MIA,ROM,SIN,YOK|nights:6~8,9~11,gte12|ship:AL,AN,HM,IC,LE,OA,OV,OY,QN,ST,SY,UT,WN&country=IRL&market=gbr&language=en",https://www.royalcaribbean.com/gbr/en/cruises/itinerary/7-night-western-mediterranean-from-barcelona-on-legend/LE07BCN-1230259968?sail-date=2027-08-15&currency=EUR&country=IRL,LE07BCN-1230259968,Western Mediterranean Cruise,7,Legend of the Seas,LE,"Barcelona, Spain",BCN,"Barcelona, Spain - Palma de Mallorca, Spain - Florence/Pisa (La Spezia), Italy - Rome (Civitavecchia), Italy - Naples/Capri, Italy - Barcelona, Spain",LE07BCN-1230259968-2026-08-23,2026-08-23,Icon Loft Suite,11808
2025-11-22T22:09:05.857590,"https://www.royalcaribbean.com/gbr/en/cruises?search=departurePort:BCN,BYE,FLL,LAX,MIA,ROM,SIN,YOK|nights:6~8,9~11,gte12|ship:AL,AN,HM,IC,LE,OA,OV,OY,QN,ST,SY,UT,WN&country=IRL&market=gbr&language=en",https://www.royalcaribbean.com/gbr/en/cruises/itinerary/7-night-western-mediterranean-from-barcelona-on-legend/LE07BCN-1230259968?sail-date=2027-08-15&currency=EUR&country=IRL,LE07BCN-1230259968,Western Mediterranean Cruise,7,Legend of the Seas,LE,"Barcelona, Spain",BCN,"Barcelona, Spain - Palma de Mallorca, Spain - Florence/Pisa (La Spezia), Italy - Rome (Civitavecchia), Italy - Naples/Capri, Italy - Barcelona, Spain",LE07BCN-1230259968-2026-08-23,2026-08-23,Ultimate Family Townhouse,34117
2025-11-22T22:09:05.857590,"https://www.royalcaribbean.com/gbr/en/cruises?search=departurePort:BCN,BYE,FLL,LAX,MIA,ROM,SIN,YOK|nights:6~8,9~11,gte12|ship:AL,AN,HM,IC,LE,OA,OV,OY,QN,ST,SY,UT,WN&country=IRL&market=gbr&language=en",https://www.royalcaribbean.com/gbr/en/cruises/itinerary/7-night-western-mediterranean-from-barcelona-on-legend/LE07BCN-1230259968?sail-date=2027-08-15&currency=EUR&country=IRL,LE07BCN-1230259968,Western Mediterranean Cruise,7,Legend of the Seas,LE,"Barcelona, Spain",BCN,"Barcelona, Spain - Palma de Mallorca, Spain - Florence/Pisa (La Spezia), Italy - Rome (Civitavecchia), Italy - Naples/Capri, Italy - Barcelona, Spain",LE07BCN-1230259968-2026-08-23,2026-08-23,Royal Loft Suite,35878
2025-11-22T22:09:05.857590,"https://www.royalcaribbean.com/gbr/en/cruises?search=departurePort:BCN,BYE,FLL,LAX,MIA,ROM,SIN,YOK|nights:6~8,9~11,gte12|ship:AL,AN,HM,IC,LE,OA,OV,OY,QN,ST,SY,UT,WN&country=IRL&market=gbr&language=en",https://www.royalcaribbean.com/gbr/en/cruises/itinerary/7-night-western-mediterranean-from-barcelona-on-legend/LE07BCN-1230259968?sail-date=2027-08-15&currency=EUR&country=IRL,LE07BCN-1230259968,Western Mediterranean Cruise,7,Legend of the Seas,LE,"Barcelona, Spain",BCN,"Barcelona, Spain - Palma de Mallorca, Spain - Florence/Pisa (La Spezia), Italy - Rome (Civitavecchia), Italy - Naples/Capri, Italy - Barcelona, Spain",LE07BCN-1230259968-2027-06-27,2027-06-27,Interior,1766
2025-11-22T22:09:05.857590,"https://www.royalcaribbean.com/gbr/en/cruises?search=departurePort:BCN,BYE,FLL,LAX,MIA,ROM,SIN,YOK|nights:6~8,9~11,gte12|ship:AL,AN,HM,IC,LE,OA,OV,OY,QN,ST,SY,UT,WN&country=IRL&market=gbr&language=en",https://www.royalcaribbean.com/gbr/en/cruises/itinerary/7-night-western-mediterranean-from-barcelona-on-legend/LE07BCN-1230259968?sail-date=2027-08-15&currency=EUR&country=IRL,LE07BCN-1230259968,Western Mediterranean Cruise,7,Legend of the Seas,LE,"Barcelona, Spain",BCN,"Barcelona, Spain - Palma de Mallorca, Spain - Florence/Pisa (La Spezia), Italy - Rome (Civitavecchia), Italy - Naples/Capri, Italy - Barcelona, Spain",LE07BCN-1230259968-2027-06-27,2027-06-27,Ocean View,1844
2025-11-22T22:09:05.857590,"https://www.royalcaribbean.com/gbr/en/cruises?search=departurePort:BCN,BYE,FLL,LAX,MIA,ROM,SIN,YOK|nights:6~8,9~11,gte12|ship:AL,AN,HM,IC,LE,OA,OV,OY,QN,ST,SY,UT,WN&country=IRL&market=gbr&language=en",https://www.royalcaribbean.com/gbr/en/cruises/itinerary/7-night-western-mediterranean-from-barcelona-on-legend/LE07BCN-1230259968?sail-date=2027-08-15&currency=EUR&country=IRL,LE07BCN-1230259968,Western Mediterranean Cruise,7,Legend of the Seas,LE,"Barcelona, Spain",BCN,"Barcelona, Spain - Palma de Mallorca, Spain - Florence/Pisa (La Spezia), Italy - Rome (Civitavecchia), Italy - Naples/Capri, Italy - Barcelona, Spain",LE07BCN-1230259968-2027-06-27,2027-06-27,Balcony,1882
2025-11-22T22:09:05.857590,"https://www.royalcaribbean.com/gbr/en/cruises?search=departurePort:BCN,BYE,FLL,LAX,MIA,ROM,SIN,YOK|nights:6~8,9~11,gte12|ship:AL,AN,HM,IC,LE,OA,OV,OY,QN,ST,SY,UT,WN&country=IRL&market=gbr&language=en",https://www.royalcaribbean.com/gbr/en/cruises/itinerary/7-night-western-mediterranean-from-barcelona-on-legend/LE07BCN-1230259968?sail-date=2027-08-15&currency=EUR&country=IRL,LE07BCN-1230259968,Western Mediterranean Cruise,7,Legend of the Seas,LE,"Barcelona, Spain",BCN,"Barcelona, Spain - Palma de Mallorca, Spain - Florence/Pisa (La Spezia), Italy - Rome (Civitavecchia), Italy - Naples/Capri, Italy - Barcelona, Spain",LE07BCN-1230259968-2027-06-27,2027-06-27,Suite Guarantee,3018
2025-11-22T22:09:05.857590,"https://www.royalcaribbean.com/gbr/en/cruises?search=departurePort:BCN,BYE,FLL,LAX,MIA,ROM,SIN,YOK|nights:6~8,9~11,gte12|ship:AL,AN,HM,IC,LE,OA,OV,OY,QN,ST,SY,UT,WN&country=IRL&market=gbr&language=en",https://www.royalcaribbean.com/gbr/en/cruises/itinerary/7-night-western-mediterranean-from-barcelona-on-legend/LE07BCN-1230259968?sail-date=2027-08-15&currency=EUR&country=IRL,LE07BCN-1230259968,Western Mediterranean Cruise,7,Legend of the Seas,LE,"Barcelona, Spain",BCN,"Barcelona, Spain - Palma de Mallorca, Spain - Florence/Pisa (La Spezia), Italy - Rome (Civitavecchia), Italy - Naples/Capri, Italy - Barcelona, Spain",LE07BCN-1230259968-2027-06-27,2027-06-27,We Choose Your Suite,2940
2025-11-22T22:09:05.857590,"https://www.royalcaribbean.com/gbr/en/cruises?search=departurePort:BCN,BYE,FLL,LAX,MIA,ROM,SIN,YOK|nights:6~8,9~11,gte12|ship:AL,AN,HM,IC,LE,OA,OV,OY,QN,ST,SY,UT,WN&country=IRL&market=gbr&language=en",https://www.royalcaribbean.com/gbr/en/cruises/itinerary/7-night-western-mediterranean-from-barcelona-on-legend/LE07BCN-1230259968?sail-date=2027-08-15&currency=EUR&country=IRL,LE07BCN-1230259968,Western Mediterranean Cruise,7,Legend of the Seas,LE,"Barcelona, Spain",BCN,"Barcelona, Spain - Palma de Mallorca, Spain - Florence/Pisa (La Spezia), Italy - Rome (Civitavecchia), Italy - Naples/Capri, Italy - Barcelona, Spain",LE07BCN-1230259968-2027-06-27,2027-06-27,Surfside Family Suite,3001
2025-11-22T22:09:05.857590,"https://www.royalcaribbean.com/gbr/en/cruises?search=departurePort:BCN,BYE,FLL,LAX,MIA,ROM,SIN,YOK|nights:6~8,9~11,gte12|ship:AL,AN,HM,IC,LE,OA,OV,OY,QN,ST,SY,UT,WN&country=IRL&market=gbr&language=en",https://www.royalcaribbean.com/gbr/en/cruises/itinerary/7-night-western-mediterranean-from-barcelona-on-legend/LE07BCN-1230259968?sail-date=2027-08-15&currency=EUR&country=IRL,LE07BCN-1230259968,Western Mediterranean Cruise,7,Legend of the Seas,LE,"Barcelona, Spain",BCN,"Barcelona, Spain - Palma de Mallorca, Spain - Florence/Pisa (La Spezia), Italy - Rome (Civitavecchia), Italy - Naples/Capri, Italy - Barcelona, Spain",LE07BCN-1230259968-2027-06-27,2027-06-27,Junior Suite,3184
2025-11-22T22:09:05.857590,"https://www.royalcaribbean.com/gbr/en/cruises?search=departurePort:BCN,BYE,FLL,LAX,MIA,ROM,SIN,YOK|nights:6~8,9~11,gte12|ship:AL,AN,HM,IC,LE,OA,OV,OY,QN,ST,SY,UT,WN&country=IRL&market=gbr&language=en",https://www.royalcaribbean.com/gbr/en/cruises/itinerary/7-night-western-mediterranean-from-barcelona-on-legend/LE07BCN-1230259968?sail-date=2027-08-15&currency=EUR&country=IRL,LE07BCN-1230259968,Western Mediterranean Cruise,7,Legend of the Seas,LE,"Barcelona, Spain",BCN,"Barcelona, Spain - Palma de Mallorca, Spain - Florence/Pisa (La Spezia), Italy - Rome (Civitavecchia), Italy - Naples/Capri, Italy - Barcelona, Spain",LE07BCN-1230259968-2027-06-27,2027-06-27,Ocean View Panoramic Suite No Balcony,4029
2025-11-22T22:09:05.857590,"https://www.royalcaribbean.com/gbr/en/cruises?search=departurePort:BCN,BYE,FLL,LAX,MIA,ROM,SIN,YOK|nights:6~8,9~11,gte12|ship:AL,AN,HM,IC,LE,OA,OV,OY,QN,ST,SY,UT,WN&country=IRL&market=gbr&language=en",https://www.royalcaribbean.com/gbr/en/cruises/itinerary/7-night-western-mediterranean-from-barcelona-on-legend/LE07BCN-1230259968?sail-date=2027-08-15&currency=EUR&country=IRL,LE07BCN-1230259968,Western Mediterranean Cruise,7,Legend of the Seas,LE,"Barcelona, Spain",BCN,"Barcelona, Spain - Palma de Mallorca, Spain - Florence/Pisa (La Spezia), Italy - Rome (Civitavecchia), Italy - Naples/Capri, Italy - Barcelona, Spain",LE07BCN-1230259968-2027-06-27,2027-06-27,Sky Junior Suite,4178
2025-11-22T22:09:05.857590,"https://www.royalcaribbean.com/gbr/en/cruises?search=departurePort:BCN,BYE,FLL,LAX,MIA,ROM,SIN,YOK|nights:6~8,9~11,gte12|ship:AL,AN,HM,IC,LE,OA,OV,OY,QN,ST,SY,UT,WN&country=IRL&market=gbr&language=en",https://www.royalcaribbean.com/gbr/en/cruises/itinerary/7-night-western-mediterranean-from-barcelona-on-legend/LE07BCN-1230259968?sail-date=2027-08-15&currency=EUR&country=IRL,LE07BCN-1230259968,Western Mediterranean Cruise,7,Legend of the Seas,LE,"Barcelona, Spain",BCN,"Barcelona, Spain - Palma de Mallorca, Spain - Florence/Pisa (La Spezia), Italy - Rome (Civitavecchia), Italy - Naples/Capri, Italy - Barcelona, Spain",LE07BCN-1230259968-2027-06-27,2027-06-27,Sunset Junior Suite,4621
2025-11-22T22:09:05.857590,"https://www.royalcaribbean.com/gbr/en/cruises?search=departurePort:BCN,BYE,FLL,LAX,MIA,ROM,SIN,YOK|nights:6~8,9~11,gte12|ship:AL,AN,HM,IC,LE,OA,OV,OY,QN,ST,SY,UT,WN&country=IRL&market=gbr&language=en",https://www.royalcaribbean.com/gbr/en/cruises/itinerary/7-night-western-mediterranean-from-barcelona-on-legend/LE07BCN-1230259968?sail-date=2027-08-15&currency=EUR&country=IRL,LE07BCN-1230259968,Western Mediterranean Cruise,7,Legend of the Seas,LE,"Barcelona, Spain",BCN,"Barcelona, Spain - Palma de Mallorca, Spain - Florence/Pisa (La Spezia), Italy - Rome (Civitavecchia), Italy - Naples/Capri, Italy - Barcelona, Spain",LE07BCN-1230259968-2027-06-27,2027-06-27,Infinite Grand Suite,5936
2025-11-22T22:09:05.857590,"https://www.royalcaribbean.com/gbr/en/cruises?search=departurePort:BCN,BYE,FLL,LAX,MIA,ROM,SIN,YOK|nights:6~8,9~11,gte12|ship:AL,AN,HM,IC,LE,OA,OV,OY,QN,ST,SY,UT,WN&country=IRL&market=gbr&language=en",https://www.royalcaribbean.com/gbr/en/cruises/itinerary/7-night-western-mediterranean-from-barcelona-on-legend/LE07BCN-1230259968?sail-date=2027-08-15&currency=EUR&country=IRL,LE07BCN-1230259968,Western Mediterranean Cruise,7,Legend of the Seas,LE,"Barcelona, Spain",BCN,"Barcelona, Spain - Palma de Mallorca, Spain - Florence/Pisa (La Spezia), Italy - Rome (Civitavecchia), Italy - Naples/Capri, Italy - Barcelona, Spain",LE07BCN-1230259968-2027-06-27,2027-06-27,Grand Suite,5936
2025-11-22T22:09:05.857590,"https://www.royalcaribbean.com/gbr/en/cruises?search=departurePort:BCN,BYE,FLL,LAX,MIA,ROM,SIN,YOK|nights:6~8,9~11,gte12|ship:AL,AN,HM,IC,LE,OA,OV,OY,QN,ST,SY,UT,WN&country=IRL&market=gbr&language=en",https://www.royalcaribbean.com/gbr/en/cruises/itinerary/7-night-western-mediterranean-from-barcelona-on-legend/LE07BCN-1230259968?sail-date=2027-08-15&currency=EUR&country=IRL,LE07BCN-1230259968,Western Mediterranean Cruise,7,Legend of the Seas,LE,"Barcelona, Spain",BCN,"Barcelona, Spain - Palma de Mallorca, Spain - Florence/Pisa (La Spezia), Italy - Rome (Civitavecchia), Italy - Naples/Capri, Italy - Barcelona, Spain",LE07BCN-1230259968-2027-06-27,2027-06-27,Sunset Suite,6057
2025-11-22T22:09:05.857590,"https://www.royalcaribbean.com/gbr/en/cruises?search=departurePort:BCN,BYE,FLL,LAX,MIA,ROM,SIN,YOK|nights:6~8,9~11,gte12|ship:AL,AN,HM,IC,LE,OA,OV,OY,QN,ST,SY,UT,WN&country=IRL&market=gbr&language=en",https://www.royalcaribbean.com/gbr/en/cruises/itinerary/7-night-western-mediterranean-from-barcelona-on-legend/LE07BCN-1230259968?sail-date=2027-08-15&currency=EUR&country=IRL,LE07BCN-1230259968,Western Mediterranean Cruise,7,Legend of the Seas,LE,"Barcelona, Spain",BCN,"Barcelona, Spain - Palma de Mallorca, Spain - Florence/Pisa (La Spezia), Italy - Rome (Civitavecchia), Italy - Naples/Capri, Italy - Barcelona, Spain",LE07BCN-1230259968-2027-06-27,2027-06-27,Sunset Corner Suite,6530
2025-11-22T22:09:05.857590,"https://www.royalcaribbean.com/gbr/en/cruises?search=departurePort:BCN,BYE,FLL,LAX,MIA,ROM,SIN,YOK|nights:6~8,9~11,gte12|ship:AL,AN,HM,IC,LE,OA,OV,OY,QN,ST,SY,UT,WN&country=IRL&market=gbr&language=en",https://www.royalcaribbean.com/gbr/en/cruises/itinerary/7-night-western-mediterranean-from-barcelona-on-legend/LE07BCN-1230259968?sail-date=2027-08-15&currency=EUR&country=IRL,LE07BCN-1230259968,Western Mediterranean Cruise,7,Legend of the Seas,LE,"Barcelona, Spain",BCN,"Barcelona, Spain - Palma de Mallorca, Spain - Florence/Pisa (La Spezia), Italy - Rome (Civitavecchia), Italy - Naples/Capri, Italy - Barcelona, Spain",LE07BCN-1230259968-2027-06-27,2027-06-27,Owners Suite,8585
2025-11-22T22:09:05.857590,"https://www.royalcaribbean.com/gbr/en/cruises?search=departurePort:BCN,BYE,FLL,LAX,MIA,ROM,SIN,YOK|nights:6~8,9~11,gte12|ship:AL,AN,HM,IC,LE,OA,OV,OY,QN,ST,SY,UT,WN&country=IRL&market=gbr&language=en",https://www.royalcaribbean.com/gbr/en/cruises/itinerary/7-night-western-mediterranean-from-barcelona-on-legend/LE07BCN-1230259968?sail-date=2027-08-15&currency=EUR&country=IRL,LE07BCN-1230259968,Western Mediterranean Cruise,7,Legend of the Seas,LE,"Barcelona, Spain",BCN,"Barcelona, Spain - Palma de Mallorca, Spain - Florence/Pisa (La Spezia), Italy - Rome (Civitavecchia), Italy - Naples/Capri, Italy - Barcelona, Spain",LE07BCN-1230259968-2027-06-27,2027-06-27,Icon Loft Suite,11808
2025-11-22T22:09:05.857590,"https://www.royalcaribbean.com/gbr/en/cruises?search=departurePort:BCN,BYE,FLL,LAX,MIA,ROM,SIN,YOK|nights:6~8,9~11,gte12|ship:AL,AN,HM,IC,LE,OA,OV,OY,QN,ST,SY,UT,WN&country=IRL&market=gbr&language=en",https://www.royalcaribbean.com/gbr/en/cruises/itinerary/7-night-western-mediterranean-from-barcelona-on-legend/LE07BCN-1230259968?sail-date=2027-08-15&currency=EUR&country=IRL,LE07BCN-1230259968,Western Mediterranean Cruise,7,Legend of the Seas,LE,"Barcelona, Spain",BCN,"Barcelona, Spain - Palma de Mallorca, Spain - Florence/Pisa (La Spezia), Italy - Rome (Civitavecchia), Italy - Naples/Capri, Italy - Barcelona, Spain",LE07BCN-1230259968-2027-06-27,2027-06-27,Ultimate Family Townhouse,34117
2025-11-22T22:09:05.857590,"https://www.royalcaribbean.com/gbr/en/cruises?search=departurePort:BCN,BYE,FLL,LAX,MIA,ROM,SIN,YOK|nights:6~8,9~11,gte12|ship:AL,AN,HM,IC,LE,OA,OV,OY,QN,ST,SY,UT,WN&country=IRL&market=gbr&language=en",https://www.royalcaribbean.com/gbr/en/cruises/itinerary/7-night-western-mediterranean-from-barcelona-on-legend/LE07BCN-1230259968?sail-date=2027-08-15&currency=EUR&country=IRL,LE07BCN-1230259968,Western Mediterranean Cruise,7,Legend of the Seas,LE,"Barcelona, Spain",BCN,"Barcelona, Spain - Palma de Mallorca, Spain - Florence/Pisa (La Spezia), Italy - Rome (Civitavecchia), Italy - Naples/Capri, Italy - Barcelona, Spain",LE07BCN-1230259968-2027-06-27,2027-06-27,Royal Loft Suite,35878
2025-11-22T22:09:05.857590,"https://www.royalcaribbean.com/gbr/en/cruises?search=departurePort:BCN,BYE,FLL,LAX,MIA,ROM,SIN,YOK|nights:6~8,9~11,gte12|ship:AL,AN,HM,IC,LE,OA,OV,OY,QN,ST,SY,UT,WN&country=IRL&market=gbr&language=en",https://www.royalcaribbean.com/gbr/en/cruises/itinerary/6-night-cabo-overnight-and-ensenada-from-los-on-quantum/QN06LAX-2361070639?sail-date=2026-01-07&currency=EUR&country=IRL,QN06LAX-2361070639,Cabo Overnight And Ensenada,6,Quantum of the Seas,QN,"Los Angeles, California",LAX,"Los Angeles, California - Cabo San Lucas, Mexico - Cabo San Lucas, Mexico - Ensenada, Mexico - Los Angeles, California",QN06LAX-2361070639-2026-01-07,2026-01-07,Interior,321
2025-11-22T22:09:05.857590,"https://www.royalcaribbean.com/gbr/en/cruises?search=departurePort:BCN,BYE,FLL,LAX,MIA,ROM,SIN,YOK|nights:6~8,9~11,gte12|ship:AL,AN,HM,IC,LE,OA,OV,OY,QN,ST,SY,UT,WN&country=IRL&market=gbr&language=en",https://www.royalcaribbean.com/gbr/en/cruises/itinerary/6-night-cabo-overnight-and-ensenada-from-los-on-quantum/QN06LAX-2361070639?sail-date=2026-01-07&currency=EUR&country=IRL,QN06LAX-2361070639,Cabo Overnight And Ensenada,6,Quantum of the Seas,QN,"Los Angeles, California",LAX,"Los Angeles, California - Cabo San Lucas, Mexico - Cabo San Lucas, Mexico - Ensenada, Mexico - Los Angeles, California",QN06LAX-2361070639-2026-01-07,2026-01-07,Ocean View,390
2025-11-22T22:09:05.857590,"https://www.royalcaribbean.com/gbr/en/cruises?search=departurePort:BCN,BYE,FLL,LAX,MIA,ROM,SIN,YOK|nights:6~8,9~11,gte12|ship:AL,AN,HM,IC,LE,OA,OV,OY,QN,ST,SY,UT,WN&country=IRL&market=gbr&language=en",https://www.royalcaribbean.com/gbr/en/cruises/itinerary/6-night-cabo-overnight-and-ensenada-from-los-on-quantum/QN06LAX-2361070639?sail-date=2026-01-07&currency=EUR&country=IRL,QN06LAX-2361070639,Cabo Overnight And Ensenada,6,Quantum of the Seas,QN,"Los Angeles, California",LAX,"Los Angeles, California - Cabo San Lucas, Mexico - Cabo San Lucas, Mexico - Ensenada, Mexico - Los Angeles, California",QN06LAX-2361070639-2026-01-07,2026-01-07,Balcony,451
2025-11-22T22:09:05.857590,"https://www.royalcaribbean.com/gbr/en/cruises?search=departurePort:BCN,BYE,FLL,LAX,MIA,ROM,SIN,YOK|nights:6~8,9~11,gte12|ship:AL,AN,HM,IC,LE,OA,OV,OY,QN,ST,SY,UT,WN&country=IRL&market=gbr&language=en",https://www.royalcaribbean.com/gbr/en/cruises/itinerary/6-night-cabo-overnight-and-ensenada-from-los-on-quantum/QN06LAX-2361070639?sail-date=2026-01-07&currency=EUR&country=IRL,QN06LAX-2361070639,Cabo Overnight And Ensenada,6,Quantum of the Seas,QN,"Los Angeles, California",LAX,"Los Angeles, California - Cabo San Lucas, Mexico - Cabo San Lucas, Mexico - Ensenada, Mexico - Los Angeles, California",QN06LAX-2361070639-2026-01-07,2026-01-07,Suite Guarantee,3066
2025-11-22T22:09:05.857590,"https://www.royalcaribbean.com/gbr/en/cruises?search=departurePort:BCN,BYE,FLL,LAX,MIA,ROM,SIN,YOK|nights:6~8,9~11,gte12|ship:AL,AN,HM,IC,LE,OA,OV,OY,QN,ST,SY,UT,WN&country=IRL&market=gbr&language=en",https://www.royalcaribbean.com/gbr/en/cruises/itinerary/6-night-cabo-overnight-and-ensenada-from-los-on-quantum/QN06LAX-2361070639?sail-date=2026-01-07&currency=EUR&country=IRL,QN06LAX-2361070639,Cabo Overnight And Ensenada,6,Quantum of the Seas,QN,"Los Angeles, California",LAX,"Los Angeles, California - Cabo San Lucas, Mexico - Cabo San Lucas, Mexico - Ensenada, Mexico - Los Angeles, California",QN06LAX-2361070639-2026-01-07,2026-01-07,Grand Suite 1 Bedroom,3066
2025-11-22T22:09:05.857590,"https://www.royalcaribbean.com/gbr/en/cruises?search=departurePort:BCN,BYE,FLL,LAX,MIA,ROM,SIN,YOK|nights:6~8,9~11,gte12|ship:AL,AN,HM,IC,LE,OA,OV,OY,QN,ST,SY,UT,WN&country=IRL&market=gbr&language=en",https://www.royalcaribbean.com/gbr/en/cruises/itinerary/6-night-cabo-overnight-and-ensenada-from-los-on-quantum/QN06LAX-2361070639?sail-date=2026-01-07&currency=EUR&country=IRL,QN06LAX-2361070639,Cabo Overnight And Ensenada,6,Quantum of the Seas,QN,"Los Angeles, California",LAX,"Los Angeles, California - Cabo San Lucas, Mexico - Cabo San Lucas, Mexico - Ensenada, Mexico - Los Angeles, California",QN06LAX-2361070639-2026-01-07,2026-01-07,Grand Suite With Large Balcony 1 Bedroom,3324
2025-11-22T22:09:05.857590,"https://www.royalcaribbean.com/gbr/en/cruises?search=departurePort:BCN,BYE,FLL,LAX,MIA,ROM,SIN,YOK|nights:6~8,9~11,gte12|ship:AL,AN,HM,IC,LE,OA,OV,OY,QN,ST,SY,UT,WN&country=IRL&market=gbr&language=en",https://www.royalcaribbean.com/gbr/en/cruises/itinerary/6-night-cabo-overnight-and-ensenada-from-los-on-quantum/QN06LAX-2361070639?sail-date=2026-01-07&currency=EUR&country=IRL,QN06LAX-2361070639,Cabo Overnight And Ensenada,6,Quantum of the Seas,QN,"Los Angeles, California",LAX,"Los Angeles, California - Cabo San Lucas, Mexico - Cabo San Lucas, Mexico - Ensenada, Mexico - Los Angeles, California",QN06LAX-2361070639-2026-01-07,2026-01-07,Owners Suite With Balcony,3511
2025-11-22T22:09:05.857590,"https://www.royalcaribbean.com/gbr/en/cruises?search=departurePort:BCN,BYE,FLL,LAX,MIA,ROM,SIN,YOK|nights:6~8,9~11,gte12|ship:AL,AN,HM,IC,LE,OA,OV,OY,QN,ST,SY,UT,WN&country=IRL&market=gbr&language=en",https://www.royalcaribbean.com/gbr/en/cruises/itinerary/6-night-cabo-overnight-and-ensenada-from-los-on-quantum/QN06LAX-2361070639?sail-date=2026-01-07&currency=EUR&country=IRL,QN06LAX-2361070639,Cabo Overnight And Ensenada,6,Quantum of the Seas,QN,"Los Angeles, California",LAX,"Los Angeles, California - Cabo San Lucas, Mexico - Cabo San Lucas, Mexico - Ensenada, Mexico - Los Angeles, California",QN06LAX-2361070639-2026-01-07,2026-01-07,Grand Suite 2 Bedroom,3678
2025-11-22T22:09:05.857590,"https://www.royalcaribbean.com/gbr/en/cruises?search=departurePort:BCN,BYE,FLL,LAX,MIA,ROM,SIN,YOK|nights:6~8,9~11,gte12|ship:AL,AN,HM,IC,LE,OA,OV,OY,QN,ST,SY,UT,WN&country=IRL&market=gbr&language=en",https://www.royalcaribbean.com/gbr/en/cruises/itinerary/6-night-cabo-overnight-and-ensenada-from-los-on-quantum/QN06LAX-2361070639?sail-date=2026-01-07&currency=EUR&country=IRL,QN06LAX-2361070639,Cabo Overnight And Ensenada,6,Quantum of the Seas,QN,"Los Angeles, California",LAX,"Los Angeles, California - Cabo San Lucas, Mexico - Cabo San Lucas, Mexico - Ensenada, Mexico - Los Angeles, California",QN06LAX-2361070639-2026-01-07,2026-01-07,Sky Loft Suite,3907
2025-11-22T22:09:05.857590,"https://www.royalcaribbean.com/gbr/en/cruises?search=departurePort:BCN,BYE,FLL,LAX,MIA,ROM,SIN,YOK|nights:6~8,9~11,gte12|ship:AL,AN,HM,IC,LE,OA,OV,OY,QN,ST,SY,UT,WN&country=IRL&market=gbr&language=en",https://www.royalcaribbean.com/gbr/en/cruises/itinerary/6-night-cabo-overnight-and-ensenada-from-los-on-quantum/QN06LAX-2361070639?sail-date=2026-01-07&currency=EUR&country=IRL,QN06LAX-2361070639,Cabo Overnight And Ensenada,6,Quantum of the Seas,QN,"Los Angeles, California",LAX,"Los Angeles, California - Cabo San Lucas, Mexico - Cabo San Lucas, Mexico - Ensenada, Mexico - Los Angeles, California",QN06LAX-2361070639-2026-01-07,2026-01-07,Grand Loft Suite With Balcony,4192
2025-11-22T22:09:05.857590,"https://www.royalcaribbean.com/gbr/en/cruises?search=departurePort:BCN,BYE,FLL,LAX,MIA,ROM,SIN,YOK|nights:6~8,9~11,gte12|ship:AL,AN,HM,IC,LE,OA,OV,OY,QN,ST,SY,UT,WN&country=IRL&market=gbr&language=en",https://www.royalcaribbean.com/gbr/en/cruises/itinerary/6-night-cabo-overnight-and-ensenada-from-los-on-quantum/QN06LAX-2361070639?sail-date=2026-01-07&currency=EUR&country=IRL,QN06LAX-2361070639,Cabo Overnight And Ensenada,6,Quantum of the Seas,QN,"Los Angeles, California",LAX,"Los Angeles, California - Cabo San Lucas, Mexico - Cabo San Lucas, Mexico - Ensenada, Mexico - Los Angeles, California",QN06LAX-2361070639-2026-01-21,2026-01-21,Interior,364
2025-11-22T22:09:05.857590,"https://www.royalcaribbean.com/gbr/en/cruises?search=departurePort:BCN,BYE,FLL,LAX,MIA,ROM,SIN,YOK|nights:6~8,9~11,gte12|ship:AL,AN,HM,IC,LE,OA,OV,OY,QN,ST,SY,UT,WN&country=IRL&market=gbr&language=en",https://www.royalcaribbean.com/gbr/en/cruises/itinerary/6-night-cabo-overnight-and-ensenada-from-los-on-quantum/QN06LAX-2361070639?sail-date=2026-01-07&currency=EUR&country=IRL,QN06LAX-2361070639,Cabo Overnight And Ensenada,6,Quantum of the Seas,QN,"Los Angeles, California",LAX,"Los Angeles, California - Cabo San Lucas, Mexico - Cabo San Lucas, Mexico - Ensenada, Mexico - Los Angeles, California",QN06LAX-2361070639-2026-01-21,2026-01-21,Ocean View,477
2025-11-22T22:09:05.857590,"https://www.royalcaribbean.com/gbr/en/cruises?search=departurePort:BCN,BYE,FLL,LAX,MIA,ROM,SIN,YOK|nights:6~8,9~11,gte12|ship:AL,AN,HM,IC,LE,OA,OV,OY,QN,ST,SY,UT,WN&country=IRL&market=gbr&language=en",https://www.royalcaribbean.com/gbr/en/cruises/itinerary/6-night-cabo-overnight-and-ensenada-from-los-on-quantum/QN06LAX-2361070639?sail-date=2026-01-07&currency=EUR&country=IRL,QN06LAX-2361070639,Cabo Overnight And Ensenada,6,Quantum of the Seas,QN,"Los Angeles, California",LAX,"Los Angeles, California - Cabo San Lucas, Mexico - Cabo San Lucas, Mexico - Ensenada, Mexico - Los Angeles, California",QN06LAX-2361070639-2026-01-21,2026-01-21,Suite Guarantee,1090
2025-11-22T22:09:05.857590,"https://www.royalcaribbean.com/gbr/en/cruises?search=departurePort:BCN,BYE,FLL,LAX,MIA,ROM,SIN,YOK|nights:6~8,9~11,gte12|ship:AL,AN,HM,IC,LE,OA,OV,OY,QN,ST,SY,UT,WN&country=IRL&market=gbr&language=en",https://www.royalcaribbean.com/gbr/en/cruises/itinerary/6-night-cabo-overnight-and-ensenada-from-los-on-quantum/QN06LAX-2361070639?sail-date=2026-01-07&currency=EUR&country=IRL,QN06LAX-2361070639,Cabo Overnight And Ensenada,6,Quantum of the Seas,QN,"Los Angeles, California",LAX,"Los Angeles, California - Cabo San Lucas, Mexico - Cabo San Lucas, Mexico - Ensenada, Mexico - Los Angeles, California",QN06LAX-2361070639-2026-01-21,2026-01-21,Grand Suite 1 Bedroom,3066
2025-11-22T22:09:05.857590,"https://www.royalcaribbean.com/gbr/en/cruises?search=departurePort:BCN,BYE,FLL,LAX,MIA,ROM,SIN,YOK|nights:6~8,9~11,gte12|ship:AL,AN,HM,IC,LE,OA,OV,OY,QN,ST,SY,UT,WN&country=IRL&market=gbr&language=en",https://www.royalcaribbean.com/gbr/en/cruises/itinerary/6-night-cabo-overnight-and-ensenada-from-los-on-quantum/QN06LAX-2361070639?sail-date=2026-01-07&currency=EUR&country=IRL,QN06LAX-2361070639,Cabo Overnight And Ensenada,6,Quantum of the Seas,QN,"Los Angeles, California",LAX,"Los Angeles, California - Cabo San Lucas, Mexico - Cabo San Lucas, Mexico - Ensenada, Mexico - Los Angeles, California",QN06LAX-2361070639-2026-01-21,2026-01-21,Grand Suite With Large Balcony 1 Bedroom,3324
2025-11-22T22:09:05.857590,"https://www.royalcaribbean.com/gbr/en/cruises?search=departurePort:BCN,BYE,FLL,LAX,MIA,ROM,SIN,YOK|nights:6~8,9~11,gte12|ship:AL,AN,HM,IC,LE,OA,OV,OY,QN,ST,SY,UT,WN&country=IRL&market=gbr&language=en",https://www.royalcaribbean.com/gbr/en/cruises/itinerary/6-night-cabo-overnight-and-ensenada-from-los-on-quantum/QN06LAX-2361070639?sail-date=2026-01-07&currency=EUR&country=IRL,QN06LAX-2361070639,Cabo Overnight And Ensenada,6,Quantum of the Seas,QN,"Los Angeles, California",LAX,"Los Angeles, California - Cabo San Lucas, Mexico - Cabo San Lucas, Mexico - Ensenada, Mexico - Los Angeles, California",QN06LAX-2361070639-2026-01-21,2026-01-21,Owners Suite With Balcony,3511
2025-11-22T22:09:05.857590,"https://www.royalcaribbean.com/gbr/en/cruises?search=departurePort:BCN,BYE,FLL,LAX,MIA,ROM,SIN,YOK|nights:6~8,9~11,gte12|ship:AL,AN,HM,IC,LE,OA,OV,OY,QN,ST,SY,UT,WN&country=IRL&market=gbr&language=en",https://www.royalcaribbean.com/gbr/en/cruises/itinerary/6-night-cabo-overnight-and-ensenada-from-los-on-quantum/QN06LAX-2361070639?sail-date=2026-01-07&currency=EUR&country=IRL,QN06LAX-2361070639,Cabo Overnight And Ensenada,6,Quantum of the Seas,QN,"Los Angeles, California",LAX,"Los Angeles, California - Cabo San Lucas, Mexico - Cabo San Lucas, Mexico - Ensenada, Mexico - Los Angeles, California",QN06LAX-2361070639-2026-01-21,2026-01-21,Grand Suite 2 Bedroom,3678
2025-11-22T22:09:05.857590,"https://www.royalcaribbean.com/gbr/en/cruises?search=departurePort:BCN,BYE,FLL,LAX,MIA,ROM,SIN,YOK|nights:6~8,9~11,gte12|ship:AL,AN,HM,IC,LE,OA,OV,OY,QN,ST,SY,UT,WN&country=IRL&market=gbr&language=en",https://www.royalcaribbean.com/gbr/en/cruises/itinerary/6-night-cabo-overnight-and-ensenada-from-los-on-quantum/QN06LAX-2361070639?sail-date=2026-01-07&currency=EUR&country=IRL,QN06LAX-2361070639,Cabo Overnight And Ensenada,6,Quantum of the Seas,QN,"Los Angeles, California",LAX,"Los Angeles, California - Cabo San Lucas, Mexico - Cabo San Lucas, Mexico - Ensenada, Mexico - Los Angeles, California",QN06LAX-2361070639-2026-01-21,2026-01-21,Sky Loft Suite,3907
2025-11-22T22:09:05.857590,"https://www.royalcaribbean.com/gbr/en/cruises?search=departurePort:BCN,BYE,FLL,LAX,MIA,ROM,SIN,YOK|nights:6~8,9~11,gte12|ship:AL,AN,HM,IC,LE,OA,OV,OY,QN,ST,SY,UT,WN&country=IRL&market=gbr&language=en",https://www.royalcaribbean.com/gbr/en/cruises/itinerary/6-night-cabo-overnight-and-ensenada-from-los-on-quantum/QN06LAX-2361070639?sail-date=2026-01-07&currency=EUR&country=IRL,QN06LAX-2361070639,Cabo Overnight And Ensenada,6,Quantum of the Seas,QN,"Los Angeles, California",LAX,"Los Angeles, California - Cabo San Lucas, Mexico - Cabo San Lucas, Mexico - Ensenada, Mexico - Los Angeles, California",QN06LAX-2361070639-2026-01-21,2026-01-21,Grand Loft Suite With Balcony,4192
2025-11-22T22:09:05.857590,"https://www.royalcaribbean.com/gbr/en/cruises?search=departurePort:BCN,BYE,FLL,LAX,MIA,ROM,SIN,YOK|nights:6~8,9~11,gte12|ship:AL,AN,HM,IC,LE,OA,OV,OY,QN,ST,SY,UT,WN&country=IRL&market=gbr&language=en",https://www.royalcaribbean.com/gbr/en/cruises/itinerary/6-night-cabo-overnight-and-ensenada-from-los-on-quantum/QN06LAX-2361070639?sail-date=2026-01-07&currency=EUR&country=IRL,QN06LAX-2361070639,Cabo Overnight And Ensenada,6,Quantum of the Seas,QN,"Los Angeles, California",LAX,"Los Angeles, California - Cabo San Lucas, Mexico - Cabo San Lucas, Mexico - Ensenada, Mexico - Los Angeles, California",QN06LAX-2361070639-2026-02-04,2026-02-04,Interior,364
2025-11-22T22:09:05.857590,"https://www.royalcaribbean.com/gbr/en/cruises?search=departurePort:BCN,BYE,FLL,LAX,MIA,ROM,SIN,YOK|nights:6~8,9~11,gte12|ship:AL,AN,HM,IC,LE,OA,OV,OY,QN,ST,SY,UT,WN&country=IRL&market=gbr&language=en",https://www.royalcaribbean.com/gbr/en/cruises/itinerary/6-night-cabo-overnight-and-ensenada-from-los-on-quantum/QN06LAX-2361070639?sail-date=2026-01-07&currency=EUR&country=IRL,QN06LAX-2361070639,Cabo Overnight And Ensenada,6,Quantum of the Seas,QN,"Los Angeles, California",LAX,"Los Angeles, California - Cabo San Lucas, Mexico - Cabo San Lucas, Mexico - Ensenada, Mexico - Los Angeles, California",QN06LAX-2361070639-2026-02-04,2026-02-04,Ocean View,381
2025-11-22T22:09:05.857590,"https://www.royalcaribbean.com/gbr/en/cruises?search=departurePort:BCN,BYE,FLL,LAX,MIA,ROM,SIN,YOK|nights:6~8,9~11,gte12|ship:AL,AN,HM,IC,LE,OA,OV,OY,QN,ST,SY,UT,WN&country=IRL&market=gbr&language=en",https://www.royalcaribbean.com/gbr/en/cruises/itinerary/6-night-cabo-overnight-and-ensenada-from-los-on-quantum/QN06LAX-2361070639?sail-date=2026-01-07&currency=EUR&country=IRL,QN06LAX-2361070639,Cabo Overnight And Ensenada,6,Quantum of the Seas,QN,"Los Angeles, California",LAX,"Los Angeles, California - Cabo San Lucas, Mexico - Cabo San Lucas, Mexico - Ensenada, Mexico - Los Angeles, California",QN06LAX-2361070639-2026-02-04,2026-02-04,Balcony,581
2025-11-22T22:09:05.857590,"https://www.royalcaribbean.com/gbr/en/cruises?search=departurePort:BCN,BYE,FLL,LAX,MIA,ROM,SIN,YOK|nights:6~8,9~11,gte12|ship:AL,AN,HM,IC,LE,OA,OV,OY,QN,ST,SY,UT,WN&country=IRL&market=gbr&language=en",https://www.royalcaribbean.com/gbr/en/cruises/itinerary/6-night-cabo-overnight-and-ensenada-from-los-on-quantum/QN06LAX-2361070639?sail-date=2026-01-07&currency=EUR&country=IRL,QN06LAX-2361070639,Cabo Overnight And Ensenada,6,Quantum of the Seas,QN,"Los Angeles, California",LAX,"Los Angeles, California - Cabo San Lucas, Mexico - Cabo San Lucas, Mexico - Ensenada, Mexico - Los Angeles, California",QN06LAX-2361070639-2026-02-04,2026-02-04,Suite Guarantee,969
2025-11-22T22:09:05.857590,"https://www.royalcaribbean.com/gbr/en/cruises?search=departurePort:BCN,BYE,FLL,LAX,MIA,ROM,SIN,YOK|nights:6~8,9~11,gte12|ship:AL,AN,HM,IC,LE,OA,OV,OY,QN,ST,SY,UT,WN&country=IRL&market=gbr&language=en",https://www.royalcaribbean.com/gbr/en/cruises/itinerary/6-night-cabo-overnight-and-ensenada-from-los-on-quantum/QN06LAX-2361070639?sail-date=2026-01-07&currency=EUR&country=IRL,QN06LAX-2361070639,Cabo Overnight And Ensenada,6,Quantum of the Seas,QN,"Los Angeles, California",LAX,"Los Angeles, California - Cabo San Lucas, Mexico - Cabo San Lucas, Mexico - Ensenada, Mexico - Los Angeles, California",QN06LAX-2361070639-2026-02-04,2026-02-04,Grand Suite 1 Bedroom,3066
2025-11-22T22:09:05.857590,"https://www.royalcaribbean.com/gbr/en/cruises?search=departurePort:BCN,BYE,FLL,LAX,MIA,ROM,SIN,YOK|nights:6~8,9~11,gte12|ship:AL,AN,HM,IC,LE,OA,OV,OY,QN,ST,SY,UT,WN&country=IRL&market=gbr&language=en",https://www.royalcaribbean.com/gbr/en/cruises/itinerary/6-night-cabo-overnight-and-ensenada-from-los-on-quantum/QN06LAX-2361070639?sail-date=2026-01-07&currency=EUR&country=IRL,QN06LAX-2361070639,Cabo Overnight And Ensenada,6,Quantum of the Seas,QN,"Los Angeles, California",LAX,"Los Angeles, California - Cabo San Lucas, Mexico - Cabo San Lucas, Mexico - Ensenada, Mexico - Los Angeles, California",QN06LAX-2361070639-2026-02-04,2026-02-04,Grand Suite With Large Balcony 1 Bedroom,3324
2025-11-22T22:09:05.857590,"https://www.royalcaribbean.com/gbr/en/cruises?search=departurePort:BCN,BYE,FLL,LAX,MIA,ROM,SIN,YOK|nights:6~8,9~11,gte12|ship:AL,AN,HM,IC,LE,OA,OV,OY,QN,ST,SY,UT,WN&country=IRL&market=gbr&language=en",https://www.royalcaribbean.com/gbr/en/cruises/itinerary/6-night-cabo-overnight-and-ensenada-from-los-on-quantum/QN06LAX-2361070639?sail-date=2026-01-07&currency=EUR&country=IRL,QN06LAX-2361070639,Cabo Overnight And Ensenada,6,Quantum of the Seas,QN,"Los Angeles, California",LAX,"Los Angeles, California - Cabo San Lucas, Mexico - Cabo San Lucas, Mexico - Ensenada, Mexico - Los Angeles, California",QN06LAX-2361070639-2026-02-04,2026-02-04,Owners Suite With Balcony,3511
2025-11-22T22:09:05.857590,"https://www.royalcaribbean.com/gbr/en/cruises?search=departurePort:BCN,BYE,FLL,LAX,MIA,ROM,SIN,YOK|nights:6~8,9~11,gte12|ship:AL,AN,HM,IC,LE,OA,OV,OY,QN,ST,SY,UT,WN&country=IRL&market=gbr&language=en",https://www.royalcaribbean.com/gbr/en/cruises/itinerary/6-night-cabo-overnight-and-ensenada-from-los-on-quantum/QN06LAX-2361070639?sail-date=2026-01-07&currency=EUR&country=IRL,QN06LAX-2361070639,Cabo Overnight And Ensenada,6,Quantum of the Seas,QN,"Los Angeles, California",LAX,"Los Angeles, California - Cabo San Lucas, Mexico - Cabo San Lucas, Mexico - Ensenada, Mexico - Los Angeles, California",QN06LAX-2361070639-2026-02-04,2026-02-04,Grand Suite 2 Bedroom,3678
2025-11-22T22:09:05.857590,"https://www.royalcaribbean.com/gbr/en/cruises?search=departurePort:BCN,BYE,FLL,LAX,MIA,ROM,SIN,YOK|nights:6~8,9~11,gte12|ship:AL,AN,HM,IC,LE,OA,OV,OY,QN,ST,SY,UT,WN&country=IRL&market=gbr&language=en",https://www.royalcaribbean.com/gbr/en/cruises/itinerary/6-night-cabo-overnight-and-ensenada-from-los-on-quantum/QN06LAX-2361070639?sail-date=2026-01-07&currency=EUR&country=IRL,QN06LAX-2361070639,Cabo Overnight And Ensenada,6,Quantum of the Seas,QN,"Los Angeles, California",LAX,"Los Angeles, California - Cabo San Lucas, Mexico - Cabo San Lucas, Mexico - Ensenada, Mexico - Los Angeles, California",QN06LAX-2361070639-2026-02-04,2026-02-04,Sky Loft Suite,3907
2025-11-22T22:09:05.857590,"https://www.royalcaribbean.com/gbr/en/cruises?search=departurePort:BCN,BYE,FLL,LAX,MIA,ROM,SIN,YOK|nights:6~8,9~11,gte12|ship:AL,AN,HM,IC,LE,OA,OV,OY,QN,ST,SY,UT,WN&country=IRL&market=gbr&language=en",https://www.royalcaribbean.com/gbr/en/cruises/itinerary/6-night-cabo-overnight-and-ensenada-from-los-on-quantum/QN06LAX-2361070639?sail-date=2026-01-07&currency=EUR&country=IRL,QN06LAX-2361070639,Cabo Overnight And Ensenada,6,Quantum of the Seas,QN,"Los Angeles, California",LAX,"Los Angeles, California - Cabo San Lucas, Mexico - Cabo San Lucas, Mexico - Ensenada, Mexico - Los Angeles, California",QN06LAX-2361070639-2026-02-04,2026-02-04,Grand Loft Suite With Balcony,4192
2025-11-22T22:09:05.857590,"https://www.royalcaribbean.com/gbr/en/cruises?search=departurePort:BCN,BYE,FLL,LAX,MIA,ROM,SIN,YOK|nights:6~8,9~11,gte12|ship:AL,AN,HM,IC,LE,OA,OV,OY,QN,ST,SY,UT,WN&country=IRL&market=gbr&language=en",https://www.royalcaribbean.com/gbr/en/cruises/itinerary/6-night-cabo-overnight-and-ensenada-from-los-on-quantum/QN06LAX-2361070639?sail-date=2026-01-07&currency=EUR&country=IRL,QN06LAX-2361070639,Cabo Overnight And Ensenada,6,Quantum of the Seas,QN,"Los Angeles, California",LAX,"Los Angeles, California - Cabo San Lucas, Mexico - Cabo San Lucas, Mexico - Ensenada, Mexico - Los Angeles, California",QN06LAX-2361070639-2026-02-18,2026-02-18,Interior,398
2025-11-22T22:09:05.857590,"https://www.royalcaribbean.com/gbr/en/cruises?search=departurePort:BCN,BYE,FLL,LAX,MIA,ROM,SIN,YOK|nights:6~8,9~11,gte12|ship:AL,AN,HM,IC,LE,OA,OV,OY,QN,ST,SY,UT,WN&country=IRL&market=gbr&language=en",https://www.royalcaribbean.com/gbr/en/cruises/itinerary/6-night-cabo-overnight-and-ensenada-from-los-on-quantum/QN06LAX-2361070639?sail-date=2026-01-07&currency=EUR&country=IRL,QN06LAX-2361070639,Cabo Overnight And Ensenada,6,Quantum of the Seas,QN,"Los Angeles, California",LAX,"Los Angeles, California - Cabo San Lucas, Mexico - Cabo San Lucas, Mexico - Ensenada, Mexico - Los Angeles, California",QN06LAX-2361070639-2026-02-18,2026-02-18,Ocean View,423
2025-11-22T22:09:05.857590,"https://www.royalcaribbean.com/gbr/en/cruises?search=departurePort:BCN,BYE,FLL,LAX,MIA,ROM,SIN,YOK|nights:6~8,9~11,gte12|ship:AL,AN,HM,IC,LE,OA,OV,OY,QN,ST,SY,UT,WN&country=IRL&market=gbr&language=en",https://www.royalcaribbean.com/gbr/en/cruises/itinerary/6-night-cabo-overnight-and-ensenada-from-los-on-quantum/QN06LAX-2361070639?sail-date=2026-01-07&currency=EUR&country=IRL,QN06LAX-2361070639,Cabo Overnight And Ensenada,6,Quantum of the Seas,QN,"Los Angeles, California",LAX,"Los Angeles, California - Cabo San Lucas, Mexico - Cabo San Lucas, Mexico - Ensenada, Mexico - Los Angeles, California",QN06LAX-2361070639-2026-02-18,2026-02-18,Balcony,632
2025-11-22T22:09:05.857590,"https://www.royalcaribbean.com/gbr/en/cruises?search=departurePort:BCN,BYE,FLL,LAX,MIA,ROM,SIN,YOK|nights:6~8,9~11,gte12|ship:AL,AN,HM,IC,LE,OA,OV,OY,QN,ST,SY,UT,WN&country=IRL&market=gbr&language=en",https://www.royalcaribbean.com/gbr/en/cruises/itinerary/6-night-cabo-overnight-and-ensenada-from-los-on-quantum/QN06LAX-2361070639?sail-date=2026-01-07&currency=EUR&country=IRL,QN06LAX-2361070639,Cabo Overnight And Ensenada,6,Quantum of the Seas,QN,"Los Angeles, California",LAX,"Los Angeles, California - Cabo San Lucas, Mexico - Cabo San Lucas, Mexico - Ensenada, Mexico - Los Angeles, California",QN06LAX-2361070639-2026-02-18,2026-02-18,Suite Guarantee,1054
2025-11-22T22:09:05.857590,"https://www.royalcaribbean.com/gbr/en/cruises?search=departurePort:BCN,BYE,FLL,LAX,MIA,ROM,SIN,YOK|nights:6~8,9~11,gte12|ship:AL,AN,HM,IC,LE,OA,OV,OY,QN,ST,SY,UT,WN&country=IRL&market=gbr&language=en",https://www.royalcaribbean.com/gbr/en/cruises/itinerary/6-night-cabo-overnight-and-ensenada-from-los-on-quantum/QN06LAX-2361070639?sail-date=2026-01-07&currency=EUR&country=IRL,QN06LAX-2361070639,Cabo Overnight And Ensenada,6,Quantum of the Seas,QN,"Los Angeles, California",LAX,"Los Angeles, California - Cabo San Lucas, Mexico - Cabo San Lucas, Mexico - Ensenada, Mexico - Los Angeles, California",QN06LAX-2361070639-2026-02-18,2026-02-18,Grand Suite 1 Bedroom,3066
2025-11-22T22:09:05.857590,"https://www.royalcaribbean.com/gbr/en/cruises?search=departurePort:BCN,BYE,FLL,LAX,MIA,ROM,SIN,YOK|nights:6~8,9~11,gte12|ship:AL,AN,HM,IC,LE,OA,OV,OY,QN,ST,SY,UT,WN&country=IRL&market=gbr&language=en",https://www.royalcaribbean.com/gbr/en/cruises/itinerary/6-night-cabo-overnight-and-ensenada-from-los-on-quantum/QN06LAX-2361070639?sail-date=2026-01-07&currency=EUR&country=IRL,QN06LAX-2361070639,Cabo Overnight And Ensenada,6,Quantum of the Seas,QN,"Los Angeles, California",LAX,"Los Angeles, California - Cabo San Lucas, Mexico - Cabo San Lucas, Mexico - Ensenada, Mexico - Los Angeles, California",QN06LAX-2361070639-2026-02-18,2026-02-18,Grand Suite With Large Balcony 1 Bedroom,3324
2025-11-22T22:09:05.857590,"https://www.royalcaribbean.com/gbr/en/cruises?search=departurePort:BCN,BYE,FLL,LAX,MIA,ROM,SIN,YOK|nights:6~8,9~11,gte12|ship:AL,AN,HM,IC,LE,OA,OV,OY,QN,ST,SY,UT,WN&country=IRL&market=gbr&language=en",https://www.royalcaribbean.com/gbr/en/cruises/itinerary/6-night-cabo-overnight-and-ensenada-from-los-on-quantum/QN06LAX-2361070639?sail-date=2026-01-07&currency=EUR&country=IRL,QN06LAX-2361070639,Cabo Overnight And Ensenada,6,Quantum of the Seas,QN,"Los Angeles, California",LAX,"Los Angeles, California - Cabo San Lucas, Mexico - Cabo San Lucas, Mexico - Ensenada, Mexico - Los Angeles, California",QN06LAX-2361070639-2026-02-18,2026-02-18,Owners Suite With Balcony,3511
2025-11-22T22:09:05.857590,"https://www.royalcaribbean.com/gbr/en/cruises?search=departurePort:BCN,BYE,FLL,LAX,MIA,ROM,SIN,YOK|nights:6~8,9~11,gte12|ship:AL,AN,HM,IC,LE,OA,OV,OY,QN,ST,SY,UT,WN&country=IRL&market=gbr&language=en",https://www.royalcaribbean.com/gbr/en/cruises/itinerary/6-night-cabo-overnight-and-ensenada-from-los-on-quantum/QN06LAX-2361070639?sail-date=2026-01-07&currency=EUR&country=IRL,QN06LAX-2361070639,Cabo Overnight And Ensenada,6,Quantum of the Seas,QN,"Los Angeles, California",LAX,"Los Angeles, California - Cabo San Lucas, Mexico - Cabo San Lucas, Mexico - Ensenada, Mexico - Los Angeles, California",QN06LAX-2361070639-2026-02-18,2026-02-18,Grand Suite 2 Bedroom,3678
2025-11-22T22:09:05.857590,"https://www.royalcaribbean.com/gbr/en/cruises?search=departurePort:BCN,BYE,FLL,LAX,MIA,ROM,SIN,YOK|nights:6~8,9~11,gte12|ship:AL,AN,HM,IC,LE,OA,OV,OY,QN,ST,SY,UT,WN&country=IRL&market=gbr&language=en",https://www.royalcaribbean.com/gbr/en/cruises/itinerary/6-night-cabo-overnight-and-ensenada-from-los-on-quantum/QN06LAX-2361070639?sail-date=2026-01-07&currency=EUR&country=IRL,QN06LAX-2361070639,Cabo Overnight And Ensenada,6,Quantum of the Seas,QN,"Los Angeles, California",LAX,"Los Angeles, California - Cabo San Lucas, Mexico - Cabo San Lucas, Mexico - Ensenada, Mexico - Los Angeles, California",QN06LAX-2361070639-2026-02-18,2026-02-18,Sky Loft Suite,3907
2025-11-22T22:09:05.857590,"https://www.royalcaribbean.com/gbr/en/cruises?search=departurePort:BCN,BYE,FLL,LAX,MIA,ROM,SIN,YOK|nights:6~8,9~11,gte12|ship:AL,AN,HM,IC,LE,OA,OV,OY,QN,ST,SY,UT,WN&country=IRL&market=gbr&language=en",https://www.royalcaribbean.com/gbr/en/cruises/itinerary/6-night-cabo-overnight-and-ensenada-from-los-on-quantum/QN06LAX-2361070639?sail-date=2026-01-07&currency=EUR&country=IRL,QN06LAX-2361070639,Cabo Overnight And Ensenada,6,Quantum of the Seas,QN,"Los Angeles, California",LAX,"Los Angeles, California - Cabo San Lucas, Mexico - Cabo San Lucas, Mexico - Ensenada, Mexico - Los Angeles, California",QN06LAX-2361070639-2026-02-18,2026-02-18,Grand Loft Suite With Balcony,4192
2025-11-22T22:09:05.857590,"https://www.royalcaribbean.com/gbr/en/cruises?search=departurePort:BCN,BYE,FLL,LAX,MIA,ROM,SIN,YOK|nights:6~8,9~11,gte12|ship:AL,AN,HM,IC,LE,OA,OV,OY,QN,ST,SY,UT,WN&country=IRL&market=gbr&language=en",https://www.royalcaribbean.com/gbr/en/cruises/itinerary/6-night-cabo-overnight-and-ensenada-from-los-on-quantum/QN06LAX-2361070639?sail-date=2026-01-07&currency=EUR&country=IRL,QN06LAX-2361070639,Cabo Overnight And Ensenada,6,Quantum of the Seas,QN,"Los Angeles, California",LAX,"Los Angeles, California - Cabo San Lucas, Mexico - Cabo San Lucas, Mexico - Ensenada, Mexico - Los Angeles, California",QN06LAX-2361070639-2026-03-04,2026-03-04,Interior,450
2025-11-22T22:09:05.857590,"https://www.royalcaribbean.com/gbr/en/cruises?search=departurePort:BCN,BYE,FLL,LAX,MIA,ROM,SIN,YOK|nights:6~8,9~11,gte12|ship:AL,AN,HM,IC,LE,OA,OV,OY,QN,ST,SY,UT,WN&country=IRL&market=gbr&language=en",https://www.royalcaribbean.com/gbr/en/cruises/itinerary/6-night-cabo-overnight-and-ensenada-from-los-on-quantum/QN06LAX-2361070639?sail-date=2026-01-07&currency=EUR&country=IRL,QN06LAX-2361070639,Cabo Overnight And Ensenada,6,Quantum of the Seas,QN,"Los Angeles, California",LAX,"Los Angeles, California - Cabo San Lucas, Mexico - Cabo San Lucas, Mexico - Ensenada, Mexico - Los Angeles, California",QN06LAX-2361070639-2026-03-04,2026-03-04,Ocean View,493
2025-11-22T22:09:05.857590,"https://www.royalcaribbean.com/gbr/en/cruises?search=departurePort:BCN,BYE,FLL,LAX,MIA,ROM,SIN,YOK|nights:6~8,9~11,gte12|ship:AL,AN,HM,IC,LE,OA,OV,OY,QN,ST,SY,UT,WN&country=IRL&market=gbr&language=en",https://www.royalcaribbean.com/gbr/en/cruises/itinerary/6-night-cabo-overnight-and-ensenada-from-los-on-quantum/QN06LAX-2361070639?sail-date=2026-01-07&currency=EUR&country=IRL,QN06LAX-2361070639,Cabo Overnight And Ensenada,6,Quantum of the Seas,QN,"Los Angeles, California",LAX,"Los Angeles, California - Cabo San Lucas, Mexico - Cabo San Lucas, Mexico - Ensenada, Mexico - Los Angeles, California",QN06LAX-2361070639-2026-03-04,2026-03-04,Balcony,518
2025-11-22T22:09:05.857590,"https://www.royalcaribbean.com/gbr/en/cruises?search=departurePort:BCN,BYE,FLL,LAX,MIA,ROM,SIN,YOK|nights:6~8,9~11,gte12|ship:AL,AN,HM,IC,LE,OA,OV,OY,QN,ST,SY,UT,WN&country=IRL&market=gbr&language=en",https://www.royalcaribbean.com/gbr/en/cruises/itinerary/6-night-cabo-overnight-and-ensenada-from-los-on-quantum/QN06LAX-2361070639?sail-date=2026-01-07&currency=EUR&country=IRL,QN06LAX-2361070639,Cabo Overnight And Ensenada,6,Quantum of the Seas,QN,"Los Angeles, California",LAX,"Los Angeles, California - Cabo San Lucas, Mexico - Cabo San Lucas, Mexico - Ensenada, Mexico - Los Angeles, California",QN06LAX-2361070639-2026-03-04,2026-03-04,Suite Guarantee,1078
2025-11-22T22:09:05.857590,"https://www.royalcaribbean.com/gbr/en/cruises?search=departurePort:BCN,BYE,FLL,LAX,MIA,ROM,SIN,YOK|nights:6~8,9~11,gte12|ship:AL,AN,HM,IC,LE,OA,OV,OY,QN,ST,SY,UT,WN&country=IRL&market=gbr&language=en",https://www.royalcaribbean.com/gbr/en/cruises/itinerary/6-night-cabo-overnight-and-ensenada-from-los-on-quantum/QN06LAX-2361070639?sail-date=2026-01-07&currency=EUR&country=IRL,QN06LAX-2361070639,Cabo Overnight And Ensenada,6,Quantum of the Seas,QN,"Los Angeles, California",LAX,"Los Angeles, California - Cabo San Lucas, Mexico - Cabo San Lucas, Mexico - Ensenada, Mexico - Los Angeles, California",QN06LAX-2361070639-2026-03-04,2026-03-04,Grand Suite 1 Bedroom,3066
2025-11-22T22:09:05.857590,"https://www.royalcaribbean.com/gbr/en/cruises?search=departurePort:BCN,BYE,FLL,LAX,MIA,ROM,SIN,YOK|nights:6~8,9~11,gte12|ship:AL,AN,HM,IC,LE,OA,OV,OY,QN,ST,SY,UT,WN&country=IRL&market=gbr&language=en",https://www.royalcaribbean.com/gbr/en/cruises/itinerary/6-night-cabo-overnight-and-ensenada-from-los-on-quantum/QN06LAX-2361070639?sail-date=2026-01-07&currency=EUR&country=IRL,QN06LAX-2361070639,Cabo Overnight And Ensenada,6,Quantum of the Seas,QN,"Los Angeles, California",LAX,"Los Angeles, California - Cabo San Lucas, Mexico - Cabo San Lucas, Mexico - Ensenada, Mexico - Los Angeles, California",QN06LAX-2361070639-2026-03-04,2026-03-04,Grand Suite With Large Balcony 1 Bedroom,3324
2025-11-22T22:09:05.857590,"https://www.royalcaribbean.com/gbr/en/cruises?search=departurePort:BCN,BYE,FLL,LAX,MIA,ROM,SIN,YOK|nights:6~8,9~11,gte12|ship:AL,AN,HM,IC,LE,OA,OV,OY,QN,ST,SY,UT,WN&country=IRL&market=gbr&language=en",https://www.royalcaribbean.com/gbr/en/cruises/itinerary/6-night-cabo-overnight-and-ensenada-from-los-on-quantum/QN06LAX-2361070639?sail-date=2026-01-07&currency=EUR&country=IRL,QN06LAX-2361070639,Cabo Overnight And Ensenada,6,Quantum of the Seas,QN,"Los Angeles, California",LAX,"Los Angeles, California - Cabo San Lucas, Mexico - Cabo San Lucas, Mexico - Ensenada, Mexico - Los Angeles, California",QN06LAX-2361070639-2026-03-04,2026-03-04,Owners Suite With Balcony,3511
2025-11-22T22:09:05.857590,"https://www.royalcaribbean.com/gbr/en/cruises?search=departurePort:BCN,BYE,FLL,LAX,MIA,ROM,SIN,YOK|nights:6~8,9~11,gte12|ship:AL,AN,HM,IC,LE,OA,OV,OY,QN,ST,SY,UT,WN&country=IRL&market=gbr&language=en",https://www.royalcaribbean.com/gbr/en/cruises/itinerary/6-night-cabo-overnight-and-ensenada-from-los-on-quantum/QN06LAX-2361070639?sail-date=2026-01-07&currency=EUR&country=IRL,QN06LAX-2361070639,Cabo Overnight And Ensenada,6,Quantum of the Seas,QN,"Los Angeles, California",LAX,"Los Angeles, California - Cabo San Lucas, Mexico - Cabo San Lucas, Mexico - Ensenada, Mexico - Los Angeles, California",QN06LAX-2361070639-2026-03-04,2026-03-04,Grand Suite 2 Bedroom,3678
2025-11-22T22:09:05.857590,"https://www.royalcaribbean.com/gbr/en/cruises?search=departurePort:BCN,BYE,FLL,LAX,MIA,ROM,SIN,YOK|nights:6~8,9~11,gte12|ship:AL,AN,HM,IC,LE,OA,OV,OY,QN,ST,SY,UT,WN&country=IRL&market=gbr&language=en",https://www.royalcaribbean.com/gbr/en/cruises/itinerary/6-night-cabo-overnight-and-ensenada-from-los-on-quantum/QN06LAX-2361070639?sail-date=2026-01-07&currency=EUR&country=IRL,QN06LAX-2361070639,Cabo Overnight And Ensenada,6,Quantum of the Seas,QN,"Los Angeles, California",LAX,"Los Angeles, California - Cabo San Lucas, Mexico - Cabo San Lucas, Mexico - Ensenada, Mexico - Los Angeles, California",QN06LAX-2361070639-2026-03-04,2026-03-04,Sky Loft Suite,3907
2025-11-22T22:09:05.857590,"https://www.royalcaribbean.com/gbr/en/cruises?search=departurePort:BCN,BYE,FLL,LAX,MIA,ROM,SIN,YOK|nights:6~8,9~11,gte12|ship:AL,AN,HM,IC,LE,OA,OV,OY,QN,ST,SY,UT,WN&country=IRL&market=gbr&language=en",https://www.royalcaribbean.com/gbr/en/cruises/itinerary/6-night-cabo-overnight-and-ensenada-from-los-on-quantum/QN06LAX-2361070639?sail-date=2026-01-07&currency=EUR&country=IRL,QN06LAX-2361070639,Cabo Overnight And Ensenada,6,Quantum of the Seas,QN,"Los Angeles, California",LAX,"Los Angeles, California - Cabo San Lucas, Mexico - Cabo San Lucas, Mexico - Ensenada, Mexico - Los Angeles, California",QN06LAX-2361070639-2026-03-04,2026-03-04,Grand Loft Suite With Balcony,4192
2025-11-22T22:09:05.857590,"https://www.royalcaribbean.com/gbr/en/cruises?search=departurePort:BCN,BYE,FLL,LAX,MIA,ROM,SIN,YOK|nights:6~8,9~11,gte12|ship:AL,AN,HM,IC,LE,OA,OV,OY,QN,ST,SY,UT,WN&country=IRL&market=gbr&language=en",https://www.royalcaribbean.com/gbr/en/cruises/itinerary/8-nt-eastern-caribbean-perfect-day-from-fort-on-allure/AL08FLL-2589272493?sail-date=2025-12-06&currency=EUR&country=IRL,AL08FLL-2589272493,Eastern Caribbean & Perfect Day,8,Allure of the Seas,AL,"Fort Lauderdale, Florida",FLL,"Fort Lauderdale, Florida - Charlotte Amalie, St Thomas - Philipsburg, St Maarten - San Juan, Puerto Rico - Perfect Day at CocoCay, Bahamas - Fort Lauderdale, Florida",AL08FLL-2589272493-2025-12-06,2025-12-06,Interior,696
2025-11-22T22:09:05.857590,"https://www.royalcaribbean.com/gbr/en/cruises?search=departurePort:BCN,BYE,FLL,LAX,MIA,ROM,SIN,YOK|nights:6~8,9~11,gte12|ship:AL,AN,HM,IC,LE,OA,OV,OY,QN,ST,SY,UT,WN&country=IRL&market=gbr&language=en",https://www.royalcaribbean.com/gbr/en/cruises/itinerary/8-nt-eastern-caribbean-perfect-day-from-fort-on-allure/AL08FLL-2589272493?sail-date=2025-12-06&currency=EUR&country=IRL,AL08FLL-2589272493,Eastern Caribbean & Perfect Day,8,Allure of the Seas,AL,"Fort Lauderdale, Florida",FLL,"Fort Lauderdale, Florida - Charlotte Amalie, St Thomas - Philipsburg, St Maarten - San Juan, Puerto Rico - Perfect Day at CocoCay, Bahamas - Fort Lauderdale, Florida",AL08FLL-2589272493-2025-12-06,2025-12-06,Ocean View,816
2025-11-22T22:09:05.857590,"https://www.royalcaribbean.com/gbr/en/cruises?search=departurePort:BCN,BYE,FLL,LAX,MIA,ROM,SIN,YOK|nights:6~8,9~11,gte12|ship:AL,AN,HM,IC,LE,OA,OV,OY,QN,ST,SY,UT,WN&country=IRL&market=gbr&language=en",https://www.royalcaribbean.com/gbr/en/cruises/itinerary/8-nt-eastern-caribbean-perfect-day-from-fort-on-allure/AL08FLL-2589272493?sail-date=2025-12-06&currency=EUR&country=IRL,AL08FLL-2589272493,Eastern Caribbean & Perfect Day,8,Allure of the Seas,AL,"Fort Lauderdale, Florida",FLL,"Fort Lauderdale, Florida - Charlotte Amalie, St Thomas - Philipsburg, St Maarten - San Juan, Puerto Rico - Perfect Day at CocoCay, Bahamas - Fort Lauderdale, Florida",AL08FLL-2589272493-2025-12-06,2025-12-06,Balcony,842
2025-11-22T22:09:05.857590,"https://www.royalcaribbean.com/gbr/en/cruises?search=departurePort:BCN,BYE,FLL,LAX,MIA,ROM,SIN,YOK|nights:6~8,9~11,gte12|ship:AL,AN,HM,IC,LE,OA,OV,OY,QN,ST,SY,UT,WN&country=IRL&market=gbr&language=en",https://www.royalcaribbean.com/gbr/en/cruises/itinerary/8-nt-eastern-caribbean-perfect-day-from-fort-on-allure/AL08FLL-2589272493?sail-date=2025-12-06&currency=EUR&country=IRL,AL08FLL-2589272493,Eastern Caribbean & Perfect Day,8,Allure of the Seas,AL,"Fort Lauderdale, Florida",FLL,"Fort Lauderdale, Florida - Charlotte Amalie, St Thomas - Philipsburg, St Maarten - San Juan, Puerto Rico - Perfect Day at CocoCay, Bahamas - Fort Lauderdale, Florida",AL08FLL-2589272493-2025-12-06,2025-12-06,Suite Guarantee,2021
2025-11-22T22:09:05.857590,"https://www.royalcaribbean.com/gbr/en/cruises?search=departurePort:BCN,BYE,FLL,LAX,MIA,ROM,SIN,YOK|nights:6~8,9~11,gte12|ship:AL,AN,HM,IC,LE,OA,OV,OY,QN,ST,SY,UT,WN&country=IRL&market=gbr&language=en",https://www.royalcaribbean.com/gbr/en/cruises/itinerary/8-nt-eastern-caribbean-perfect-day-from-fort-on-allure/AL08FLL-2589272493?sail-date=2025-12-06&currency=EUR&country=IRL,AL08FLL-2589272493,Eastern Caribbean & Perfect Day,8,Allure of the Seas,AL,"Fort Lauderdale, Florida",FLL,"Fort Lauderdale, Florida - Charlotte Amalie, St Thomas - Philipsburg, St Maarten - San Juan, Puerto Rico - Perfect Day at CocoCay, Bahamas - Fort Lauderdale, Florida",AL08FLL-2589272493-2025-12-06,2025-12-06,We Choose Your Suite,2021
2025-11-22T22:09:05.857590,"https://www.royalcaribbean.com/gbr/en/cruises?search=departurePort:BCN,BYE,FLL,LAX,MIA,ROM,SIN,YOK|nights:6~8,9~11,gte12|ship:AL,AN,HM,IC,LE,OA,OV,OY,QN,ST,SY,UT,WN&country=IRL&market=gbr&language=en",https://www.royalcaribbean.com/gbr/en/cruises/itinerary/8-nt-eastern-caribbean-perfect-day-from-fort-on-allure/AL08FLL-2589272493?sail-date=2025-12-06&currency=EUR&country=IRL,AL08FLL-2589272493,Eastern Caribbean & Perfect Day,8,Allure of the Seas,AL,"Fort Lauderdale, Florida",FLL,"Fort Lauderdale, Florida - Charlotte Amalie, St Thomas - Philipsburg, St Maarten - San Juan, Puerto Rico - Perfect Day at CocoCay, Bahamas - Fort Lauderdale, Florida",AL08FLL-2589272493-2025-12-06,2025-12-06,Junior Suite,3025
2025-11-22T22:09:05.857590,"https://www.royalcaribbean.com/gbr/en/cruises?search=departurePort:BCN,BYE,FLL,LAX,MIA,ROM,SIN,YOK|nights:6~8,9~11,gte12|ship:AL,AN,HM,IC,LE,OA,OV,OY,QN,ST,SY,UT,WN&country=IRL&market=gbr&language=en",https://www.royalcaribbean.com/gbr/en/cruises/itinerary/8-nt-eastern-caribbean-perfect-day-from-fort-on-allure/AL08FLL-2589272493?sail-date=2025-12-06&currency=EUR&country=IRL,AL08FLL-2589272493,Eastern Caribbean & Perfect Day,8,Allure of the Seas,AL,"Fort Lauderdale, Florida",FLL,"Fort Lauderdale, Florida - Charlotte Amalie, St Thomas - Philipsburg, St Maarten - San Juan, Puerto Rico - Perfect Day at CocoCay, Bahamas - Fort Lauderdale, Florida",AL08FLL-2589272493-2025-12-06,2025-12-06,Sky Junior Suite,3196
2025-11-22T22:09:05.857590,"https://www.royalcaribbean.com/gbr/en/cruises?search=departurePort:BCN,BYE,FLL,LAX,MIA,ROM,SIN,YOK|nights:6~8,9~11,gte12|ship:AL,AN,HM,IC,LE,OA,OV,OY,QN,ST,SY,UT,WN&country=IRL&market=gbr&language=en",https://www.royalcaribbean.com/gbr/en/cruises/itinerary/8-nt-eastern-caribbean-perfect-day-from-fort-on-allure/AL08FLL-2589272493?sail-date=2025-12-06&currency=EUR&country=IRL,AL08FLL-2589272493,Eastern Caribbean & Perfect Day,8,Allure of the Seas,AL,"Fort Lauderdale, Florida",FLL,"Fort Lauderdale, Florida - Charlotte Amalie, St Thomas - Philipsburg, St Maarten - San Juan, Puerto Rico - Perfect Day at CocoCay, Bahamas - Fort Lauderdale, Florida",AL08FLL-2589272493-2025-12-06,2025-12-06,Grand Suite 1 Bedroom,3368
2025-11-22T22:09:05.857590,"https://www.royalcaribbean.com/gbr/en/cruises?search=departurePort:BCN,BYE,FLL,LAX,MIA,ROM,SIN,YOK|nights:6~8,9~11,gte12|ship:AL,AN,HM,IC,LE,OA,OV,OY,QN,ST,SY,UT,WN&country=IRL&market=gbr&language=en",https://www.royalcaribbean.com/gbr/en/cruises/itinerary/8-nt-eastern-caribbean-perfect-day-from-fort-on-allure/AL08FLL-2589272493?sail-date=2025-12-06&currency=EUR&country=IRL,AL08FLL-2589272493,Eastern Caribbean & Perfect Day,8,Allure of the Seas,AL,"Fort Lauderdale, Florida",FLL,"Fort Lauderdale, Florida - Charlotte Amalie, St Thomas - Philipsburg, St Maarten - San Juan, Puerto Rico - Perfect Day at CocoCay, Bahamas - Fort Lauderdale, Florida",AL08FLL-2589272493-2025-12-06,2025-12-06,Crown Loft Suite,3403
2025-11-22T22:09:05.857590,"https://www.royalcaribbean.com/gbr/en/cruises?search=departurePort:BCN,BYE,FLL,LAX,MIA,ROM,SIN,YOK|nights:6~8,9~11,gte12|ship:AL,AN,HM,IC,LE,OA,OV,OY,QN,ST,SY,UT,WN&country=IRL&market=gbr&language=en",https://www.royalcaribbean.com/gbr/en/cruises/itinerary/8-nt-eastern-caribbean-perfect-day-from-fort-on-allure/AL08FLL-2589272493?sail-date=2025-12-06&currency=EUR&country=IRL,AL08FLL-2589272493,Eastern Caribbean & Perfect Day,8,Allure of the Seas,AL,"Fort Lauderdale, Florida",FLL,"Fort Lauderdale, Florida - Charlotte Amalie, St Thomas - Philipsburg, St Maarten - San Juan, Puerto Rico - Perfect Day at CocoCay, Bahamas - Fort Lauderdale, Florida",AL08FLL-2589272493-2025-12-06,2025-12-06,Aquatheater Suite With Large Balcony 2 Bedroom,6849
2025-11-22T22:09:05.857590,"https://www.royalcaribbean.com/gbr/en/cruises?search=departurePort:BCN,BYE,FLL,LAX,MIA,ROM,SIN,YOK|nights:6~8,9~11,gte12|ship:AL,AN,HM,IC,LE,OA,OV,OY,QN,ST,SY,UT,WN&country=IRL&market=gbr&language=en",https://www.royalcaribbean.com/gbr/en/cruises/itinerary/8-nt-eastern-caribbean-perfect-day-from-fort-on-allure/AL08FLL-2589272493?sail-date=2025-12-06&currency=EUR&country=IRL,AL08FLL-2589272493,Eastern Caribbean & Perfect Day,8,Allure of the Seas,AL,"Fort Lauderdale, Florida",FLL,"Fort Lauderdale, Florida - Charlotte Amalie, St Thomas - Philipsburg, St Maarten - San Juan, Puerto Rico - Perfect Day at CocoCay, Bahamas - Fort Lauderdale, Florida",AL08FLL-2589272493-2025-12-06,2025-12-06,Grand Panoramic Suite 1 Bedroom,6877
2025-11-22T22:09:05.857590,"https://www.royalcaribbean.com/gbr/en/cruises?search=departurePort:BCN,BYE,FLL,LAX,MIA,ROM,SIN,YOK|nights:6~8,9~11,gte12|ship:AL,AN,HM,IC,LE,OA,OV,OY,QN,ST,SY,UT,WN&country=IRL&market=gbr&language=en",https://www.royalcaribbean.com/gbr/en/cruises/itinerary/8-nt-eastern-caribbean-perfect-day-from-fort-on-allure/AL08FLL-2589272493?sail-date=2025-12-06&currency=EUR&country=IRL,AL08FLL-2589272493,Eastern Caribbean & Perfect Day,8,Allure of the Seas,AL,"Fort Lauderdale, Florida",FLL,"Fort Lauderdale, Florida - Charlotte Amalie, St Thomas - Philipsburg, St Maarten - San Juan, Puerto Rico - Perfect Day at CocoCay, Bahamas - Fort Lauderdale, Florida",AL08FLL-2589272493-2026-01-03,2026-01-03,Interior,1257
2025-11-22T22:09:05.857590,"https://www.royalcaribbean.com/gbr/en/cruises?search=departurePort:BCN,BYE,FLL,LAX,MIA,ROM,SIN,YOK|nights:6~8,9~11,gte12|ship:AL,AN,HM,IC,LE,OA,OV,OY,QN,ST,SY,UT,WN&country=IRL&market=gbr&language=en",https://www.royalcaribbean.com/gbr/en/cruises/itinerary/8-nt-eastern-caribbean-perfect-day-from-fort-on-allure/AL08FLL-2589272493?sail-date=2025-12-06&currency=EUR&country=IRL,AL08FLL-2589272493,Eastern Caribbean & Perfect Day,8,Allure of the Seas,AL,"Fort Lauderdale, Florida",FLL,"Fort Lauderdale, Florida - Charlotte Amalie, St Thomas - Philipsburg, St Maarten - San Juan, Puerto Rico - Perfect Day at CocoCay, Bahamas - Fort Lauderdale, Florida",AL08FLL-2589272493-2026-01-03,2026-01-03,Ocean View,1503
2025-11-22T22:09:05.857590,"https://www.royalcaribbean.com/gbr/en/cruises?search=departurePort:BCN,BYE,FLL,LAX,MIA,ROM,SIN,YOK|nights:6~8,9~11,gte12|ship:AL,AN,HM,IC,LE,OA,OV,OY,QN,ST,SY,UT,WN&country=IRL&market=gbr&language=en",https://www.royalcaribbean.com/gbr/en/cruises/itinerary/8-nt-eastern-caribbean-perfect-day-from-fort-on-allure/AL08FLL-2589272493?sail-date=2025-12-06&currency=EUR&country=IRL,AL08FLL-2589272493,Eastern Caribbean & Perfect Day,8,Allure of the Seas,AL,"Fort Lauderdale, Florida",FLL,"Fort Lauderdale, Florida - Charlotte Amalie, St Thomas - Philipsburg, St Maarten - San Juan, Puerto Rico - Perfect Day at CocoCay, Bahamas - Fort Lauderdale, Florida",AL08FLL-2589272493-2026-01-03,2026-01-03,Balcony,1513
2025-11-22T22:09:05.857590,"https://www.royalcaribbean.com/gbr/en/cruises?search=departurePort:BCN,BYE,FLL,LAX,MIA,ROM,SIN,YOK|nights:6~8,9~11,gte12|ship:AL,AN,HM,IC,LE,OA,OV,OY,QN,ST,SY,UT,WN&country=IRL&market=gbr&language=en",https://www.royalcaribbean.com/gbr/en/cruises/itinerary/8-nt-eastern-caribbean-perfect-day-from-fort-on-allure/AL08FLL-2589272493?sail-date=2025-12-06&currency=EUR&country=IRL,AL08FLL-2589272493,Eastern Caribbean & Perfect Day,8,Allure of the Seas,AL,"Fort Lauderdale, Florida",FLL,"Fort Lauderdale, Florida - Charlotte Amalie, St Thomas - Philipsburg, St Maarten - San Juan, Puerto Rico - Perfect Day at CocoCay, Bahamas - Fort Lauderdale, Florida",AL08FLL-2589272493-2026-01-03,2026-01-03,Suite Guarantee,4061
2025-11-22T22:09:05.857590,"https://www.royalcaribbean.com/gbr/en/cruises?search=departurePort:BCN,BYE,FLL,LAX,MIA,ROM,SIN,YOK|nights:6~8,9~11,gte12|ship:AL,AN,HM,IC,LE,OA,OV,OY,QN,ST,SY,UT,WN&country=IRL&market=gbr&language=en",https://www.royalcaribbean.com/gbr/en/cruises/itinerary/8-nt-eastern-caribbean-perfect-day-from-fort-on-allure/AL08FLL-2589272493?sail-date=2025-12-06&currency=EUR&country=IRL,AL08FLL-2589272493,Eastern Caribbean & Perfect Day,8,Allure of the Seas,AL,"Fort Lauderdale, Florida",FLL,"Fort Lauderdale, Florida - Charlotte Amalie, St Thomas - Philipsburg, St Maarten - San Juan, Puerto Rico - Perfect Day at CocoCay, Bahamas - Fort Lauderdale, Florida",AL08FLL-2589272493-2026-01-03,2026-01-03,We Choose Your Suite,2021
2025-11-22T22:09:05.857590,"https://www.royalcaribbean.com/gbr/en/cruises?search=departurePort:BCN,BYE,FLL,LAX,MIA,ROM,SIN,YOK|nights:6~8,9~11,gte12|ship:AL,AN,HM,IC,LE,OA,OV,OY,QN,ST,SY,UT,WN&country=IRL&market=gbr&language=en",https://www.royalcaribbean.com/gbr/en/cruises/itinerary/8-nt-eastern-caribbean-perfect-day-from-fort-on-allure/AL08FLL-2589272493?sail-date=2025-12-06&currency=EUR&country=IRL,AL08FLL-2589272493,Eastern Caribbean & Perfect Day,8,Allure of the Seas,AL,"Fort Lauderdale, Florida",FLL,"Fort Lauderdale, Florida - Charlotte Amalie, St Thomas - Philipsburg, St Maarten - San Juan, Puerto Rico - Perfect Day at CocoCay, Bahamas - Fort Lauderdale, Florida",AL08FLL-2589272493-2026-01-03,2026-01-03,Junior Suite,3025
2025-11-22T22:09:05.857590,"https://www.royalcaribbean.com/gbr/en/cruises?search=departurePort:BCN,BYE,FLL,LAX,MIA,ROM,SIN,YOK|nights:6~8,9~11,gte12|ship:AL,AN,HM,IC,LE,OA,OV,OY,QN,ST,SY,UT,WN&country=IRL&market=gbr&language=en",https://www.royalcaribbean.com/gbr/en/cruises/itinerary/8-nt-eastern-caribbean-perfect-day-from-fort-on-allure/AL08FLL-2589272493?sail-date=2025-12-06&currency=EUR&country=IRL,AL08FLL-2589272493,Eastern Caribbean & Perfect Day,8,Allure of the Seas,AL,"Fort Lauderdale, Florida",FLL,"Fort Lauderdale, Florida - Charlotte Amalie, St Thomas - Philipsburg, St Maarten - San Juan, Puerto Rico - Perfect Day at CocoCay, Bahamas - Fort Lauderdale, Florida",AL08FLL-2589272493-2026-01-03,2026-01-03,Sky Junior Suite,3196
2025-11-22T22:09:05.857590,"https://www.royalcaribbean.com/gbr/en/cruises?search=departurePort:BCN,BYE,FLL,LAX,MIA,ROM,SIN,YOK|nights:6~8,9~11,gte12|ship:AL,AN,HM,IC,LE,OA,OV,OY,QN,ST,SY,UT,WN&country=IRL&market=gbr&language=en",https://www.royalcaribbean.com/gbr/en/cruises/itinerary/8-nt-eastern-caribbean-perfect-day-from-fort-on-allure/AL08FLL-2589272493?sail-date=2025-12-06&currency=EUR&country=IRL,AL08FLL-2589272493,Eastern Caribbean & Perfect Day,8,Allure of the Seas,AL,"Fort Lauderdale, Florida",FLL,"Fort Lauderdale, Florida - Charlotte Amalie, St Thomas - Philipsburg, St Maarten - San Juan, Puerto Rico - Perfect Day at CocoCay, Bahamas - Fort Lauderdale, Florida",AL08FLL-2589272493-2026-01-03,2026-01-03,Grand Suite 1 Bedroom,3368
2025-11-22T22:09:05.857590,"https://www.royalcaribbean.com/gbr/en/cruises?search=departurePort:BCN,BYE,FLL,LAX,MIA,ROM,SIN,YOK|nights:6~8,9~11,gte12|ship:AL,AN,HM,IC,LE,OA,OV,OY,QN,ST,SY,UT,WN&country=IRL&market=gbr&language=en",https://www.royalcaribbean.com/gbr/en/cruises/itinerary/8-nt-eastern-caribbean-perfect-day-from-fort-on-allure/AL08FLL-2589272493?sail-date=2025-12-06&currency=EUR&country=IRL,AL08FLL-2589272493,Eastern Caribbean & Perfect Day,8,Allure of the Seas,AL,"Fort Lauderdale, Florida",FLL,"Fort Lauderdale, Florida - Charlotte Amalie, St Thomas - Philipsburg, St Maarten - San Juan, Puerto Rico - Perfect Day at CocoCay, Bahamas - Fort Lauderdale, Florida",AL08FLL-2589272493-2026-01-03,2026-01-03,Crown Loft Suite,3403
2025-11-22T22:09:05.857590,"https://www.royalcaribbean.com/gbr/en/cruises?search=departurePort:BCN,BYE,FLL,LAX,MIA,ROM,SIN,YOK|nights:6~8,9~11,gte12|ship:AL,AN,HM,IC,LE,OA,OV,OY,QN,ST,SY,UT,WN&country=IRL&market=gbr&language=en",https://www.royalcaribbean.com/gbr/en/cruises/itinerary/8-nt-eastern-caribbean-perfect-day-from-fort-on-allure/AL08FLL-2589272493?sail-date=2025-12-06&currency=EUR&country=IRL,AL08FLL-2589272493,Eastern Caribbean & Perfect Day,8,Allure of the Seas,AL,"Fort Lauderdale, Florida",FLL,"Fort Lauderdale, Florida - Charlotte Amalie, St Thomas - Philipsburg, St Maarten - San Juan, Puerto Rico - Perfect Day at CocoCay, Bahamas - Fort Lauderdale, Florida",AL08FLL-2589272493-2026-01-03,2026-01-03,Aquatheater Suite With Large Balcony 2 Bedroom,6849
2025-11-22T22:09:05.857590,"https://www.royalcaribbean.com/gbr/en/cruises?search=departurePort:BCN,BYE,FLL,LAX,MIA,ROM,SIN,YOK|nights:6~8,9~11,gte12|ship:AL,AN,HM,IC,LE,OA,OV,OY,QN,ST,SY,UT,WN&country=IRL&market=gbr&language=en",https://www.royalcaribbean.com/gbr/en/cruises/itinerary/8-nt-eastern-caribbean-perfect-day-from-fort-on-allure/AL08FLL-2589272493?sail-date=2025-12-06&currency=EUR&country=IRL,AL08FLL-2589272493,Eastern Caribbean & Perfect Day,8,Allure of the Seas,AL,"Fort Lauderdale, Florida",FLL,"Fort Lauderdale, Florida - Charlotte Amalie, St Thomas - Philipsburg, St Maarten - San Juan, Puerto Rico - Perfect Day at CocoCay, Bahamas - Fort Lauderdale, Florida",AL08FLL-2589272493-2026-01-03,2026-01-03,Grand Panoramic Suite 1 Bedroom,6877
2025-11-22T22:09:05.857590,"https://www.royalcaribbean.com/gbr/en/cruises?search=departurePort:BCN,BYE,FLL,LAX,MIA,ROM,SIN,YOK|nights:6~8,9~11,gte12|ship:AL,AN,HM,IC,LE,OA,OV,OY,QN,ST,SY,UT,WN&country=IRL&market=gbr&language=en",https://www.royalcaribbean.com/gbr/en/cruises/itinerary/8-nt-eastern-caribbean-perfect-day-from-fort-on-allure/AL08FLL-2589272493?sail-date=2025-12-06&currency=EUR&country=IRL,AL08FLL-2589272493,Eastern Caribbean & Perfect Day,8,Allure of the Seas,AL,"Fort Lauderdale, Florida",FLL,"Fort Lauderdale, Florida - Charlotte Amalie, St Thomas - Philipsburg, St Maarten - San Juan, Puerto Rico - Perfect Day at CocoCay, Bahamas - Fort Lauderdale, Florida",AL08FLL-2589272493-2026-01-31,2026-01-31,Interior,1076
2025-11-22T22:09:05.857590,"https://www.royalcaribbean.com/gbr/en/cruises?search=departurePort:BCN,BYE,FLL,LAX,MIA,ROM,SIN,YOK|nights:6~8,9~11,gte12|ship:AL,AN,HM,IC,LE,OA,OV,OY,QN,ST,SY,UT,WN&country=IRL&market=gbr&language=en",https://www.royalcaribbean.com/gbr/en/cruises/itinerary/8-nt-eastern-caribbean-perfect-day-from-fort-on-allure/AL08FLL-2589272493?sail-date=2025-12-06&currency=EUR&country=IRL,AL08FLL-2589272493,Eastern Caribbean & Perfect Day,8,Allure of the Seas,AL,"Fort Lauderdale, Florida",FLL,"Fort Lauderdale, Florida - Charlotte Amalie, St Thomas - Philipsburg, St Maarten - San Juan, Puerto Rico - Perfect Day at CocoCay, Bahamas - Fort Lauderdale, Florida",AL08FLL-2589272493-2026-01-31,2026-01-31,Ocean View,1657
2025-11-22T22:09:05.857590,"https://www.royalcaribbean.com/gbr/en/cruises?search=departurePort:BCN,BYE,FLL,LAX,MIA,ROM,SIN,YOK|nights:6~8,9~11,gte12|ship:AL,AN,HM,IC,LE,OA,OV,OY,QN,ST,SY,UT,WN&country=IRL&market=gbr&language=en",https://www.royalcaribbean.com/gbr/en/cruises/itinerary/8-nt-eastern-caribbean-perfect-day-from-fort-on-allure/AL08FLL-2589272493?sail-date=2025-12-06&currency=EUR&country=IRL,AL08FLL-2589272493,Eastern Caribbean & Perfect Day,8,Allure of the Seas,AL,"Fort Lauderdale, Florida",FLL,"Fort Lauderdale, Florida - Charlotte Amalie, St Thomas - Philipsburg, St Maarten - San Juan, Puerto Rico - Perfect Day at CocoCay, Bahamas - Fort Lauderdale, Florida",AL08FLL-2589272493-2026-01-31,2026-01-31,Balcony,1636
2025-11-22T22:09:05.857590,"https://www.royalcaribbean.com/gbr/en/cruises?search=departurePort:BCN,BYE,FLL,LAX,MIA,ROM,SIN,YOK|nights:6~8,9~11,gte12|ship:AL,AN,HM,IC,LE,OA,OV,OY,QN,ST,SY,UT,WN&country=IRL&market=gbr&language=en",https://www.royalcaribbean.com/gbr/en/cruises/itinerary/8-nt-eastern-caribbean-perfect-day-from-fort-on-allure/AL08FLL-2589272493?sail-date=2025-12-06&currency=EUR&country=IRL,AL08FLL-2589272493,Eastern Caribbean & Perfect Day,8,Allure of the Seas,AL,"Fort Lauderdale, Florida",FLL,"Fort Lauderdale, Florida - Charlotte Amalie, St Thomas - Philipsburg, St Maarten - San Juan, Puerto Rico - Perfect Day at CocoCay, Bahamas - Fort Lauderdale, Florida",AL08FLL-2589272493-2026-01-31,2026-01-31,Suite Guarantee,3278
2025-11-22T22:09:05.857590,"https://www.royalcaribbean.com/gbr/en/cruises?search=departurePort:BCN,BYE,FLL,LAX,MIA,ROM,SIN,YOK|nights:6~8,9~11,gte12|ship:AL,AN,HM,IC,LE,OA,OV,OY,QN,ST,SY,UT,WN&country=IRL&market=gbr&language=en",https://www.royalcaribbean.com/gbr/en/cruises/itinerary/8-nt-eastern-caribbean-perfect-day-from-fort-on-allure/AL08FLL-2589272493?sail-date=2025-12-06&currency=EUR&country=IRL,AL08FLL-2589272493,Eastern Caribbean & Perfect Day,8,Allure of the Seas,AL,"Fort Lauderdale, Florida",FLL,"Fort Lauderdale, Florida - Charlotte Amalie, St Thomas - Philipsburg, St Maarten - San Juan, Puerto Rico - Perfect Day at CocoCay, Bahamas - Fort Lauderdale, Florida",AL08FLL-2589272493-2026-01-31,2026-01-31,We Choose Your Suite,2021
2025-11-22T22:09:05.857590,"https://www.royalcaribbean.com/gbr/en/cruises?search=departurePort:BCN,BYE,FLL,LAX,MIA,ROM,SIN,YOK|nights:6~8,9~11,gte12|ship:AL,AN,HM,IC,LE,OA,OV,OY,QN,ST,SY,UT,WN&country=IRL&market=gbr&language=en",https://www.royalcaribbean.com/gbr/en/cruises/itinerary/8-nt-eastern-caribbean-perfect-day-from-fort-on-allure/AL08FLL-2589272493?sail-date=2025-12-06&currency=EUR&country=IRL,AL08FLL-2589272493,Eastern Caribbean & Perfect Day,8,Allure of the Seas,AL,"Fort Lauderdale, Florida",FLL,"Fort Lauderdale, Florida - Charlotte Amalie, St Thomas - Philipsburg, St Maarten - San Juan, Puerto Rico - Perfect Day at CocoCay, Bahamas - Fort Lauderdale, Florida",AL08FLL-2589272493-2026-01-31,2026-01-31,Junior Suite,3025
2025-11-22T22:09:05.857590,"https://www.royalcaribbean.com/gbr/en/cruises?search=departurePort:BCN,BYE,FLL,LAX,MIA,ROM,SIN,YOK|nights:6~8,9~11,gte12|ship:AL,AN,HM,IC,LE,OA,OV,OY,QN,ST,SY,UT,WN&country=IRL&market=gbr&language=en",https://www.royalcaribbean.com/gbr/en/cruises/itinerary/8-nt-eastern-caribbean-perfect-day-from-fort-on-allure/AL08FLL-2589272493?sail-date=2025-12-06&currency=EUR&country=IRL,AL08FLL-2589272493,Eastern Caribbean & Perfect Day,8,Allure of the Seas,AL,"Fort Lauderdale, Florida",FLL,"Fort Lauderdale, Florida - Charlotte Amalie, St Thomas - Philipsburg, St Maarten - San Juan, Puerto Rico - Perfect Day at CocoCay, Bahamas - Fort Lauderdale, Florida",AL08FLL-2589272493-2026-01-31,2026-01-31,Sky Junior Suite,3196
2025-11-22T22:09:05.857590,"https://www.royalcaribbean.com/gbr/en/cruises?search=departurePort:BCN,BYE,FLL,LAX,MIA,ROM,SIN,YOK|nights:6~8,9~11,gte12|ship:AL,AN,HM,IC,LE,OA,OV,OY,QN,ST,SY,UT,WN&country=IRL&market=gbr&language=en",https://www.royalcaribbean.com/gbr/en/cruises/itinerary/8-nt-eastern-caribbean-perfect-day-from-fort-on-allure/AL08FLL-2589272493?sail-date=2025-12-06&currency=EUR&country=IRL,AL08FLL-2589272493,Eastern Caribbean & Perfect Day,8,Allure of the Seas,AL,"Fort Lauderdale, Florida",FLL,"Fort Lauderdale, Florida - Charlotte Amalie, St Thomas - Philipsburg, St Maarten - San Juan, Puerto Rico - Perfect Day at CocoCay, Bahamas - Fort Lauderdale, Florida",AL08FLL-2589272493-2026-01-31,2026-01-31,Grand Suite 1 Bedroom,3368
2025-11-22T22:09:05.857590,"https://www.royalcaribbean.com/gbr/en/cruises?search=departurePort:BCN,BYE,FLL,LAX,MIA,ROM,SIN,YOK|nights:6~8,9~11,gte12|ship:AL,AN,HM,IC,LE,OA,OV,OY,QN,ST,SY,UT,WN&country=IRL&market=gbr&language=en",https://www.royalcaribbean.com/gbr/en/cruises/itinerary/8-nt-eastern-caribbean-perfect-day-from-fort-on-allure/AL08FLL-2589272493?sail-date=2025-12-06&currency=EUR&country=IRL,AL08FLL-2589272493,Eastern Caribbean & Perfect Day,8,Allure of the Seas,AL,"Fort Lauderdale, Florida",FLL,"Fort Lauderdale, Florida - Charlotte Amalie, St Thomas - Philipsburg, St Maarten - San Juan, Puerto Rico - Perfect Day at CocoCay, Bahamas - Fort Lauderdale, Florida",AL08FLL-2589272493-2026-01-31,2026-01-31,Crown Loft Suite,3403
2025-11-22T22:09:05.857590,"https://www.royalcaribbean.com/gbr/en/cruises?search=departurePort:BCN,BYE,FLL,LAX,MIA,ROM,SIN,YOK|nights:6~8,9~11,gte12|ship:AL,AN,HM,IC,LE,OA,OV,OY,QN,ST,SY,UT,WN&country=IRL&market=gbr&language=en",https://www.royalcaribbean.com/gbr/en/cruises/itinerary/8-nt-eastern-caribbean-perfect-day-from-fort-on-allure/AL08FLL-2589272493?sail-date=2025-12-06&currency=EUR&country=IRL,AL08FLL-2589272493,Eastern Caribbean & Perfect Day,8,Allure of the Seas,AL,"Fort Lauderdale, Florida",FLL,"Fort Lauderdale, Florida - Charlotte Amalie, St Thomas - Philipsburg, St Maarten - San Juan, Puerto Rico - Perfect Day at CocoCay, Bahamas - Fort Lauderdale, Florida",AL08FLL-2589272493-2026-01-31,2026-01-31,Aquatheater Suite With Large Balcony 2 Bedroom,6849
2025-11-22T22:09:05.857590,"https://www.royalcaribbean.com/gbr/en/cruises?search=departurePort:BCN,BYE,FLL,LAX,MIA,ROM,SIN,YOK|nights:6~8,9~11,gte12|ship:AL,AN,HM,IC,LE,OA,OV,OY,QN,ST,SY,UT,WN&country=IRL&market=gbr&language=en",https://www.royalcaribbean.com/gbr/en/cruises/itinerary/8-nt-eastern-caribbean-perfect-day-from-fort-on-allure/AL08FLL-2589272493?sail-date=2025-12-06&currency=EUR&country=IRL,AL08FLL-2589272493,Eastern Caribbean & Perfect Day,8,Allure of the Seas,AL,"Fort Lauderdale, Florida",FLL,"Fort Lauderdale, Florida - Charlotte Amalie, St Thomas - Philipsburg, St Maarten - San Juan, Puerto Rico - Perfect Day at CocoCay, Bahamas - Fort Lauderdale, Florida",AL08FLL-2589272493-2026-01-31,2026-01-31,Grand Panoramic Suite 1 Bedroom,6877
2025-11-22T22:09:05.857590,"https://www.royalcaribbean.com/gbr/en/cruises?search=departurePort:BCN,BYE,FLL,LAX,MIA,ROM,SIN,YOK|nights:6~8,9~11,gte12|ship:AL,AN,HM,IC,LE,OA,OV,OY,QN,ST,SY,UT,WN&country=IRL&market=gbr&language=en",https://www.royalcaribbean.com/gbr/en/cruises/itinerary/8-nt-eastern-caribbean-perfect-day-from-fort-on-allure/AL08FLL-2589272493?sail-date=2025-12-06&currency=EUR&country=IRL,AL08FLL-2589272493,Eastern Caribbean & Perfect Day,8,Allure of the Seas,AL,"Fort Lauderdale, Florida",FLL,"Fort Lauderdale, Florida - Charlotte Amalie, St Thomas - Philipsburg, St Maarten - San Juan, Puerto Rico - Perfect Day at CocoCay, Bahamas - Fort Lauderdale, Florida",AL08FLL-2589272493-2026-02-28,2026-02-28,Interior,1053
2025-11-22T22:09:05.857590,"https://www.royalcaribbean.com/gbr/en/cruises?search=departurePort:BCN,BYE,FLL,LAX,MIA,ROM,SIN,YOK|nights:6~8,9~11,gte12|ship:AL,AN,HM,IC,LE,OA,OV,OY,QN,ST,SY,UT,WN&country=IRL&market=gbr&language=en",https://www.royalcaribbean.com/gbr/en/cruises/itinerary/8-nt-eastern-caribbean-perfect-day-from-fort-on-allure/AL08FLL-2589272493?sail-date=2025-12-06&currency=EUR&country=IRL,AL08FLL-2589272493,Eastern Caribbean & Perfect Day,8,Allure of the Seas,AL,"Fort Lauderdale, Florida",FLL,"Fort Lauderdale, Florida - Charlotte Amalie, St Thomas - Philipsburg, St Maarten - San Juan, Puerto Rico - Perfect Day at CocoCay, Bahamas - Fort Lauderdale, Florida",AL08FLL-2589272493-2026-02-28,2026-02-28,Balcony,1494
2025-11-22T22:09:05.857590,"https://www.royalcaribbean.com/gbr/en/cruises?search=departurePort:BCN,BYE,FLL,LAX,MIA,ROM,SIN,YOK|nights:6~8,9~11,gte12|ship:AL,AN,HM,IC,LE,OA,OV,OY,QN,ST,SY,UT,WN&country=IRL&market=gbr&language=en",https://www.royalcaribbean.com/gbr/en/cruises/itinerary/8-nt-eastern-caribbean-perfect-day-from-fort-on-allure/AL08FLL-2589272493?sail-date=2025-12-06&currency=EUR&country=IRL,AL08FLL-2589272493,Eastern Caribbean & Perfect Day,8,Allure of the Seas,AL,"Fort Lauderdale, Florida",FLL,"Fort Lauderdale, Florida - Charlotte Amalie, St Thomas - Philipsburg, St Maarten - San Juan, Puerto Rico - Perfect Day at CocoCay, Bahamas - Fort Lauderdale, Florida",AL08FLL-2589272493-2026-02-28,2026-02-28,Suite Guarantee,4854
2025-11-22T22:09:05.857590,"https://www.royalcaribbean.com/gbr/en/cruises?search=departurePort:BCN,BYE,FLL,LAX,MIA,ROM,SIN,YOK|nights:6~8,9~11,gte12|ship:AL,AN,HM,IC,LE,OA,OV,OY,QN,ST,SY,UT,WN&country=IRL&market=gbr&language=en",https://www.royalcaribbean.com/gbr/en/cruises/itinerary/8-nt-eastern-caribbean-perfect-day-from-fort-on-allure/AL08FLL-2589272493?sail-date=2025-12-06&currency=EUR&country=IRL,AL08FLL-2589272493,Eastern Caribbean & Perfect Day,8,Allure of the Seas,AL,"Fort Lauderdale, Florida",FLL,"Fort Lauderdale, Florida - Charlotte Amalie, St Thomas - Philipsburg, St Maarten - San Juan, Puerto Rico - Perfect Day at CocoCay, Bahamas - Fort Lauderdale, Florida",AL08FLL-2589272493-2026-02-28,2026-02-28,We Choose Your Suite,2021
2025-11-22T22:09:05.857590,"https://www.royalcaribbean.com/gbr/en/cruises?search=departurePort:BCN,BYE,FLL,LAX,MIA,ROM,SIN,YOK|nights:6~8,9~11,gte12|ship:AL,AN,HM,IC,LE,OA,OV,OY,QN,ST,SY,UT,WN&country=IRL&market=gbr&language=en",https://www.royalcaribbean.com/gbr/en/cruises/itinerary/8-nt-eastern-caribbean-perfect-day-from-fort-on-allure/AL08FLL-2589272493?sail-date=2025-12-06&currency=EUR&country=IRL,AL08FLL-2589272493,Eastern Caribbean & Perfect Day,8,Allure of the Seas,AL,"Fort Lauderdale, Florida",FLL,"Fort Lauderdale, Florida - Charlotte Amalie, St Thomas - Philipsburg, St Maarten - San Juan, Puerto Rico - Perfect Day at CocoCay, Bahamas - Fort Lauderdale, Florida",AL08FLL-2589272493-2026-02-28,2026-02-28,Junior Suite,3025
2025-11-22T22:09:05.857590,"https://www.royalcaribbean.com/gbr/en/cruises?search=departurePort:BCN,BYE,FLL,LAX,MIA,ROM,SIN,YOK|nights:6~8,9~11,gte12|ship:AL,AN,HM,IC,LE,OA,OV,OY,QN,ST,SY,UT,WN&country=IRL&market=gbr&language=en",https://www.royalcaribbean.com/gbr/en/cruises/itinerary/8-nt-eastern-caribbean-perfect-day-from-fort-on-allure/AL08FLL-2589272493?sail-date=2025-12-06&currency=EUR&country=IRL,AL08FLL-2589272493,Eastern Caribbean & Perfect Day,8,Allure of the Seas,AL,"Fort Lauderdale, Florida",FLL,"Fort Lauderdale, Florida - Charlotte Amalie, St Thomas - Philipsburg, St Maarten - San Juan, Puerto Rico - Perfect Day at CocoCay, Bahamas - Fort Lauderdale, Florida",AL08FLL-2589272493-2026-02-28,2026-02-28,Sky Junior Suite,3196
2025-11-22T22:09:05.857590,"https://www.royalcaribbean.com/gbr/en/cruises?search=departurePort:BCN,BYE,FLL,LAX,MIA,ROM,SIN,YOK|nights:6~8,9~11,gte12|ship:AL,AN,HM,IC,LE,OA,OV,OY,QN,ST,SY,UT,WN&country=IRL&market=gbr&language=en",https://www.royalcaribbean.com/gbr/en/cruises/itinerary/8-nt-eastern-caribbean-perfect-day-from-fort-on-allure/AL08FLL-2589272493?sail-date=2025-12-06&currency=EUR&country=IRL,AL08FLL-2589272493,Eastern Caribbean & Perfect Day,8,Allure of the Seas,AL,"Fort Lauderdale, Florida",FLL,"Fort Lauderdale, Florida - Charlotte Amalie, St Thomas - Philipsburg, St Maarten - San Juan, Puerto Rico - Perfect Day at CocoCay, Bahamas - Fort Lauderdale, Florida",AL08FLL-2589272493-2026-02-28,2026-02-28,Grand Suite 1 Bedroom,3368
2025-11-22T22:09:05.857590,"https://www.royalcaribbean.com/gbr/en/cruises?search=departurePort:BCN,BYE,FLL,LAX,MIA,ROM,SIN,YOK|nights:6~8,9~11,gte12|ship:AL,AN,HM,IC,LE,OA,OV,OY,QN,ST,SY,UT,WN&country=IRL&market=gbr&language=en",https://www.royalcaribbean.com/gbr/en/cruises/itinerary/8-nt-eastern-caribbean-perfect-day-from-fort-on-allure/AL08FLL-2589272493?sail-date=2025-12-06&currency=EUR&country=IRL,AL08FLL-2589272493,Eastern Caribbean & Perfect Day,8,Allure of the Seas,AL,"Fort Lauderdale, Florida",FLL,"Fort Lauderdale, Florida - Charlotte Amalie, St Thomas - Philipsburg, St Maarten - San Juan, Puerto Rico - Perfect Day at CocoCay, Bahamas - Fort Lauderdale, Florida",AL08FLL-2589272493-2026-02-28,2026-02-28,Crown Loft Suite,3403
2025-11-22T22:09:05.857590,"https://www.royalcaribbean.com/gbr/en/cruises?search=departurePort:BCN,BYE,FLL,LAX,MIA,ROM,SIN,YOK|nights:6~8,9~11,gte12|ship:AL,AN,HM,IC,LE,OA,OV,OY,QN,ST,SY,UT,WN&country=IRL&market=gbr&language=en",https://www.royalcaribbean.com/gbr/en/cruises/itinerary/8-nt-eastern-caribbean-perfect-day-from-fort-on-allure/AL08FLL-2589272493?sail-date=2025-12-06&currency=EUR&country=IRL,AL08FLL-2589272493,Eastern Caribbean & Perfect Day,8,Allure of the Seas,AL,"Fort Lauderdale, Florida",FLL,"Fort Lauderdale, Florida - Charlotte Amalie, St Thomas - Philipsburg, St Maarten - San Juan, Puerto Rico - Perfect Day at CocoCay, Bahamas - Fort Lauderdale, Florida",AL08FLL-2589272493-2026-02-28,2026-02-28,Aquatheater Suite With Large Balcony 2 Bedroom,6849
2025-11-22T22:09:05.857590,"https://www.royalcaribbean.com/gbr/en/cruises?search=departurePort:BCN,BYE,FLL,LAX,MIA,ROM,SIN,YOK|nights:6~8,9~11,gte12|ship:AL,AN,HM,IC,LE,OA,OV,OY,QN,ST,SY,UT,WN&country=IRL&market=gbr&language=en",https://www.royalcaribbean.com/gbr/en/cruises/itinerary/8-nt-eastern-caribbean-perfect-day-from-fort-on-allure/AL08FLL-2589272493?sail-date=2025-12-06&currency=EUR&country=IRL,AL08FLL-2589272493,Eastern Caribbean & Perfect Day,8,Allure of the Seas,AL,"Fort Lauderdale, Florida",FLL,"Fort Lauderdale, Florida - Charlotte Amalie, St Thomas - Philipsburg, St Maarten - San Juan, Puerto Rico - Perfect Day at CocoCay, Bahamas - Fort Lauderdale, Florida",AL08FLL-2589272493-2026-02-28,2026-02-28,Grand Panoramic Suite 1 Bedroom,6877
2025-11-22T22:09:05.857590,"https://www.royalcaribbean.com/gbr/en/cruises?search=departurePort:BCN,BYE,FLL,LAX,MIA,ROM,SIN,YOK|nights:6~8,9~11,gte12|ship:AL,AN,HM,IC,LE,OA,OV,OY,QN,ST,SY,UT,WN&country=IRL&market=gbr&language=en",https://www.royalcaribbean.com/gbr/en/cruises/itinerary/13-night-spain-transatlantic-from-barcelona-on-harmony/HM13BCN-713440655?sail-date=2026-07-26&currency=EUR&country=IRL,HM13BCN-713440655,Spain Transatlantic,13,Harmony of the Seas,HM,"Barcelona, Spain to Orlando (Port Canaveral), Florida",BCN,"Barcelona, Spain - Palma de Mallorca, Spain - Cartagena, Spain - Málaga, Spain - Seville (Cadiz), Spain - Orlando (Port Canaveral), Florida",HM13BCN-713440655-2026-07-26,2026-07-26,Interior,1399
2025-11-22T22:09:05.857590,"https://www.royalcaribbean.com/gbr/en/cruises?search=departurePort:BCN,BYE,FLL,LAX,MIA,ROM,SIN,YOK|nights:6~8,9~11,gte12|ship:AL,AN,HM,IC,LE,OA,OV,OY,QN,ST,SY,UT,WN&country=IRL&market=gbr&language=en",https://www.royalcaribbean.com/gbr/en/cruises/itinerary/13-night-spain-transatlantic-from-barcelona-on-harmony/HM13BCN-713440655?sail-date=2026-07-26&currency=EUR&country=IRL,HM13BCN-713440655,Spain Transatlantic,13,Harmony of the Seas,HM,"Barcelona, Spain to Orlando (Port Canaveral), Florida",BCN,"Barcelona, Spain - Palma de Mallorca, Spain - Cartagena, Spain - Málaga, Spain - Seville (Cadiz), Spain - Orlando (Port Canaveral), Florida",HM13BCN-713440655-2026-07-26,2026-07-26,Ocean View,1631
2025-11-22T22:09:05.857590,"https://www.royalcaribbean.com/gbr/en/cruises?search=departurePort:BCN,BYE,FLL,LAX,MIA,ROM,SIN,YOK|nights:6~8,9~11,gte12|ship:AL,AN,HM,IC,LE,OA,OV,OY,QN,ST,SY,UT,WN&country=IRL&market=gbr&language=en",https://www.royalcaribbean.com/gbr/en/cruises/itinerary/13-night-spain-transatlantic-from-barcelona-on-harmony/HM13BCN-713440655?sail-date=2026-07-26&currency=EUR&country=IRL,HM13BCN-713440655,Spain Transatlantic,13,Harmony of the Seas,HM,"Barcelona, Spain to Orlando (Port Canaveral), Florida",BCN,"Barcelona, Spain - Palma de Mallorca, Spain - Cartagena, Spain - Málaga, Spain - Seville (Cadiz), Spain - Orlando (Port Canaveral), Florida",HM13BCN-713440655-2026-07-26,2026-07-26,Balcony,1782
2025-11-22T22:09:05.857590,"https://www.royalcaribbean.com/gbr/en/cruises?search=departurePort:BCN,BYE,FLL,LAX,MIA,ROM,SIN,YOK|nights:6~8,9~11,gte12|ship:AL,AN,HM,IC,LE,OA,OV,OY,QN,ST,SY,UT,WN&country=IRL&market=gbr&language=en",https://www.royalcaribbean.com/gbr/en/cruises/itinerary/13-night-spanish-transatlantic-from-barcelona-on-legend/LE13BCN-3324639874?sail-date=2026-10-25&currency=EUR&country=IRL,LE13BCN-3324639874,Spanish Transatlantic Cruise,13,Legend of the Seas,LE,"Barcelona, Spain to Fort Lauderdale, Florida",BCN,"Barcelona, Spain - Alicante, Spain - Málaga, Spain - Seville (Cadiz), Spain - Fort Lauderdale, Florida",LE13BCN-3324639874-2026-10-25,2026-10-25,Interior,2674
2025-11-22T22:09:05.857590,"https://www.royalcaribbean.com/gbr/en/cruises?search=departurePort:BCN,BYE,FLL,LAX,MIA,ROM,SIN,YOK|nights:6~8,9~11,gte12|ship:AL,AN,HM,IC,LE,OA,OV,OY,QN,ST,SY,UT,WN&country=IRL&market=gbr&language=en",https://www.royalcaribbean.com/gbr/en/cruises/itinerary/13-night-spanish-transatlantic-from-barcelona-on-legend/LE13BCN-3324639874?sail-date=2026-10-25&currency=EUR&country=IRL,LE13BCN-3324639874,Spanish Transatlantic Cruise,13,Legend of the Seas,LE,"Barcelona, Spain to Fort Lauderdale, Florida",BCN,"Barcelona, Spain - Alicante, Spain - Málaga, Spain - Seville (Cadiz), Spain - Fort Lauderdale, Florida",LE13BCN-3324639874-2026-10-25,2026-10-25,Ocean View,2712
2025-11-22T22:09:05.857590,"https://www.royalcaribbean.com/gbr/en/cruises?search=departurePort:BCN,BYE,FLL,LAX,MIA,ROM,SIN,YOK|nights:6~8,9~11,gte12|ship:AL,AN,HM,IC,LE,OA,OV,OY,QN,ST,SY,UT,WN&country=IRL&market=gbr&language=en",https://www.royalcaribbean.com/gbr/en/cruises/itinerary/13-night-spanish-transatlantic-from-barcelona-on-legend/LE13BCN-3324639874?sail-date=2026-10-25&currency=EUR&country=IRL,LE13BCN-3324639874,Spanish Transatlantic Cruise,13,Legend of the Seas,LE,"Barcelona, Spain to Fort Lauderdale, Florida",BCN,"Barcelona, Spain - Alicante, Spain - Málaga, Spain - Seville (Cadiz), Spain - Fort Lauderdale, Florida",LE13BCN-3324639874-2026-10-25,2026-10-25,Balcony,2795
2025-11-22T22:09:05.857590,"https://www.royalcaribbean.com/gbr/en/cruises?search=departurePort:BCN,BYE,FLL,LAX,MIA,ROM,SIN,YOK|nights:6~8,9~11,gte12|ship:AL,AN,HM,IC,LE,OA,OV,OY,QN,ST,SY,UT,WN&country=IRL&market=gbr&language=en",https://www.royalcaribbean.com/gbr/en/cruises/itinerary/13-night-spanish-transatlantic-from-barcelona-on-legend/LE13BCN-3324639874?sail-date=2026-10-25&currency=EUR&country=IRL,LE13BCN-3324639874,Spanish Transatlantic Cruise,13,Legend of the Seas,LE,"Barcelona, Spain to Fort Lauderdale, Florida",BCN,"Barcelona, Spain - Alicante, Spain - Málaga, Spain - Seville (Cadiz), Spain - Fort Lauderdale, Florida",LE13BCN-3324639874-2026-10-25,2026-10-25,Suite Guarantee,11992
2025-11-22T22:09:05.857590,"https://www.royalcaribbean.com/gbr/en/cruises?search=departurePort:BCN,BYE,FLL,LAX,MIA,ROM,SIN,YOK|nights:6~8,9~11,gte12|ship:AL,AN,HM,IC,LE,OA,OV,OY,QN,ST,SY,UT,WN&country=IRL&market=gbr&language=en",https://www.royalcaribbean.com/gbr/en/cruises/itinerary/13-night-spanish-transatlantic-from-barcelona-on-legend/LE13BCN-3324639874?sail-date=2026-10-25&currency=EUR&country=IRL,LE13BCN-3324639874,Spanish Transatlantic Cruise,13,Legend of the Seas,LE,"Barcelona, Spain to Fort Lauderdale, Florida",BCN,"Barcelona, Spain - Alicante, Spain - Málaga, Spain - Seville (Cadiz), Spain - Fort Lauderdale, Florida",LE13BCN-3324639874-2026-10-25,2026-10-25,Sunset Corner Suite,11992
2025-11-22T22:09:05.857590,"https://www.royalcaribbean.com/gbr/en/cruises?search=departurePort:BCN,BYE,FLL,LAX,MIA,ROM,SIN,YOK|nights:6~8,9~11,gte12|ship:AL,AN,HM,IC,LE,OA,OV,OY,QN,ST,SY,UT,WN&country=IRL&market=gbr&language=en",https://www.royalcaribbean.com/gbr/en/cruises/itinerary/9-night-greek-isles-from-rome-on-odyssey/OY09ROM-3670741210?sail-date=2026-04-24&currency=EUR&country=IRL,OY09ROM-3670741210,Greek Isles Cruise,9,Odyssey of the Seas,OY,"Rome (Civitavecchia), Italy",ROM,"Rome (Civitavecchia), Italy - Chania (Souda), Crete - Santorini, Greece - Ephesus (Kusadasi), Turkey - Mykonos, Greece - Athens (Piraeus), Greece - Naples/Capri, Italy - Rome (Civitavecchia), Italy",OY09ROM-3670741210-2026-04-24,2026-04-24,Interior,2048
2025-11-22T22:09:05.857590,"https://www.royalcaribbean.com/gbr/en/cruises?search=departurePort:BCN,BYE,FLL,LAX,MIA,ROM,SIN,YOK|nights:6~8,9~11,gte12|ship:AL,AN,HM,IC,LE,OA,OV,OY,QN,ST,SY,UT,WN&country=IRL&market=gbr&language=en",https://www.royalcaribbean.com/gbr/en/cruises/itinerary/9-night-greek-isles-from-rome-on-odyssey/OY09ROM-3670741210?sail-date=2026-04-24&currency=EUR&country=IRL,OY09ROM-3670741210,Greek Isles Cruise,9,Odyssey of the Seas,OY,"Rome (Civitavecchia), Italy",ROM,"Rome (Civitavecchia), Italy - Chania (Souda), Crete - Santorini, Greece - Ephesus (Kusadasi), Turkey - Mykonos, Greece - Athens (Piraeus), Greece - Naples/Capri, Italy - Rome (Civitavecchia), Italy",OY09ROM-3670741210-2026-04-24,2026-04-24,Ocean View,2492
2025-11-22T22:09:05.857590,"https://www.royalcaribbean.com/gbr/en/cruises?search=departurePort:BCN,BYE,FLL,LAX,MIA,ROM,SIN,YOK|nights:6~8,9~11,gte12|ship:AL,AN,HM,IC,LE,OA,OV,OY,QN,ST,SY,UT,WN&country=IRL&market=gbr&language=en",https://www.royalcaribbean.com/gbr/en/cruises/itinerary/9-night-greek-isles-from-rome-on-odyssey/OY09ROM-3670741210?sail-date=2026-04-24&currency=EUR&country=IRL,OY09ROM-3670741210,Greek Isles Cruise,9,Odyssey of the Seas,OY,"Rome (Civitavecchia), Italy",ROM,"Rome (Civitavecchia), Italy - Chania (Souda), Crete - Santorini, Greece - Ephesus (Kusadasi), Turkey - Mykonos, Greece - Athens (Piraeus), Greece - Naples/Capri, Italy - Rome (Civitavecchia), Italy",OY09ROM-3670741210-2026-04-24,2026-04-24,Balcony,3464
2025-11-22T22:09:05.857590,"https://www.royalcaribbean.com/gbr/en/cruises?search=departurePort:BCN,BYE,FLL,LAX,MIA,ROM,SIN,YOK|nights:6~8,9~11,gte12|ship:AL,AN,HM,IC,LE,OA,OV,OY,QN,ST,SY,UT,WN&country=IRL&market=gbr&language=en",https://www.royalcaribbean.com/gbr/en/cruises/itinerary/9-night-greek-isles-from-rome-on-odyssey/OY09ROM-3670741210?sail-date=2026-04-24&currency=EUR&country=IRL,OY09ROM-3670741210,Greek Isles Cruise,9,Odyssey of the Seas,OY,"Rome (Civitavecchia), Italy",ROM,"Rome (Civitavecchia), Italy - Chania (Souda), Crete - Santorini, Greece - Ephesus (Kusadasi), Turkey - Mykonos, Greece - Athens (Piraeus), Greece - Naples/Capri, Italy - Rome (Civitavecchia), Italy",OY09ROM-3670741210-2026-04-24,2026-04-24,Suite Guarantee,12681
2025-11-22T22:09:05.857590,"https://www.royalcaribbean.com/gbr/en/cruises?search=departurePort:BCN,BYE,FLL,LAX,MIA,ROM,SIN,YOK|nights:6~8,9~11,gte12|ship:AL,AN,HM,IC,LE,OA,OV,OY,QN,ST,SY,UT,WN&country=IRL&market=gbr&language=en",https://www.royalcaribbean.com/gbr/en/cruises/itinerary/9-night-greek-isles-from-rome-on-odyssey/OY09ROM-3670741210?sail-date=2026-04-24&currency=EUR&country=IRL,OY09ROM-3670741210,Greek Isles Cruise,9,Odyssey of the Seas,OY,"Rome (Civitavecchia), Italy",ROM,"Rome (Civitavecchia), Italy - Chania (Souda), Crete - Santorini, Greece - Ephesus (Kusadasi), Turkey - Mykonos, Greece - Athens (Piraeus), Greece - Naples/Capri, Italy - Rome (Civitavecchia), Italy",OY09ROM-3670741210-2026-04-24,2026-04-24,Owners Suite 1 Bedroom,12681
2025-11-22T22:09:05.857590,"https://www.royalcaribbean.com/gbr/en/cruises?search=departurePort:BCN,BYE,FLL,LAX,MIA,ROM,SIN,YOK|nights:6~8,9~11,gte12|ship:AL,AN,HM,IC,LE,OA,OV,OY,QN,ST,SY,UT,WN&country=IRL&market=gbr&language=en",https://www.royalcaribbean.com/gbr/en/cruises/itinerary/9-night-greek-isles-from-rome-on-odyssey/OY09ROM-3670741210?sail-date=2026-04-24&currency=EUR&country=IRL,OY09ROM-3670741210,Greek Isles Cruise,9,Odyssey of the Seas,OY,"Rome (Civitavecchia), Italy",ROM,"Rome (Civitavecchia), Italy - Chania (Souda), Crete - Santorini, Greece - Ephesus (Kusadasi), Turkey - Mykonos, Greece - Athens (Piraeus), Greece - Naples/Capri, Italy - Rome (Civitavecchia), Italy",OY09ROM-3670741210-2026-04-24,2026-04-24,Grand Loft Suite,16908
2025-11-22T22:09:05.857590,"https://www.royalcaribbean.com/gbr/en/cruises?search=departurePort:BCN,BYE,FLL,LAX,MIA,ROM,SIN,YOK|nights:6~8,9~11,gte12|ship:AL,AN,HM,IC,LE,OA,OV,OY,QN,ST,SY,UT,WN&country=IRL&market=gbr&language=en",https://www.royalcaribbean.com/gbr/en/cruises/itinerary/15-night-tokyo-to-vancouver-from-tokyo-on-ovation/OV15YOK-2236114794?sail-date=2026-05-01&currency=EUR&country=IRL,OV15YOK-2236114794,Tokyo To Vancouver Cruise,15,Ovation of the Seas,OV,"Tokyo (Yokohama), Japan to Vancouver, British Columbia",YOK,"Tokyo (Yokohama), Japan - Hakodate, Japan - Aomori, Japan - Sapporo (Muroran), Japan - Vancouver, British Columbia - Vancouver, British Columbia",OV15YOK-2236114794-2026-05-01,2026-05-01,Interior,1409
2025-11-22T22:09:05.857590,"https://www.royalcaribbean.com/gbr/en/cruises?search=departurePort:BCN,BYE,FLL,LAX,MIA,ROM,SIN,YOK|nights:6~8,9~11,gte12|ship:AL,AN,HM,IC,LE,OA,OV,OY,QN,ST,SY,UT,WN&country=IRL&market=gbr&language=en",https://www.royalcaribbean.com/gbr/en/cruises/itinerary/15-night-tokyo-to-vancouver-from-tokyo-on-ovation/OV15YOK-2236114794?sail-date=2026-05-01&currency=EUR&country=IRL,OV15YOK-2236114794,Tokyo To Vancouver Cruise,15,Ovation of the Seas,OV,"Tokyo (Yokohama), Japan to Vancouver, British Columbia",YOK,"Tokyo (Yokohama), Japan - Hakodate, Japan - Aomori, Japan - Sapporo (Muroran), Japan - Vancouver, British Columbia - Vancouver, British Columbia",OV15YOK-2236114794-2026-05-01,2026-05-01,Ocean View,1590
2025-11-22T22:09:05.857590,"https://www.royalcaribbean.com/gbr/en/cruises?search=departurePort:BCN,BYE,FLL,LAX,MIA,ROM,SIN,YOK|nights:6~8,9~11,gte12|ship:AL,AN,HM,IC,LE,OA,OV,OY,QN,ST,SY,UT,WN&country=IRL&market=gbr&language=en",https://www.royalcaribbean.com/gbr/en/cruises/itinerary/15-night-tokyo-to-vancouver-from-tokyo-on-ovation/OV15YOK-2236114794?sail-date=2026-05-01&currency=EUR&country=IRL,OV15YOK-2236114794,Tokyo To Vancouver Cruise,15,Ovation of the Seas,OV,"Tokyo (Yokohama), Japan to Vancouver, British Columbia",YOK,"Tokyo (Yokohama), Japan - Hakodate, Japan - Aomori, Japan - Sapporo (Muroran), Japan - Vancouver, British Columbia - Vancouver, British Columbia",OV15YOK-2236114794-2026-05-01,2026-05-01,Balcony,2187
2025-11-22T22:09:05.857590,"https://www.royalcaribbean.com/gbr/en/cruises?search=departurePort:BCN,BYE,FLL,LAX,MIA,ROM,SIN,YOK|nights:6~8,9~11,gte12|ship:AL,AN,HM,IC,LE,OA,OV,OY,QN,ST,SY,UT,WN&country=IRL&market=gbr&language=en",https://www.royalcaribbean.com/gbr/en/cruises/itinerary/15-night-tokyo-to-vancouver-from-tokyo-on-ovation/OV15YOK-2236114794?sail-date=2026-05-01&currency=EUR&country=IRL,OV15YOK-2236114794,Tokyo To Vancouver Cruise,15,Ovation of the Seas,OV,"Tokyo (Yokohama), Japan to Vancouver, British Columbia",YOK,"Tokyo (Yokohama), Japan - Hakodate, Japan - Aomori, Japan - Sapporo (Muroran), Japan - Vancouver, British Columbia - Vancouver, British Columbia",OV15YOK-2236114794-2026-05-01,2026-05-01,Suite Guarantee,11372
2025-11-22T22:09:05.857590,"https://www.royalcaribbean.com/gbr/en/cruises?search=departurePort:BCN,BYE,FLL,LAX,MIA,ROM,SIN,YOK|nights:6~8,9~11,gte12|ship:AL,AN,HM,IC,LE,OA,OV,OY,QN,ST,SY,UT,WN&country=IRL&market=gbr&language=en",https://www.royalcaribbean.com/gbr/en/cruises/itinerary/15-night-tokyo-to-vancouver-from-tokyo-on-ovation/OV15YOK-2236114794?sail-date=2026-05-01&currency=EUR&country=IRL,OV15YOK-2236114794,Tokyo To Vancouver Cruise,15,Ovation of the Seas,OV,"Tokyo (Yokohama), Japan to Vancouver, British Columbia",YOK,"Tokyo (Yokohama), Japan - Hakodate, Japan - Aomori, Japan - Sapporo (Muroran), Japan - Vancouver, British Columbia - Vancouver, British Columbia",OV15YOK-2236114794-2026-05-01,2026-05-01,Grand Loft Suite,11372
2025-11-22T22:09:05.857590,"https://www.royalcaribbean.com/gbr/en/cruises?search=departurePort:BCN,BYE,FLL,LAX,MIA,ROM,SIN,YOK|nights:6~8,9~11,gte12|ship:AL,AN,HM,IC,LE,OA,OV,OY,QN,ST,SY,UT,WN&country=IRL&market=gbr&language=en",https://www.royalcaribbean.com/gbr/en/cruises/itinerary/6-night-western-caribbean-from-fort-on-oasis/OA06FLL-74076658?sail-date=2026-01-18&currency=EUR&country=IRL,OA06FLL-74076658,Western Caribbean Cruise,6,Oasis of the Seas,OA,"Fort Lauderdale, Florida",FLL,"Fort Lauderdale, Florida - Nassau, Bahamas - San Juan, Puerto Rico - Puerto Plata, Dominican Republic - Fort Lauderdale, Florida",OA06FLL-74076658-2026-01-18,2026-01-18,Interior,690
2025-11-22T22:09:05.857590,"https://www.royalcaribbean.com/gbr/en/cruises?search=departurePort:BCN,BYE,FLL,LAX,MIA,ROM,SIN,YOK|nights:6~8,9~11,gte12|ship:AL,AN,HM,IC,LE,OA,OV,OY,QN,ST,SY,UT,WN&country=IRL&market=gbr&language=en",https://www.royalcaribbean.com/gbr/en/cruises/itinerary/6-night-western-caribbean-from-fort-on-oasis/OA06FLL-74076658?sail-date=2026-01-18&currency=EUR&country=IRL,OA06FLL-74076658,Western Caribbean Cruise,6,Oasis of the Seas,OA,"Fort Lauderdale, Florida",FLL,"Fort Lauderdale, Florida - Nassau, Bahamas - San Juan, Puerto Rico - Puerto Plata, Dominican Republic - Fort Lauderdale, Florida",OA06FLL-74076658-2026-01-18,2026-01-18,Ocean View,983
2025-11-22T22:09:05.857590,"https://www.royalcaribbean.com/gbr/en/cruises?search=departurePort:BCN,BYE,FLL,LAX,MIA,ROM,SIN,YOK|nights:6~8,9~11,gte12|ship:AL,AN,HM,IC,LE,OA,OV,OY,QN,ST,SY,UT,WN&country=IRL&market=gbr&language=en",https://www.royalcaribbean.com/gbr/en/cruises/itinerary/6-night-western-caribbean-from-fort-on-oasis/OA06FLL-74076658?sail-date=2026-01-18&currency=EUR&country=IRL,OA06FLL-74076658,Western Caribbean Cruise,6,Oasis of the Seas,OA,"Fort Lauderdale, Florida",FLL,"Fort Lauderdale, Florida - Nassau, Bahamas - San Juan, Puerto Rico - Puerto Plata, Dominican Republic - Fort Lauderdale, Florida",OA06FLL-74076658-2026-01-18,2026-01-18,Balcony,781
2025-11-22T22:09:05.857590,"https://www.royalcaribbean.com/gbr/en/cruises?search=departurePort:BCN,BYE,FLL,LAX,MIA,ROM,SIN,YOK|nights:6~8,9~11,gte12|ship:AL,AN,HM,IC,LE,OA,OV,OY,QN,ST,SY,UT,WN&country=IRL&market=gbr&language=en",https://www.royalcaribbean.com/gbr/en/cruises/itinerary/6-night-western-caribbean-from-fort-on-oasis/OA06FLL-74076658?sail-date=2026-01-18&currency=EUR&country=IRL,OA06FLL-74076658,Western Caribbean Cruise,6,Oasis of the Seas,OA,"Fort Lauderdale, Florida",FLL,"Fort Lauderdale, Florida - Nassau, Bahamas - San Juan, Puerto Rico - Puerto Plata, Dominican Republic - Fort Lauderdale, Florida",OA06FLL-74076658-2026-01-18,2026-01-18,Suite Guarantee,2396
2025-11-22T22:09:05.857590,"https://www.royalcaribbean.com/gbr/en/cruises?search=departurePort:BCN,BYE,FLL,LAX,MIA,ROM,SIN,YOK|nights:6~8,9~11,gte12|ship:AL,AN,HM,IC,LE,OA,OV,OY,QN,ST,SY,UT,WN&country=IRL&market=gbr&language=en",https://www.royalcaribbean.com/gbr/en/cruises/itinerary/6-night-western-caribbean-from-fort-on-oasis/OA06FLL-74076658?sail-date=2026-01-18&currency=EUR&country=IRL,OA06FLL-74076658,Western Caribbean Cruise,6,Oasis of the Seas,OA,"Fort Lauderdale, Florida",FLL,"Fort Lauderdale, Florida - Nassau, Bahamas - San Juan, Puerto Rico - Puerto Plata, Dominican Republic - Fort Lauderdale, Florida",OA06FLL-74076658-2026-01-18,2026-01-18,Grand Suite 1 Bedroom,2396
2025-11-22T22:09:05.857590,"https://www.royalcaribbean.com/gbr/en/cruises?search=departurePort:BCN,BYE,FLL,LAX,MIA,ROM,SIN,YOK|nights:6~8,9~11,gte12|ship:AL,AN,HM,IC,LE,OA,OV,OY,QN,ST,SY,UT,WN&country=IRL&market=gbr&language=en",https://www.royalcaribbean.com/gbr/en/cruises/itinerary/6-night-western-caribbean-from-fort-on-oasis/OA06FLL-74076658?sail-date=2026-01-18&currency=EUR&country=IRL,OA06FLL-74076658,Western Caribbean Cruise,6,Oasis of the Seas,OA,"Fort Lauderdale, Florida",FLL,"Fort Lauderdale, Florida - Nassau, Bahamas - San Juan, Puerto Rico - Puerto Plata, Dominican Republic - Fort Lauderdale, Florida",OA06FLL-74076658-2026-01-18,2026-01-18,Owners Suite 1 Bedroom,2724
2025-11-22T22:09:05.857590,"https://www.royalcaribbean.com/gbr/en/cruises?search=departurePort:BCN,BYE,FLL,LAX,MIA,ROM,SIN,YOK|nights:6~8,9~11,gte12|ship:AL,AN,HM,IC,LE,OA,OV,OY,QN,ST,SY,UT,WN&country=IRL&market=gbr&language=en",https://www.royalcaribbean.com/gbr/en/cruises/itinerary/6-night-western-caribbean-from-fort-on-oasis/OA06FLL-74076658?sail-date=2026-01-18&currency=EUR&country=IRL,OA06FLL-74076658,Western Caribbean Cruise,6,Oasis of the Seas,OA,"Fort Lauderdale, Florida",FLL,"Fort Lauderdale, Florida - Nassau, Bahamas - San Juan, Puerto Rico - Puerto Plata, Dominican Republic - Fort Lauderdale, Florida",OA06FLL-74076658-2026-01-18,2026-01-18,Aquatheater Suite 1 Bedroom,2845
2025-11-22T22:09:05.857590,"https://www.royalcaribbean.com/gbr/en/cruises?search=departurePort:BCN,BYE,FLL,LAX,MIA,ROM,SIN,YOK|nights:6~8,9~11,gte12|ship:AL,AN,HM,IC,LE,OA,OV,OY,QN,ST,SY,UT,WN&country=IRL&market=gbr&language=en",https://www.royalcaribbean.com/gbr/en/cruises/itinerary/6-night-western-caribbean-from-fort-on-oasis/OA06FLL-74076658?sail-date=2026-01-18&currency=EUR&country=IRL,OA06FLL-74076658,Western Caribbean Cruise,6,Oasis of the Seas,OA,"Fort Lauderdale, Florida",FLL,"Fort Lauderdale, Florida - Nassau, Bahamas - San Juan, Puerto Rico - Puerto Plata, Dominican Republic - Fort Lauderdale, Florida",OA06FLL-74076658-2026-01-18,2026-01-18,Sky Junior Suite,2920
2025-11-22T22:09:05.857590,"https://www.royalcaribbean.com/gbr/en/cruises?search=departurePort:BCN,BYE,FLL,LAX,MIA,ROM,SIN,YOK|nights:6~8,9~11,gte12|ship:AL,AN,HM,IC,LE,OA,OV,OY,QN,ST,SY,UT,WN&country=IRL&market=gbr&language=en",https://www.royalcaribbean.com/gbr/en/cruises/itinerary/6-night-western-caribbean-from-fort-on-oasis/OA06FLL-74076658?sail-date=2026-01-18&currency=EUR&country=IRL,OA06FLL-74076658,Western Caribbean Cruise,6,Oasis of the Seas,OA,"Fort Lauderdale, Florida",FLL,"Fort Lauderdale, Florida - Nassau, Bahamas - San Juan, Puerto Rico - Puerto Plata, Dominican Republic - Fort Lauderdale, Florida",OA06FLL-74076658-2026-01-18,2026-01-18,Spacious Aquatheater Suite 1 Bedroom,3136
2025-11-22T22:09:05.857590,"https://www.royalcaribbean.com/gbr/en/cruises?search=departurePort:BCN,BYE,FLL,LAX,MIA,ROM,SIN,YOK|nights:6~8,9~11,gte12|ship:AL,AN,HM,IC,LE,OA,OV,OY,QN,ST,SY,UT,WN&country=IRL&market=gbr&language=en",https://www.royalcaribbean.com/gbr/en/cruises/itinerary/6-night-western-caribbean-from-fort-on-oasis/OA06FLL-74076658?sail-date=2026-01-18&currency=EUR&country=IRL,OA06FLL-74076658,Western Caribbean Cruise,6,Oasis of the Seas,OA,"Fort Lauderdale, Florida",FLL,"Fort Lauderdale, Florida - Nassau, Bahamas - San Juan, Puerto Rico - Puerto Plata, Dominican Republic - Fort Lauderdale, Florida",OA06FLL-74076658-2026-01-18,2026-01-18,Ultimate Panoramic Suite,5366
2025-11-22T22:09:05.857590,"https://www.royalcaribbean.com/gbr/en/cruises?search=departurePort:BCN,BYE,FLL,LAX,MIA,ROM,SIN,YOK|nights:6~8,9~11,gte12|ship:AL,AN,HM,IC,LE,OA,OV,OY,QN,ST,SY,UT,WN&country=IRL&market=gbr&language=en",https://www.royalcaribbean.com/gbr/en/cruises/itinerary/6-night-western-caribbean-from-fort-on-oasis/OA06FLL-74076658?sail-date=2026-01-18&currency=EUR&country=IRL,OA06FLL-74076658,Western Caribbean Cruise,6,Oasis of the Seas,OA,"Fort Lauderdale, Florida",FLL,"Fort Lauderdale, Florida - Nassau, Bahamas - San Juan, Puerto Rico - Puerto Plata, Dominican Republic - Fort Lauderdale, Florida",OA06FLL-74076658-2026-01-18,2026-01-18,Aquatheater Suite With Large Balcony 2 Bedrooms,6370
2025-11-22T22:09:05.857590,"https://www.royalcaribbean.com/gbr/en/cruises?search=departurePort:BCN,BYE,FLL,LAX,MIA,ROM,SIN,YOK|nights:6~8,9~11,gte12|ship:AL,AN,HM,IC,LE,OA,OV,OY,QN,ST,SY,UT,WN&country=IRL&market=gbr&language=en",https://www.royalcaribbean.com/gbr/en/cruises/itinerary/6-night-western-caribbean-from-fort-on-oasis/OA06FLL-74076658?sail-date=2026-01-18&currency=EUR&country=IRL,OA06FLL-74076658,Western Caribbean Cruise,6,Oasis of the Seas,OA,"Fort Lauderdale, Florida",FLL,"Fort Lauderdale, Florida - Nassau, Bahamas - San Juan, Puerto Rico - Puerto Plata, Dominican Republic - Fort Lauderdale, Florida",OA06FLL-74076658-2026-01-18,2026-01-18,Star Loft Suite,6971
2025-11-22T22:09:05.857590,"https://www.royalcaribbean.com/gbr/en/cruises?search=departurePort:BCN,BYE,FLL,LAX,MIA,ROM,SIN,YOK|nights:6~8,9~11,gte12|ship:AL,AN,HM,IC,LE,OA,OV,OY,QN,ST,SY,UT,WN&country=IRL&market=gbr&language=en",https://www.royalcaribbean.com/gbr/en/cruises/itinerary/6-night-western-caribbean-from-fort-on-oasis/OA06FLL-74076658?sail-date=2026-01-18&currency=EUR&country=IRL,OA06FLL-74076658,Western Caribbean Cruise,6,Oasis of the Seas,OA,"Fort Lauderdale, Florida",FLL,"Fort Lauderdale, Florida - Nassau, Bahamas - San Juan, Puerto Rico - Puerto Plata, Dominican Republic - Fort Lauderdale, Florida",OA06FLL-74076658-2026-02-15,2026-02-15,Interior,945
2025-11-22T22:09:05.857590,"https://www.royalcaribbean.com/gbr/en/cruises?search=departurePort:BCN,BYE,FLL,LAX,MIA,ROM,SIN,YOK|nights:6~8,9~11,gte12|ship:AL,AN,HM,IC,LE,OA,OV,OY,QN,ST,SY,UT,WN&country=IRL&market=gbr&language=en",https://www.royalcaribbean.com/gbr/en/cruises/itinerary/6-night-western-caribbean-from-fort-on-oasis/OA06FLL-74076658?sail-date=2026-01-18&currency=EUR&country=IRL,OA06FLL-74076658,Western Caribbean Cruise,6,Oasis of the Seas,OA,"Fort Lauderdale, Florida",FLL,"Fort Lauderdale, Florida - Nassau, Bahamas - San Juan, Puerto Rico - Puerto Plata, Dominican Republic - Fort Lauderdale, Florida",OA06FLL-74076658-2026-02-15,2026-02-15,Ocean View,1376
2025-11-22T22:09:05.857590,"https://www.royalcaribbean.com/gbr/en/cruises?search=departurePort:BCN,BYE,FLL,LAX,MIA,ROM,SIN,YOK|nights:6~8,9~11,gte12|ship:AL,AN,HM,IC,LE,OA,OV,OY,QN,ST,SY,UT,WN&country=IRL&market=gbr&language=en",https://www.royalcaribbean.com/gbr/en/cruises/itinerary/6-night-western-caribbean-from-fort-on-oasis/OA06FLL-74076658?sail-date=2026-01-18&currency=EUR&country=IRL,OA06FLL-74076658,Western Caribbean Cruise,6,Oasis of the Seas,OA,"Fort Lauderdale, Florida",FLL,"Fort Lauderdale, Florida - Nassau, Bahamas - San Juan, Puerto Rico - Puerto Plata, Dominican Republic - Fort Lauderdale, Florida",OA06FLL-74076658-2026-02-15,2026-02-15,Balcony,1412
2025-11-22T22:09:05.857590,"https://www.royalcaribbean.com/gbr/en/cruises?search=departurePort:BCN,BYE,FLL,LAX,MIA,ROM,SIN,YOK|nights:6~8,9~11,gte12|ship:AL,AN,HM,IC,LE,OA,OV,OY,QN,ST,SY,UT,WN&country=IRL&market=gbr&language=en",https://www.royalcaribbean.com/gbr/en/cruises/itinerary/6-night-western-caribbean-from-fort-on-oasis/OA06FLL-74076658?sail-date=2026-01-18&currency=EUR&country=IRL,OA06FLL-74076658,Western Caribbean Cruise,6,Oasis of the Seas,OA,"Fort Lauderdale, Florida",FLL,"Fort Lauderdale, Florida - Nassau, Bahamas - San Juan, Puerto Rico - Puerto Plata, Dominican Republic - Fort Lauderdale, Florida",OA06FLL-74076658-2026-02-15,2026-02-15,Suite Guarantee,2752
2025-11-22T22:09:05.857590,"https://www.royalcaribbean.com/gbr/en/cruises?search=departurePort:BCN,BYE,FLL,LAX,MIA,ROM,SIN,YOK|nights:6~8,9~11,gte12|ship:AL,AN,HM,IC,LE,OA,OV,OY,QN,ST,SY,UT,WN&country=IRL&market=gbr&language=en",https://www.royalcaribbean.com/gbr/en/cruises/itinerary/6-night-western-caribbean-from-fort-on-oasis/OA06FLL-74076658?sail-date=2026-01-18&currency=EUR&country=IRL,OA06FLL-74076658,Western Caribbean Cruise,6,Oasis of the Seas,OA,"Fort Lauderdale, Florida",FLL,"Fort Lauderdale, Florida - Nassau, Bahamas - San Juan, Puerto Rico - Puerto Plata, Dominican Republic - Fort Lauderdale, Florida",OA06FLL-74076658-2026-02-15,2026-02-15,Grand Suite 1 Bedroom,2396
2025-11-22T22:09:05.857590,"https://www.royalcaribbean.com/gbr/en/cruises?search=departurePort:BCN,BYE,FLL,LAX,MIA,ROM,SIN,YOK|nights:6~8,9~11,gte12|ship:AL,AN,HM,IC,LE,OA,OV,OY,QN,ST,SY,UT,WN&country=IRL&market=gbr&language=en",https://www.royalcaribbean.com/gbr/en/cruises/itinerary/6-night-western-caribbean-from-fort-on-oasis/OA06FLL-74076658?sail-date=2026-01-18&currency=EUR&country=IRL,OA06FLL-74076658,Western Caribbean Cruise,6,Oasis of the Seas,OA,"Fort Lauderdale, Florida",FLL,"Fort Lauderdale, Florida - Nassau, Bahamas - San Juan, Puerto Rico - Puerto Plata, Dominican Republic - Fort Lauderdale, Florida",OA06FLL-74076658-2026-02-15,2026-02-15,Owners Suite 1 Bedroom,2724
2025-11-22T22:09:05.857590,"https://www.royalcaribbean.com/gbr/en/cruises?search=departurePort:BCN,BYE,FLL,LAX,MIA,ROM,SIN,YOK|nights:6~8,9~11,gte12|ship:AL,AN,HM,IC,LE,OA,OV,OY,QN,ST,SY,UT,WN&country=IRL&market=gbr&language=en",https://www.royalcaribbean.com/gbr/en/cruises/itinerary/6-night-western-caribbean-from-fort-on-oasis/OA06FLL-74076658?sail-date=2026-01-18&currency=EUR&country=IRL,OA06FLL-74076658,Western Caribbean Cruise,6,Oasis of the Seas,OA,"Fort Lauderdale, Florida",FLL,"Fort Lauderdale, Florida - Nassau, Bahamas - San Juan, Puerto Rico - Puerto Plata, Dominican Republic - Fort Lauderdale, Florida",OA06FLL-74076658-2026-02-15,2026-02-15,Aquatheater Suite 1 Bedroom,2845
2025-11-22T22:09:05.857590,"https://www.royalcaribbean.com/gbr/en/cruises?search=departurePort:BCN,BYE,FLL,LAX,MIA,ROM,SIN,YOK|nights:6~8,9~11,gte12|ship:AL,AN,HM,IC,LE,OA,OV,OY,QN,ST,SY,UT,WN&country=IRL&market=gbr&language=en",https://www.royalcaribbean.com/gbr/en/cruises/itinerary/6-night-western-caribbean-from-fort-on-oasis/OA06FLL-74076658?sail-date=2026-01-18&currency=EUR&country=IRL,OA06FLL-74076658,Western Caribbean Cruise,6,Oasis of the Seas,OA,"Fort Lauderdale, Florida",FLL,"Fort Lauderdale, Florida - Nassau, Bahamas - San Juan, Puerto Rico - Puerto Plata, Dominican Republic - Fort Lauderdale, Florida",OA06FLL-74076658-2026-02-15,2026-02-15,Sky Junior Suite,2920
2025-11-22T22:09:05.857590,"https://www.royalcaribbean.com/gbr/en/cruises?search=departurePort:BCN,BYE,FLL,LAX,MIA,ROM,SIN,YOK|nights:6~8,9~11,gte12|ship:AL,AN,HM,IC,LE,OA,OV,OY,QN,ST,SY,UT,WN&country=IRL&market=gbr&language=en",https://www.royalcaribbean.com/gbr/en/cruises/itinerary/6-night-western-caribbean-from-fort-on-oasis/OA06FLL-74076658?sail-date=2026-01-18&currency=EUR&country=IRL,OA06FLL-74076658,Western Caribbean Cruise,6,Oasis of the Seas,OA,"Fort Lauderdale, Florida",FLL,"Fort Lauderdale, Florida - Nassau, Bahamas - San Juan, Puerto Rico - Puerto Plata, Dominican Republic - Fort Lauderdale, Florida",OA06FLL-74076658-2026-02-15,2026-02-15,Spacious Aquatheater Suite 1 Bedroom,3136
2025-11-22T22:09:05.857590,"https://www.royalcaribbean.com/gbr/en/cruises?search=departurePort:BCN,BYE,FLL,LAX,MIA,ROM,SIN,YOK|nights:6~8,9~11,gte12|ship:AL,AN,HM,IC,LE,OA,OV,OY,QN,ST,SY,UT,WN&country=IRL&market=gbr&language=en",https://www.royalcaribbean.com/gbr/en/cruises/itinerary/6-night-western-caribbean-from-fort-on-oasis/OA06FLL-74076658?sail-date=2026-01-18&currency=EUR&country=IRL,OA06FLL-74076658,Western Caribbean Cruise,6,Oasis of the Seas,OA,"Fort Lauderdale, Florida",FLL,"Fort Lauderdale, Florida - Nassau, Bahamas - San Juan, Puerto Rico - Puerto Plata, Dominican Republic - Fort Lauderdale, Florida",OA06FLL-74076658-2026-02-15,2026-02-15,Ultimate Panoramic Suite,5366
2025-11-22T22:09:05.857590,"https://www.royalcaribbean.com/gbr/en/cruises?search=departurePort:BCN,BYE,FLL,LAX,MIA,ROM,SIN,YOK|nights:6~8,9~11,gte12|ship:AL,AN,HM,IC,LE,OA,OV,OY,QN,ST,SY,UT,WN&country=IRL&market=gbr&language=en",https://www.royalcaribbean.com/gbr/en/cruises/itinerary/6-night-western-caribbean-from-fort-on-oasis/OA06FLL-74076658?sail-date=2026-01-18&currency=EUR&country=IRL,OA06FLL-74076658,Western Caribbean Cruise,6,Oasis of the Seas,OA,"Fort Lauderdale, Florida",FLL,"Fort Lauderdale, Florida - Nassau, Bahamas - San Juan, Puerto Rico - Puerto Plata, Dominican Republic - Fort Lauderdale, Florida",OA06FLL-74076658-2026-02-15,2026-02-15,Aquatheater Suite With Large Balcony 2 Bedrooms,6370
2025-11-22T22:09:05.857590,"https://www.royalcaribbean.com/gbr/en/cruises?search=departurePort:BCN,BYE,FLL,LAX,MIA,ROM,SIN,YOK|nights:6~8,9~11,gte12|ship:AL,AN,HM,IC,LE,OA,OV,OY,QN,ST,SY,UT,WN&country=IRL&market=gbr&language=en",https://www.royalcaribbean.com/gbr/en/cruises/itinerary/6-night-western-caribbean-from-fort-on-oasis/OA06FLL-74076658?sail-date=2026-01-18&currency=EUR&country=IRL,OA06FLL-74076658,Western Caribbean Cruise,6,Oasis of the Seas,OA,"Fort Lauderdale, Florida",FLL,"Fort Lauderdale, Florida - Nassau, Bahamas - San Juan, Puerto Rico - Puerto Plata, Dominican Republic - Fort Lauderdale, Florida",OA06FLL-74076658-2026-02-15,2026-02-15,Star Loft Suite,6971
2025-11-22T22:09:05.857590,"https://www.royalcaribbean.com/gbr/en/cruises?search=departurePort:BCN,BYE,FLL,LAX,MIA,ROM,SIN,YOK|nights:6~8,9~11,gte12|ship:AL,AN,HM,IC,LE,OA,OV,OY,QN,ST,SY,UT,WN&country=IRL&market=gbr&language=en",https://www.royalcaribbean.com/gbr/en/cruises/itinerary/6-night-western-caribbean-from-fort-on-oasis/OA06FLL-74076658?sail-date=2026-01-18&currency=EUR&country=IRL,OA06FLL-74076658,Western Caribbean Cruise,6,Oasis of the Seas,OA,"Fort Lauderdale, Florida",FLL,"Fort Lauderdale, Florida - Nassau, Bahamas - San Juan, Puerto Rico - Puerto Plata, Dominican Republic - Fort Lauderdale, Florida",OA06FLL-74076658-2026-03-01,2026-03-01,Interior,864
2025-11-22T22:09:05.857590,"https://www.royalcaribbean.com/gbr/en/cruises?search=departurePort:BCN,BYE,FLL,LAX,MIA,ROM,SIN,YOK|nights:6~8,9~11,gte12|ship:AL,AN,HM,IC,LE,OA,OV,OY,QN,ST,SY,UT,WN&country=IRL&market=gbr&language=en",https://www.royalcaribbean.com/gbr/en/cruises/itinerary/6-night-western-caribbean-from-fort-on-oasis/OA06FLL-74076658?sail-date=2026-01-18&currency=EUR&country=IRL,OA06FLL-74076658,Western Caribbean Cruise,6,Oasis of the Seas,OA,"Fort Lauderdale, Florida",FLL,"Fort Lauderdale, Florida - Nassau, Bahamas - San Juan, Puerto Rico - Puerto Plata, Dominican Republic - Fort Lauderdale, Florida",OA06FLL-74076658-2026-03-01,2026-03-01,Balcony,902
2025-11-22T22:09:05.857590,"https://www.royalcaribbean.com/gbr/en/cruises?search=departurePort:BCN,BYE,FLL,LAX,MIA,ROM,SIN,YOK|nights:6~8,9~11,gte12|ship:AL,AN,HM,IC,LE,OA,OV,OY,QN,ST,SY,UT,WN&country=IRL&market=gbr&language=en",https://www.royalcaribbean.com/gbr/en/cruises/itinerary/6-night-western-caribbean-from-fort-on-oasis/OA06FLL-74076658?sail-date=2026-01-18&currency=EUR&country=IRL,OA06FLL-74076658,Western Caribbean Cruise,6,Oasis of the Seas,OA,"Fort Lauderdale, Florida",FLL,"Fort Lauderdale, Florida - Nassau, Bahamas - San Juan, Puerto Rico - Puerto Plata, Dominican Republic - Fort Lauderdale, Florida",OA06FLL-74076658-2026-03-01,2026-03-01,Suite Guarantee,2898
2025-11-22T22:09:05.857590,"https://www.royalcaribbean.com/gbr/en/cruises?search=departurePort:BCN,BYE,FLL,LAX,MIA,ROM,SIN,YOK|nights:6~8,9~11,gte12|ship:AL,AN,HM,IC,LE,OA,OV,OY,QN,ST,SY,UT,WN&country=IRL&market=gbr&language=en",https://www.royalcaribbean.com/gbr/en/cruises/itinerary/6-night-western-caribbean-from-fort-on-oasis/OA06FLL-74076658?sail-date=2026-01-18&currency=EUR&country=IRL,OA06FLL-74076658,Western Caribbean Cruise,6,Oasis of the Seas,OA,"Fort Lauderdale, Florida",FLL,"Fort Lauderdale, Florida - Nassau, Bahamas - San Juan, Puerto Rico - Puerto Plata, Dominican Republic - Fort Lauderdale, Florida",OA06FLL-74076658-2026-03-01,2026-03-01,Grand Suite 1 Bedroom,2396
2025-11-22T22:09:05.857590,"https://www.royalcaribbean.com/gbr/en/cruises?search=departurePort:BCN,BYE,FLL,LAX,MIA,ROM,SIN,YOK|nights:6~8,9~11,gte12|ship:AL,AN,HM,IC,LE,OA,OV,OY,QN,ST,SY,UT,WN&country=IRL&market=gbr&language=en",https://www.royalcaribbean.com/gbr/en/cruises/itinerary/6-night-western-caribbean-from-fort-on-oasis/OA06FLL-74076658?sail-date=2026-01-18&currency=EUR&country=IRL,OA06FLL-74076658,Western Caribbean Cruise,6,Oasis of the Seas,OA,"Fort Lauderdale, Florida",FLL,"Fort Lauderdale, Florida - Nassau, Bahamas - San Juan, Puerto Rico - Puerto Plata, Dominican Republic - Fort Lauderdale, Florida",OA06FLL-74076658-2026-03-01,2026-03-01,Owners Suite 1 Bedroom,2724
2025-11-22T22:09:05.857590,"https://www.royalcaribbean.com/gbr/en/cruises?search=departurePort:BCN,BYE,FLL,LAX,MIA,ROM,SIN,YOK|nights:6~8,9~11,gte12|ship:AL,AN,HM,IC,LE,OA,OV,OY,QN,ST,SY,UT,WN&country=IRL&market=gbr&language=en",https://www.royalcaribbean.com/gbr/en/cruises/itinerary/6-night-western-caribbean-from-fort-on-oasis/OA06FLL-74076658?sail-date=2026-01-18&currency=EUR&country=IRL,OA06FLL-74076658,Western Caribbean Cruise,6,Oasis of the Seas,OA,"Fort Lauderdale, Florida",FLL,"Fort Lauderdale, Florida - Nassau, Bahamas - San Juan, Puerto Rico - Puerto Plata, Dominican Republic - Fort Lauderdale, Florida",OA06FLL-74076658-2026-03-01,2026-03-01,Aquatheater Suite 1 Bedroom,2845
2025-11-22T22:09:05.857590,"https://www.royalcaribbean.com/gbr/en/cruises?search=departurePort:BCN,BYE,FLL,LAX,MIA,ROM,SIN,YOK|nights:6~8,9~11,gte12|ship:AL,AN,HM,IC,LE,OA,OV,OY,QN,ST,SY,UT,WN&country=IRL&market=gbr&language=en",https://www.royalcaribbean.com/gbr/en/cruises/itinerary/6-night-western-caribbean-from-fort-on-oasis/OA06FLL-74076658?sail-date=2026-01-18&currency=EUR&country=IRL,OA06FLL-74076658,Western Caribbean Cruise,6,Oasis of the Seas,OA,"Fort Lauderdale, Florida",FLL,"Fort Lauderdale, Florida - Nassau, Bahamas - San Juan, Puerto Rico - Puerto Plata, Dominican Republic - Fort Lauderdale, Florida",OA06FLL-74076658-2026-03-01,2026-03-01,Sky Junior Suite,2920
2025-11-22T22:09:05.857590,"https://www.royalcaribbean.com/gbr/en/cruises?search=departurePort:BCN,BYE,FLL,LAX,MIA,ROM,SIN,YOK|nights:6~8,9~11,gte12|ship:AL,AN,HM,IC,LE,OA,OV,OY,QN,ST,SY,UT,WN&country=IRL&market=gbr&language=en",https://www.royalcaribbean.com/gbr/en/cruises/itinerary/6-night-western-caribbean-from-fort-on-oasis/OA06FLL-74076658?sail-date=2026-01-18&currency=EUR&country=IRL,OA06FLL-74076658,Western Caribbean Cruise,6,Oasis of the Seas,OA,"Fort Lauderdale, Florida",FLL,"Fort Lauderdale, Florida - Nassau, Bahamas - San Juan, Puerto Rico - Puerto Plata, Dominican Republic - Fort Lauderdale, Florida",OA06FLL-74076658-2026-03-01,2026-03-01,Spacious Aquatheater Suite 1 Bedroom,3136
2025-11-22T22:09:05.857590,"https://www.royalcaribbean.com/gbr/en/cruises?search=departurePort:BCN,BYE,FLL,LAX,MIA,ROM,SIN,YOK|nights:6~8,9~11,gte12|ship:AL,AN,HM,IC,LE,OA,OV,OY,QN,ST,SY,UT,WN&country=IRL&market=gbr&language=en",https://www.royalcaribbean.com/gbr/en/cruises/itinerary/6-night-western-caribbean-from-fort-on-oasis/OA06FLL-74076658?sail-date=2026-01-18&currency=EUR&country=IRL,OA06FLL-74076658,Western Caribbean Cruise,6,Oasis of the Seas,OA,"Fort Lauderdale, Florida",FLL,"Fort Lauderdale, Florida - Nassau, Bahamas - San Juan, Puerto Rico - Puerto Plata, Dominican Republic - Fort Lauderdale, Florida",OA06FLL-74076658-2026-03-01,2026-03-01,Ultimate Panoramic Suite,5366
2025-11-22T22:09:05.857590,"https://www.royalcaribbean.com/gbr/en/cruises?search=departurePort:BCN,BYE,FLL,LAX,MIA,ROM,SIN,YOK|nights:6~8,9~11,gte12|ship:AL,AN,HM,IC,LE,OA,OV,OY,QN,ST,SY,UT,WN&country=IRL&market=gbr&language=en",https://www.royalcaribbean.com/gbr/en/cruises/itinerary/6-night-western-caribbean-from-fort-on-oasis/OA06FLL-74076658?sail-date=2026-01-18&currency=EUR&country=IRL,OA06FLL-74076658,Western Caribbean Cruise,6,Oasis of the Seas,OA,"Fort Lauderdale, Florida",FLL,"Fort Lauderdale, Florida - Nassau, Bahamas - San Juan, Puerto Rico - Puerto Plata, Dominican Republic - Fort Lauderdale, Florida",OA06FLL-74076658-2026-03-01,2026-03-01,Aquatheater Suite With Large Balcony 2 Bedrooms,6370
2025-11-22T22:09:05.857590,"https://www.royalcaribbean.com/gbr/en/cruises?search=departurePort:BCN,BYE,FLL,LAX,MIA,ROM,SIN,YOK|nights:6~8,9~11,gte12|ship:AL,AN,HM,IC,LE,OA,OV,OY,QN,ST,SY,UT,WN&country=IRL&market=gbr&language=en",https://www.royalcaribbean.com/gbr/en/cruises/itinerary/6-night-western-caribbean-from-fort-on-oasis/OA06FLL-74076658?sail-date=2026-01-18&currency=EUR&country=IRL,OA06FLL-74076658,Western Caribbean Cruise,6,Oasis of the Seas,OA,"Fort Lauderdale, Florida",FLL,"Fort Lauderdale, Florida - Nassau, Bahamas - San Juan, Puerto Rico - Puerto Plata, Dominican Republic - Fort Lauderdale, Florida",OA06FLL-74076658-2026-03-01,2026-03-01,Star Loft Suite,6971
2025-11-22T22:09:05.857590,"https://www.royalcaribbean.com/gbr/en/cruises?search=departurePort:BCN,BYE,FLL,LAX,MIA,ROM,SIN,YOK|nights:6~8,9~11,gte12|ship:AL,AN,HM,IC,LE,OA,OV,OY,QN,ST,SY,UT,WN&country=IRL&market=gbr&language=en",https://www.royalcaribbean.com/gbr/en/cruises/itinerary/6-night-western-caribbean-from-fort-on-oasis/OA06FLL-74076658?sail-date=2026-01-18&currency=EUR&country=IRL,OA06FLL-74076658,Western Caribbean Cruise,6,Oasis of the Seas,OA,"Fort Lauderdale, Florida",FLL,"Fort Lauderdale, Florida - Nassau, Bahamas - San Juan, Puerto Rico - Puerto Plata, Dominican Republic - Fort Lauderdale, Florida",OA06FLL-74076658-2026-03-15,2026-03-15,Interior,950
2025-11-22T22:09:05.857590,"https://www.royalcaribbean.com/gbr/en/cruises?search=departurePort:BCN,BYE,FLL,LAX,MIA,ROM,SIN,YOK|nights:6~8,9~11,gte12|ship:AL,AN,HM,IC,LE,OA,OV,OY,QN,ST,SY,UT,WN&country=IRL&market=gbr&language=en",https://www.royalcaribbean.com/gbr/en/cruises/itinerary/6-night-western-caribbean-from-fort-on-oasis/OA06FLL-74076658?sail-date=2026-01-18&currency=EUR&country=IRL,OA06FLL-74076658,Western Caribbean Cruise,6,Oasis of the Seas,OA,"Fort Lauderdale, Florida",FLL,"Fort Lauderdale, Florida - Nassau, Bahamas - San Juan, Puerto Rico - Puerto Plata, Dominican Republic - Fort Lauderdale, Florida",OA06FLL-74076658-2026-03-15,2026-03-15,Ocean View,1430
2025-11-22T22:09:05.857590,"https://www.royalcaribbean.com/gbr/en/cruises?search=departurePort:BCN,BYE,FLL,LAX,MIA,ROM,SIN,YOK|nights:6~8,9~11,gte12|ship:AL,AN,HM,IC,LE,OA,OV,OY,QN,ST,SY,UT,WN&country=IRL&market=gbr&language=en",https://www.royalcaribbean.com/gbr/en/cruises/itinerary/6-night-western-caribbean-from-fort-on-oasis/OA06FLL-74076658?sail-date=2026-01-18&currency=EUR&country=IRL,OA06FLL-74076658,Western Caribbean Cruise,6,Oasis of the Seas,OA,"Fort Lauderdale, Florida",FLL,"Fort Lauderdale, Florida - Nassau, Bahamas - San Juan, Puerto Rico - Puerto Plata, Dominican Republic - Fort Lauderdale, Florida",OA06FLL-74076658-2026-03-15,2026-03-15,Balcony,1118
2025-11-22T22:09:05.857590,"https://www.royalcaribbean.com/gbr/en/cruises?search=departurePort:BCN,BYE,FLL,LAX,MIA,ROM,SIN,YOK|nights:6~8,9~11,gte12|ship:AL,AN,HM,IC,LE,OA,OV,OY,QN,ST,SY,UT,WN&country=IRL&market=gbr&language=en",https://www.royalcaribbean.com/gbr/en/cruises/itinerary/6-night-western-caribbean-from-fort-on-oasis/OA06FLL-74076658?sail-date=2026-01-18&currency=EUR&country=IRL,OA06FLL-74076658,Western Caribbean Cruise,6,Oasis of the Seas,OA,"Fort Lauderdale, Florida",FLL,"Fort Lauderdale, Florida - Nassau, Bahamas - San Juan, Puerto Rico - Puerto Plata, Dominican Republic - Fort Lauderdale, Florida",OA06FLL-74076658-2026-03-15,2026-03-15,Suite Guarantee,3586
2025-11-22T22:09:05.857590,"https://www.royalcaribbean.com/gbr/en/cruises?search=departurePort:BCN,BYE,FLL,LAX,MIA,ROM,SIN,YOK|nights:6~8,9~11,gte12|ship:AL,AN,HM,IC,LE,OA,OV,OY,QN,ST,SY,UT,WN&country=IRL&market=gbr&language=en",https://www.royalcaribbean.com/gbr/en/cruises/itinerary/6-night-western-caribbean-from-fort-on-oasis/OA06FLL-74076658?sail-date=2026-01-18&currency=EUR&country=IRL,OA06FLL-74076658,Western Caribbean Cruise,6,Oasis of the Seas,OA,"Fort Lauderdale, Florida",FLL,"Fort Lauderdale, Florida - Nassau, Bahamas - San Juan, Puerto Rico - Puerto Plata, Dominican Republic - Fort Lauderdale, Florida",OA06FLL-74076658-2026-03-15,2026-03-15,Grand Suite 1 Bedroom,2396
2025-11-22T22:09:05.857590,"https://www.royalcaribbean.com/gbr/en/cruises?search=departurePort:BCN,BYE,FLL,LAX,MIA,ROM,SIN,YOK|nights:6~8,9~11,gte12|ship:AL,AN,HM,IC,LE,OA,OV,OY,QN,ST,SY,UT,WN&country=IRL&market=gbr&language=en",https://www.royalcaribbean.com/gbr/en/cruises/itinerary/6-night-western-caribbean-from-fort-on-oasis/OA06FLL-74076658?sail-date=2026-01-18&currency=EUR&country=IRL,OA06FLL-74076658,Western Caribbean Cruise,6,Oasis of the Seas,OA,"Fort Lauderdale, Florida",FLL,"Fort Lauderdale, Florida - Nassau, Bahamas - San Juan, Puerto Rico - Puerto Plata, Dominican Republic - Fort Lauderdale, Florida",OA06FLL-74076658-2026-03-15,2026-03-15,Owners Suite 1 Bedroom,2724
2025-11-22T22:09:05.857590,"https://www.royalcaribbean.com/gbr/en/cruises?search=departurePort:BCN,BYE,FLL,LAX,MIA,ROM,SIN,YOK|nights:6~8,9~11,gte12|ship:AL,AN,HM,IC,LE,OA,OV,OY,QN,ST,SY,UT,WN&country=IRL&market=gbr&language=en",https://www.royalcaribbean.com/gbr/en/cruises/itinerary/6-night-western-caribbean-from-fort-on-oasis/OA06FLL-74076658?sail-date=2026-01-18&currency=EUR&country=IRL,OA06FLL-74076658,Western Caribbean Cruise,6,Oasis of the Seas,OA,"Fort Lauderdale, Florida",FLL,"Fort Lauderdale, Florida - Nassau, Bahamas - San Juan, Puerto Rico - Puerto Plata, Dominican Republic - Fort Lauderdale, Florida",OA06FLL-74076658-2026-03-15,2026-03-15,Aquatheater Suite 1 Bedroom,2845
2025-11-22T22:09:05.857590,"https://www.royalcaribbean.com/gbr/en/cruises?search=departurePort:BCN,BYE,FLL,LAX,MIA,ROM,SIN,YOK|nights:6~8,9~11,gte12|ship:AL,AN,HM,IC,LE,OA,OV,OY,QN,ST,SY,UT,WN&country=IRL&market=gbr&language=en",https://www.royalcaribbean.com/gbr/en/cruises/itinerary/6-night-western-caribbean-from-fort-on-oasis/OA06FLL-74076658?sail-date=2026-01-18&currency=EUR&country=IRL,OA06FLL-74076658,Western Caribbean Cruise,6,Oasis of the Seas,OA,"Fort Lauderdale, Florida",FLL,"Fort Lauderdale, Florida - Nassau, Bahamas - San Juan, Puerto Rico - Puerto Plata, Dominican Republic - Fort Lauderdale, Florida",OA06FLL-74076658-2026-03-15,2026-03-15,Sky Junior Suite,2920
2025-11-22T22:09:05.857590,"https://www.royalcaribbean.com/gbr/en/cruises?search=departurePort:BCN,BYE,FLL,LAX,MIA,ROM,SIN,YOK|nights:6~8,9~11,gte12|ship:AL,AN,HM,IC,LE,OA,OV,OY,QN,ST,SY,UT,WN&country=IRL&market=gbr&language=en",https://www.royalcaribbean.com/gbr/en/cruises/itinerary/6-night-western-caribbean-from-fort-on-oasis/OA06FLL-74076658?sail-date=2026-01-18&currency=EUR&country=IRL,OA06FLL-74076658,Western Caribbean Cruise,6,Oasis of the Seas,OA,"Fort Lauderdale, Florida",FLL,"Fort Lauderdale, Florida - Nassau, Bahamas - San Juan, Puerto Rico - Puerto Plata, Dominican Republic - Fort Lauderdale, Florida",OA06FLL-74076658-2026-03-15,2026-03-15,Spacious Aquatheater Suite 1 Bedroom,3136
2025-11-22T22:09:05.857590,"https://www.royalcaribbean.com/gbr/en/cruises?search=departurePort:BCN,BYE,FLL,LAX,MIA,ROM,SIN,YOK|nights:6~8,9~11,gte12|ship:AL,AN,HM,IC,LE,OA,OV,OY,QN,ST,SY,UT,WN&country=IRL&market=gbr&language=en",https://www.royalcaribbean.com/gbr/en/cruises/itinerary/6-night-western-caribbean-from-fort-on-oasis/OA06FLL-74076658?sail-date=2026-01-18&currency=EUR&country=IRL,OA06FLL-74076658,Western Caribbean Cruise,6,Oasis of the Seas,OA,"Fort Lauderdale, Florida",FLL,"Fort Lauderdale, Florida - Nassau, Bahamas - San Juan, Puerto Rico - Puerto Plata, Dominican Republic - Fort Lauderdale, Florida",OA06FLL-74076658-2026-03-15,2026-03-15,Ultimate Panoramic Suite,5366
2025-11-22T22:09:05.857590,"https://www.royalcaribbean.com/gbr/en/cruises?search=departurePort:BCN,BYE,FLL,LAX,MIA,ROM,SIN,YOK|nights:6~8,9~11,gte12|ship:AL,AN,HM,IC,LE,OA,OV,OY,QN,ST,SY,UT,WN&country=IRL&market=gbr&language=en",https://www.royalcaribbean.com/gbr/en/cruises/itinerary/6-night-western-caribbean-from-fort-on-oasis/OA06FLL-74076658?sail-date=2026-01-18&currency=EUR&country=IRL,OA06FLL-74076658,Western Caribbean Cruise,6,Oasis of the Seas,OA,"Fort Lauderdale, Florida",FLL,"Fort Lauderdale, Florida - Nassau, Bahamas - San Juan, Puerto Rico - Puerto Plata, Dominican Republic - Fort Lauderdale, Florida",OA06FLL-74076658-2026-03-15,2026-03-15,Aquatheater Suite With Large Balcony 2 Bedrooms,6370
2025-11-22T22:09:05.857590,"https://www.royalcaribbean.com/gbr/en/cruises?search=departurePort:BCN,BYE,FLL,LAX,MIA,ROM,SIN,YOK|nights:6~8,9~11,gte12|ship:AL,AN,HM,IC,LE,OA,OV,OY,QN,ST,SY,UT,WN&country=IRL&market=gbr&language=en",https://www.royalcaribbean.com/gbr/en/cruises/itinerary/6-night-western-caribbean-from-fort-on-oasis/OA06FLL-74076658?sail-date=2026-01-18&currency=EUR&country=IRL,OA06FLL-74076658,Western Caribbean Cruise,6,Oasis of the Seas,OA,"Fort Lauderdale, Florida",FLL,"Fort Lauderdale, Florida - Nassau, Bahamas - San Juan, Puerto Rico - Puerto Plata, Dominican Republic - Fort Lauderdale, Florida",OA06FLL-74076658-2026-03-15,2026-03-15,Star Loft Suite,6971
2025-11-22T22:09:05.857590,"https://www.royalcaribbean.com/gbr/en/cruises?search=departurePort:BCN,BYE,FLL,LAX,MIA,ROM,SIN,YOK|nights:6~8,9~11,gte12|ship:AL,AN,HM,IC,LE,OA,OV,OY,QN,ST,SY,UT,WN&country=IRL&market=gbr&language=en",https://www.royalcaribbean.com/gbr/en/cruises/itinerary/6-night-western-caribbean-from-fort-on-oasis/OA06FLL-74076658?sail-date=2026-01-18&currency=EUR&country=IRL,OA06FLL-74076658,Western Caribbean Cruise,6,Oasis of the Seas,OA,"Fort Lauderdale, Florida",FLL,"Fort Lauderdale, Florida - Nassau, Bahamas - San Juan, Puerto Rico - Puerto Plata, Dominican Republic - Fort Lauderdale, Florida",OA06FLL-74076658-2026-03-29,2026-03-29,Interior,794
2025-11-22T22:09:05.857590,"https://www.royalcaribbean.com/gbr/en/cruises?search=departurePort:BCN,BYE,FLL,LAX,MIA,ROM,SIN,YOK|nights:6~8,9~11,gte12|ship:AL,AN,HM,IC,LE,OA,OV,OY,QN,ST,SY,UT,WN&country=IRL&market=gbr&language=en",https://www.royalcaribbean.com/gbr/en/cruises/itinerary/6-night-western-caribbean-from-fort-on-oasis/OA06FLL-74076658?sail-date=2026-01-18&currency=EUR&country=IRL,OA06FLL-74076658,Western Caribbean Cruise,6,Oasis of the Seas,OA,"Fort Lauderdale, Florida",FLL,"Fort Lauderdale, Florida - Nassau, Bahamas - San Juan, Puerto Rico - Puerto Plata, Dominican Republic - Fort Lauderdale, Florida",OA06FLL-74076658-2026-03-29,2026-03-29,Ocean View,1089
2025-11-22T22:09:05.857590,"https://www.royalcaribbean.com/gbr/en/cruises?search=departurePort:BCN,BYE,FLL,LAX,MIA,ROM,SIN,YOK|nights:6~8,9~11,gte12|ship:AL,AN,HM,IC,LE,OA,OV,OY,QN,ST,SY,UT,WN&country=IRL&market=gbr&language=en",https://www.royalcaribbean.com/gbr/en/cruises/itinerary/6-night-western-caribbean-from-fort-on-oasis/OA06FLL-74076658?sail-date=2026-01-18&currency=EUR&country=IRL,OA06FLL-74076658,Western Caribbean Cruise,6,Oasis of the Seas,OA,"Fort Lauderdale, Florida",FLL,"Fort Lauderdale, Florida - Nassau, Bahamas - San Juan, Puerto Rico - Puerto Plata, Dominican Republic - Fort Lauderdale, Florida",OA06FLL-74076658-2026-03-29,2026-03-29,Balcony,1013
2025-11-22T22:09:05.857590,"https://www.royalcaribbean.com/gbr/en/cruises?search=departurePort:BCN,BYE,FLL,LAX,MIA,ROM,SIN,YOK|nights:6~8,9~11,gte12|ship:AL,AN,HM,IC,LE,OA,OV,OY,QN,ST,SY,UT,WN&country=IRL&market=gbr&language=en",https://www.royalcaribbean.com/gbr/en/cruises/itinerary/6-night-western-caribbean-from-fort-on-oasis/OA06FLL-74076658?sail-date=2026-01-18&currency=EUR&country=IRL,OA06FLL-74076658,Western Caribbean Cruise,6,Oasis of the Seas,OA,"Fort Lauderdale, Florida",FLL,"Fort Lauderdale, Florida - Nassau, Bahamas - San Juan, Puerto Rico - Puerto Plata, Dominican Republic - Fort Lauderdale, Florida",OA06FLL-74076658-2026-03-29,2026-03-29,Suite Guarantee,2410
2025-11-22T22:09:05.857590,"https://www.royalcaribbean.com/gbr/en/cruises?search=departurePort:BCN,BYE,FLL,LAX,MIA,ROM,SIN,YOK|nights:6~8,9~11,gte12|ship:AL,AN,HM,IC,LE,OA,OV,OY,QN,ST,SY,UT,WN&country=IRL&market=gbr&language=en",https://www.royalcaribbean.com/gbr/en/cruises/itinerary/6-night-western-caribbean-from-fort-on-oasis/OA06FLL-74076658?sail-date=2026-01-18&currency=EUR&country=IRL,OA06FLL-74076658,Western Caribbean Cruise,6,Oasis of the Seas,OA,"Fort Lauderdale, Florida",FLL,"Fort Lauderdale, Florida - Nassau, Bahamas - San Juan, Puerto Rico - Puerto Plata, Dominican Republic - Fort Lauderdale, Florida",OA06FLL-74076658-2026-03-29,2026-03-29,Grand Suite 1 Bedroom,2396
2025-11-22T22:09:05.857590,"https://www.royalcaribbean.com/gbr/en/cruises?search=departurePort:BCN,BYE,FLL,LAX,MIA,ROM,SIN,YOK|nights:6~8,9~11,gte12|ship:AL,AN,HM,IC,LE,OA,OV,OY,QN,ST,SY,UT,WN&country=IRL&market=gbr&language=en",https://www.royalcaribbean.com/gbr/en/cruises/itinerary/6-night-western-caribbean-from-fort-on-oasis/OA06FLL-74076658?sail-date=2026-01-18&currency=EUR&country=IRL,OA06FLL-74076658,Western Caribbean Cruise,6,Oasis of the Seas,OA,"Fort Lauderdale, Florida",FLL,"Fort Lauderdale, Florida - Nassau, Bahamas - San Juan, Puerto Rico - Puerto Plata, Dominican Republic - Fort Lauderdale, Florida",OA06FLL-74076658-2026-03-29,2026-03-29,Owners Suite 1 Bedroom,2724
2025-11-22T22:09:05.857590,"https://www.royalcaribbean.com/gbr/en/cruises?search=departurePort:BCN,BYE,FLL,LAX,MIA,ROM,SIN,YOK|nights:6~8,9~11,gte12|ship:AL,AN,HM,IC,LE,OA,OV,OY,QN,ST,SY,UT,WN&country=IRL&market=gbr&language=en",https://www.royalcaribbean.com/gbr/en/cruises/itinerary/6-night-western-caribbean-from-fort-on-oasis/OA06FLL-74076658?sail-date=2026-01-18&currency=EUR&country=IRL,OA06FLL-74076658,Western Caribbean Cruise,6,Oasis of the Seas,OA,"Fort Lauderdale, Florida",FLL,"Fort Lauderdale, Florida - Nassau, Bahamas - San Juan, Puerto Rico - Puerto Plata, Dominican Republic - Fort Lauderdale, Florida",OA06FLL-74076658-2026-03-29,2026-03-29,Aquatheater Suite 1 Bedroom,2845
2025-11-22T22:09:05.857590,"https://www.royalcaribbean.com/gbr/en/cruises?search=departurePort:BCN,BYE,FLL,LAX,MIA,ROM,SIN,YOK|nights:6~8,9~11,gte12|ship:AL,AN,HM,IC,LE,OA,OV,OY,QN,ST,SY,UT,WN&country=IRL&market=gbr&language=en",https://www.royalcaribbean.com/gbr/en/cruises/itinerary/6-night-western-caribbean-from-fort-on-oasis/OA06FLL-74076658?sail-date=2026-01-18&currency=EUR&country=IRL,OA06FLL-74076658,Western Caribbean Cruise,6,Oasis of the Seas,OA,"Fort Lauderdale, Florida",FLL,"Fort Lauderdale, Florida - Nassau, Bahamas - San Juan, Puerto Rico - Puerto Plata, Dominican Republic - Fort Lauderdale, Florida",OA06FLL-74076658-2026-03-29,2026-03-29,Sky Junior Suite,2920
2025-11-22T22:09:05.857590,"https://www.royalcaribbean.com/gbr/en/cruises?search=departurePort:BCN,BYE,FLL,LAX,MIA,ROM,SIN,YOK|nights:6~8,9~11,gte12|ship:AL,AN,HM,IC,LE,OA,OV,OY,QN,ST,SY,UT,WN&country=IRL&market=gbr&language=en",https://www.royalcaribbean.com/gbr/en/cruises/itinerary/6-night-western-caribbean-from-fort-on-oasis/OA06FLL-74076658?sail-date=2026-01-18&currency=EUR&country=IRL,OA06FLL-74076658,Western Caribbean Cruise,6,Oasis of the Seas,OA,"Fort Lauderdale, Florida",FLL,"Fort Lauderdale, Florida - Nassau, Bahamas - San Juan, Puerto Rico - Puerto Plata, Dominican Republic - Fort Lauderdale, Florida",OA06FLL-74076658-2026-03-29,2026-03-29,Spacious Aquatheater Suite 1 Bedroom,3136
2025-11-22T22:09:05.857590,"https://www.royalcaribbean.com/gbr/en/cruises?search=departurePort:BCN,BYE,FLL,LAX,MIA,ROM,SIN,YOK|nights:6~8,9~11,gte12|ship:AL,AN,HM,IC,LE,OA,OV,OY,QN,ST,SY,UT,WN&country=IRL&market=gbr&language=en",https://www.royalcaribbean.com/gbr/en/cruises/itinerary/6-night-western-caribbean-from-fort-on-oasis/OA06FLL-74076658?sail-date=2026-01-18&currency=EUR&country=IRL,OA06FLL-74076658,Western Caribbean Cruise,6,Oasis of the Seas,OA,"Fort Lauderdale, Florida",FLL,"Fort Lauderdale, Florida - Nassau, Bahamas - San Juan, Puerto Rico - Puerto Plata, Dominican Republic - Fort Lauderdale, Florida",OA06FLL-74076658-2026-03-29,2026-03-29,Ultimate Panoramic Suite,5366
2025-11-22T22:09:05.857590,"https://www.royalcaribbean.com/gbr/en/cruises?search=departurePort:BCN,BYE,FLL,LAX,MIA,ROM,SIN,YOK|nights:6~8,9~11,gte12|ship:AL,AN,HM,IC,LE,OA,OV,OY,QN,ST,SY,UT,WN&country=IRL&market=gbr&language=en",https://www.royalcaribbean.com/gbr/en/cruises/itinerary/6-night-western-caribbean-from-fort-on-oasis/OA06FLL-74076658?sail-date=2026-01-18&currency=EUR&country=IRL,OA06FLL-74076658,Western Caribbean Cruise,6,Oasis of the Seas,OA,"Fort Lauderdale, Florida",FLL,"Fort Lauderdale, Florida - Nassau, Bahamas - San Juan, Puerto Rico - Puerto Plata, Dominican Republic - Fort Lauderdale, Florida",OA06FLL-74076658-2026-03-29,2026-03-29,Aquatheater Suite With Large Balcony 2 Bedrooms,6370
2025-11-22T22:09:05.857590,"https://www.royalcaribbean.com/gbr/en/cruises?search=departurePort:BCN,BYE,FLL,LAX,MIA,ROM,SIN,YOK|nights:6~8,9~11,gte12|ship:AL,AN,HM,IC,LE,OA,OV,OY,QN,ST,SY,UT,WN&country=IRL&market=gbr&language=en",https://www.royalcaribbean.com/gbr/en/cruises/itinerary/6-night-western-caribbean-from-fort-on-oasis/OA06FLL-74076658?sail-date=2026-01-18&currency=EUR&country=IRL,OA06FLL-74076658,Western Caribbean Cruise,6,Oasis of the Seas,OA,"Fort Lauderdale, Florida",FLL,"Fort Lauderdale, Florida - Nassau, Bahamas - San Juan, Puerto Rico - Puerto Plata, Dominican Republic - Fort Lauderdale, Florida",OA06FLL-74076658-2026-03-29,2026-03-29,Star Loft Suite,6971
2025-11-22T22:09:05.857590,"https://www.royalcaribbean.com/gbr/en/cruises?search=departurePort:BCN,BYE,FLL,LAX,MIA,ROM,SIN,YOK|nights:6~8,9~11,gte12|ship:AL,AN,HM,IC,LE,OA,OV,OY,QN,ST,SY,UT,WN&country=IRL&market=gbr&language=en",https://www.royalcaribbean.com/gbr/en/cruises/itinerary/7-night-western-mediterranean-from-barcelona-on-harmony/HM07BCN-1495935620?sail-date=2026-05-31&currency=EUR&country=IRL,HM07BCN-1495935620,Western Mediterranean Cruise,7,Harmony of the Seas,HM,"Barcelona, Spain",BCN,"Barcelona, Spain - Palma de Mallorca, Spain - Provence (Marseille), France - Florence/Pisa (La Spezia), Italy - Rome (Civitavecchia), Italy - Naples/Capri, Italy - Barcelona, Spain",HM07BCN-1495935620-2026-05-31,2026-05-31,Interior,1182
2025-11-22T22:09:05.857590,"https://www.royalcaribbean.com/gbr/en/cruises?search=departurePort:BCN,BYE,FLL,LAX,MIA,ROM,SIN,YOK|nights:6~8,9~11,gte12|ship:AL,AN,HM,IC,LE,OA,OV,OY,QN,ST,SY,UT,WN&country=IRL&market=gbr&language=en",https://www.royalcaribbean.com/gbr/en/cruises/itinerary/7-night-western-mediterranean-from-barcelona-on-harmony/HM07BCN-1495935620?sail-date=2026-05-31&currency=EUR&country=IRL,HM07BCN-1495935620,Western Mediterranean Cruise,7,Harmony of the Seas,HM,"Barcelona, Spain",BCN,"Barcelona, Spain - Palma de Mallorca, Spain - Provence (Marseille), France - Florence/Pisa (La Spezia), Italy - Rome (Civitavecchia), Italy - Naples/Capri, Italy - Barcelona, Spain",HM07BCN-1495935620-2026-05-31,2026-05-31,Ocean View,1370
2025-11-22T22:09:05.857590,"https://www.royalcaribbean.com/gbr/en/cruises?search=departurePort:BCN,BYE,FLL,LAX,MIA,ROM,SIN,YOK|nights:6~8,9~11,gte12|ship:AL,AN,HM,IC,LE,OA,OV,OY,QN,ST,SY,UT,WN&country=IRL&market=gbr&language=en",https://www.royalcaribbean.com/gbr/en/cruises/itinerary/7-night-western-mediterranean-from-barcelona-on-harmony/HM07BCN-1495935620?sail-date=2026-05-31&currency=EUR&country=IRL,HM07BCN-1495935620,Western Mediterranean Cruise,7,Harmony of the Seas,HM,"Barcelona, Spain",BCN,"Barcelona, Spain - Palma de Mallorca, Spain - Provence (Marseille), France - Florence/Pisa (La Spezia), Italy - Rome (Civitavecchia), Italy - Naples/Capri, Italy - Barcelona, Spain",HM07BCN-1495935620-2026-05-31,2026-05-31,Balcony,1374
2025-11-22T22:09:05.857590,"https://www.royalcaribbean.com/gbr/en/cruises?search=departurePort:BCN,BYE,FLL,LAX,MIA,ROM,SIN,YOK|nights:6~8,9~11,gte12|ship:AL,AN,HM,IC,LE,OA,OV,OY,QN,ST,SY,UT,WN&country=IRL&market=gbr&language=en",https://www.royalcaribbean.com/gbr/en/cruises/itinerary/7-night-western-mediterranean-from-barcelona-on-harmony/HM07BCN-1495935620?sail-date=2026-05-31&currency=EUR&country=IRL,HM07BCN-1495935620,Western Mediterranean Cruise,7,Harmony of the Seas,HM,"Barcelona, Spain",BCN,"Barcelona, Spain - Palma de Mallorca, Spain - Provence (Marseille), France - Florence/Pisa (La Spezia), Italy - Rome (Civitavecchia), Italy - Naples/Capri, Italy - Barcelona, Spain",HM07BCN-1495935620-2026-05-31,2026-05-31,Suite Guarantee,3150
2025-11-22T22:09:05.857590,"https://www.royalcaribbean.com/gbr/en/cruises?search=departurePort:BCN,BYE,FLL,LAX,MIA,ROM,SIN,YOK|nights:6~8,9~11,gte12|ship:AL,AN,HM,IC,LE,OA,OV,OY,QN,ST,SY,UT,WN&country=IRL&market=gbr&language=en",https://www.royalcaribbean.com/gbr/en/cruises/itinerary/7-night-western-mediterranean-from-barcelona-on-harmony/HM07BCN-1495935620?sail-date=2026-05-31&currency=EUR&country=IRL,HM07BCN-1495935620,Western Mediterranean Cruise,7,Harmony of the Seas,HM,"Barcelona, Spain",BCN,"Barcelona, Spain - Palma de Mallorca, Spain - Provence (Marseille), France - Florence/Pisa (La Spezia), Italy - Rome (Civitavecchia), Italy - Naples/Capri, Italy - Barcelona, Spain",HM07BCN-1495935620-2026-05-31,2026-05-31,We Choose Your Suite,3150
2025-11-22T22:09:05.857590,"https://www.royalcaribbean.com/gbr/en/cruises?search=departurePort:BCN,BYE,FLL,LAX,MIA,ROM,SIN,YOK|nights:6~8,9~11,gte12|ship:AL,AN,HM,IC,LE,OA,OV,OY,QN,ST,SY,UT,WN&country=IRL&market=gbr&language=en",https://www.royalcaribbean.com/gbr/en/cruises/itinerary/7-night-western-mediterranean-from-barcelona-on-harmony/HM07BCN-1495935620?sail-date=2026-05-31&currency=EUR&country=IRL,HM07BCN-1495935620,Western Mediterranean Cruise,7,Harmony of the Seas,HM,"Barcelona, Spain",BCN,"Barcelona, Spain - Palma de Mallorca, Spain - Provence (Marseille), France - Florence/Pisa (La Spezia), Italy - Rome (Civitavecchia), Italy - Naples/Capri, Italy - Barcelona, Spain",HM07BCN-1495935620-2026-05-31,2026-05-31,Junior Suite,3476
2025-11-22T22:09:05.857590,"https://www.royalcaribbean.com/gbr/en/cruises?search=departurePort:BCN,BYE,FLL,LAX,MIA,ROM,SIN,YOK|nights:6~8,9~11,gte12|ship:AL,AN,HM,IC,LE,OA,OV,OY,QN,ST,SY,UT,WN&country=IRL&market=gbr&language=en",https://www.royalcaribbean.com/gbr/en/cruises/itinerary/7-night-western-mediterranean-from-barcelona-on-harmony/HM07BCN-1495935620?sail-date=2026-05-31&currency=EUR&country=IRL,HM07BCN-1495935620,Western Mediterranean Cruise,7,Harmony of the Seas,HM,"Barcelona, Spain",BCN,"Barcelona, Spain - Palma de Mallorca, Spain - Provence (Marseille), France - Florence/Pisa (La Spezia), Italy - Rome (Civitavecchia), Italy - Naples/Capri, Italy - Barcelona, Spain",HM07BCN-1495935620-2026-05-31,2026-05-31,Sky Junior Suite,3974
2025-11-22T22:09:05.857590,"https://www.royalcaribbean.com/gbr/en/cruises?search=departurePort:BCN,BYE,FLL,LAX,MIA,ROM,SIN,YOK|nights:6~8,9~11,gte12|ship:AL,AN,HM,IC,LE,OA,OV,OY,QN,ST,SY,UT,WN&country=IRL&market=gbr&language=en",https://www.royalcaribbean.com/gbr/en/cruises/itinerary/7-night-western-mediterranean-from-barcelona-on-harmony/HM07BCN-1495935620?sail-date=2026-05-31&currency=EUR&country=IRL,HM07BCN-1495935620,Western Mediterranean Cruise,7,Harmony of the Seas,HM,"Barcelona, Spain",BCN,"Barcelona, Spain - Palma de Mallorca, Spain - Provence (Marseille), France - Florence/Pisa (La Spezia), Italy - Rome (Civitavecchia), Italy - Naples/Capri, Italy - Barcelona, Spain",HM07BCN-1495935620-2026-05-31,2026-05-31,Grand Suite 1 Bedroom,4967
2025-11-22T22:09:05.857590,"https://www.royalcaribbean.com/gbr/en/cruises?search=departurePort:BCN,BYE,FLL,LAX,MIA,ROM,SIN,YOK|nights:6~8,9~11,gte12|ship:AL,AN,HM,IC,LE,OA,OV,OY,QN,ST,SY,UT,WN&country=IRL&market=gbr&language=en",https://www.royalcaribbean.com/gbr/en/cruises/itinerary/7-night-western-mediterranean-from-barcelona-on-harmony/HM07BCN-1495935620?sail-date=2026-05-31&currency=EUR&country=IRL,HM07BCN-1495935620,Western Mediterranean Cruise,7,Harmony of the Seas,HM,"Barcelona, Spain",BCN,"Barcelona, Spain - Palma de Mallorca, Spain - Provence (Marseille), France - Florence/Pisa (La Spezia), Italy - Rome (Civitavecchia), Italy - Naples/Capri, Italy - Barcelona, Spain",HM07BCN-1495935620-2026-05-31,2026-05-31,Crown Loft Suite,5215
2025-11-22T22:09:05.857590,"https://www.royalcaribbean.com/gbr/en/cruises?search=departurePort:BCN,BYE,FLL,LAX,MIA,ROM,SIN,YOK|nights:6~8,9~11,gte12|ship:AL,AN,HM,IC,LE,OA,OV,OY,QN,ST,SY,UT,WN&country=IRL&market=gbr&language=en",https://www.royalcaribbean.com/gbr/en/cruises/itinerary/7-night-western-mediterranean-from-barcelona-on-harmony/HM07BCN-1495935620?sail-date=2026-05-31&currency=EUR&country=IRL,HM07BCN-1495935620,Western Mediterranean Cruise,7,Harmony of the Seas,HM,"Barcelona, Spain",BCN,"Barcelona, Spain - Palma de Mallorca, Spain - Provence (Marseille), France - Florence/Pisa (La Spezia), Italy - Rome (Civitavecchia), Italy - Naples/Capri, Italy - Barcelona, Spain",HM07BCN-1495935620-2026-05-31,2026-05-31,Owners Suite 1 Bedroom,5738
2025-11-22T22:09:05.857590,"https://www.royalcaribbean.com/gbr/en/cruises?search=departurePort:BCN,BYE,FLL,LAX,MIA,ROM,SIN,YOK|nights:6~8,9~11,gte12|ship:AL,AN,HM,IC,LE,OA,OV,OY,QN,ST,SY,UT,WN&country=IRL&market=gbr&language=en",https://www.royalcaribbean.com/gbr/en/cruises/itinerary/7-night-western-mediterranean-from-barcelona-on-harmony/HM07BCN-1495935620?sail-date=2026-05-31&currency=EUR&country=IRL,HM07BCN-1495935620,Western Mediterranean Cruise,7,Harmony of the Seas,HM,"Barcelona, Spain",BCN,"Barcelona, Spain - Palma de Mallorca, Spain - Provence (Marseille), France - Florence/Pisa (La Spezia), Italy - Rome (Civitavecchia), Italy - Naples/Capri, Italy - Barcelona, Spain",HM07BCN-1495935620-2026-05-31,2026-05-31,Spacious Aquatheater Suite 1 Bedroom,6199
2025-11-22T22:09:05.857590,"https://www.royalcaribbean.com/gbr/en/cruises?search=departurePort:BCN,BYE,FLL,LAX,MIA,ROM,SIN,YOK|nights:6~8,9~11,gte12|ship:AL,AN,HM,IC,LE,OA,OV,OY,QN,ST,SY,UT,WN&country=IRL&market=gbr&language=en",https://www.royalcaribbean.com/gbr/en/cruises/itinerary/7-night-western-mediterranean-from-barcelona-on-harmony/HM07BCN-1495935620?sail-date=2026-05-31&currency=EUR&country=IRL,HM07BCN-1495935620,Western Mediterranean Cruise,7,Harmony of the Seas,HM,"Barcelona, Spain",BCN,"Barcelona, Spain - Palma de Mallorca, Spain - Provence (Marseille), France - Florence/Pisa (La Spezia), Italy - Rome (Civitavecchia), Italy - Naples/Capri, Italy - Barcelona, Spain",HM07BCN-1495935620-2026-05-24,2026-05-24,Interior,1330
2025-11-22T22:09:05.857590,"https://www.royalcaribbean.com/gbr/en/cruises?search=departurePort:BCN,BYE,FLL,LAX,MIA,ROM,SIN,YOK|nights:6~8,9~11,gte12|ship:AL,AN,HM,IC,LE,OA,OV,OY,QN,ST,SY,UT,WN&country=IRL&market=gbr&language=en",https://www.royalcaribbean.com/gbr/en/cruises/itinerary/7-night-western-mediterranean-from-barcelona-on-harmony/HM07BCN-1495935620?sail-date=2026-05-31&currency=EUR&country=IRL,HM07BCN-1495935620,Western Mediterranean Cruise,7,Harmony of the Seas,HM,"Barcelona, Spain",BCN,"Barcelona, Spain - Palma de Mallorca, Spain - Provence (Marseille), France - Florence/Pisa (La Spezia), Italy - Rome (Civitavecchia), Italy - Naples/Capri, Italy - Barcelona, Spain",HM07BCN-1495935620-2026-05-24,2026-05-24,Ocean View,1520
2025-11-22T22:09:05.857590,"https://www.royalcaribbean.com/gbr/en/cruises?search=departurePort:BCN,BYE,FLL,LAX,MIA,ROM,SIN,YOK|nights:6~8,9~11,gte12|ship:AL,AN,HM,IC,LE,OA,OV,OY,QN,ST,SY,UT,WN&country=IRL&market=gbr&language=en",https://www.royalcaribbean.com/gbr/en/cruises/itinerary/7-night-western-mediterranean-from-barcelona-on-harmony/HM07BCN-1495935620?sail-date=2026-05-31&currency=EUR&country=IRL,HM07BCN-1495935620,Western Mediterranean Cruise,7,Harmony of the Seas,HM,"Barcelona, Spain",BCN,"Barcelona, Spain - Palma de Mallorca, Spain - Provence (Marseille), France - Florence/Pisa (La Spezia), Italy - Rome (Civitavecchia), Italy - Naples/Capri, Italy - Barcelona, Spain",HM07BCN-1495935620-2026-05-24,2026-05-24,Balcony,1524
2025-11-22T22:09:05.857590,"https://www.royalcaribbean.com/gbr/en/cruises?search=departurePort:BCN,BYE,FLL,LAX,MIA,ROM,SIN,YOK|nights:6~8,9~11,gte12|ship:AL,AN,HM,IC,LE,OA,OV,OY,QN,ST,SY,UT,WN&country=IRL&market=gbr&language=en",https://www.royalcaribbean.com/gbr/en/cruises/itinerary/7-night-western-mediterranean-from-barcelona-on-harmony/HM07BCN-1495935620?sail-date=2026-05-31&currency=EUR&country=IRL,HM07BCN-1495935620,Western Mediterranean Cruise,7,Harmony of the Seas,HM,"Barcelona, Spain",BCN,"Barcelona, Spain - Palma de Mallorca, Spain - Provence (Marseille), France - Florence/Pisa (La Spezia), Italy - Rome (Civitavecchia), Italy - Naples/Capri, Italy - Barcelona, Spain",HM07BCN-1495935620-2026-05-24,2026-05-24,Suite Guarantee,3164
2025-11-22T22:09:05.857590,"https://www.royalcaribbean.com/gbr/en/cruises?search=departurePort:BCN,BYE,FLL,LAX,MIA,ROM,SIN,YOK|nights:6~8,9~11,gte12|ship:AL,AN,HM,IC,LE,OA,OV,OY,QN,ST,SY,UT,WN&country=IRL&market=gbr&language=en",https://www.royalcaribbean.com/gbr/en/cruises/itinerary/7-night-western-mediterranean-from-barcelona-on-harmony/HM07BCN-1495935620?sail-date=2026-05-31&currency=EUR&country=IRL,HM07BCN-1495935620,Western Mediterranean Cruise,7,Harmony of the Seas,HM,"Barcelona, Spain",BCN,"Barcelona, Spain - Palma de Mallorca, Spain - Provence (Marseille), France - Florence/Pisa (La Spezia), Italy - Rome (Civitavecchia), Italy - Naples/Capri, Italy - Barcelona, Spain",HM07BCN-1495935620-2026-05-24,2026-05-24,We Choose Your Suite,3150
2025-11-22T22:09:05.857590,"https://www.royalcaribbean.com/gbr/en/cruises?search=departurePort:BCN,BYE,FLL,LAX,MIA,ROM,SIN,YOK|nights:6~8,9~11,gte12|ship:AL,AN,HM,IC,LE,OA,OV,OY,QN,ST,SY,UT,WN&country=IRL&market=gbr&language=en",https://www.royalcaribbean.com/gbr/en/cruises/itinerary/7-night-western-mediterranean-from-barcelona-on-harmony/HM07BCN-1495935620?sail-date=2026-05-31&currency=EUR&country=IRL,HM07BCN-1495935620,Western Mediterranean Cruise,7,Harmony of the Seas,HM,"Barcelona, Spain",BCN,"Barcelona, Spain - Palma de Mallorca, Spain - Provence (Marseille), France - Florence/Pisa (La Spezia), Italy - Rome (Civitavecchia), Italy - Naples/Capri, Italy - Barcelona, Spain",HM07BCN-1495935620-2026-05-24,2026-05-24,Junior Suite,3476
2025-11-22T22:09:05.857590,"https://www.royalcaribbean.com/gbr/en/cruises?search=departurePort:BCN,BYE,FLL,LAX,MIA,ROM,SIN,YOK|nights:6~8,9~11,gte12|ship:AL,AN,HM,IC,LE,OA,OV,OY,QN,ST,SY,UT,WN&country=IRL&market=gbr&language=en",https://www.royalcaribbean.com/gbr/en/cruises/itinerary/7-night-western-mediterranean-from-barcelona-on-harmony/HM07BCN-1495935620?sail-date=2026-05-31&currency=EUR&country=IRL,HM07BCN-1495935620,Western Mediterranean Cruise,7,Harmony of the Seas,HM,"Barcelona, Spain",BCN,"Barcelona, Spain - Palma de Mallorca, Spain - Provence (Marseille), France - Florence/Pisa (La Spezia), Italy - Rome (Civitavecchia), Italy - Naples/Capri, Italy - Barcelona, Spain",HM07BCN-1495935620-2026-05-24,2026-05-24,Sky Junior Suite,3974
2025-11-22T22:09:05.857590,"https://www.royalcaribbean.com/gbr/en/cruises?search=departurePort:BCN,BYE,FLL,LAX,MIA,ROM,SIN,YOK|nights:6~8,9~11,gte12|ship:AL,AN,HM,IC,LE,OA,OV,OY,QN,ST,SY,UT,WN&country=IRL&market=gbr&language=en",https://www.royalcaribbean.com/gbr/en/cruises/itinerary/7-night-western-mediterranean-from-barcelona-on-harmony/HM07BCN-1495935620?sail-date=2026-05-31&currency=EUR&country=IRL,HM07BCN-1495935620,Western Mediterranean Cruise,7,Harmony of the Seas,HM,"Barcelona, Spain",BCN,"Barcelona, Spain - Palma de Mallorca, Spain - Provence (Marseille), France - Florence/Pisa (La Spezia), Italy - Rome (Civitavecchia), Italy - Naples/Capri, Italy - Barcelona, Spain",HM07BCN-1495935620-2026-05-24,2026-05-24,Grand Suite 1 Bedroom,4967
2025-11-22T22:09:05.857590,"https://www.royalcaribbean.com/gbr/en/cruises?search=departurePort:BCN,BYE,FLL,LAX,MIA,ROM,SIN,YOK|nights:6~8,9~11,gte12|ship:AL,AN,HM,IC,LE,OA,OV,OY,QN,ST,SY,UT,WN&country=IRL&market=gbr&language=en",https://www.royalcaribbean.com/gbr/en/cruises/itinerary/7-night-western-mediterranean-from-barcelona-on-harmony/HM07BCN-1495935620?sail-date=2026-05-31&currency=EUR&country=IRL,HM07BCN-1495935620,Western Mediterranean Cruise,7,Harmony of the Seas,HM,"Barcelona, Spain",BCN,"Barcelona, Spain - Palma de Mallorca, Spain - Provence (Marseille), France - Florence/Pisa (La Spezia), Italy - Rome (Civitavecchia), Italy - Naples/Capri, Italy - Barcelona, Spain",HM07BCN-1495935620-2026-05-24,2026-05-24,Crown Loft Suite,5215
2025-11-22T22:09:05.857590,"https://www.royalcaribbean.com/gbr/en/cruises?search=departurePort:BCN,BYE,FLL,LAX,MIA,ROM,SIN,YOK|nights:6~8,9~11,gte12|ship:AL,AN,HM,IC,LE,OA,OV,OY,QN,ST,SY,UT,WN&country=IRL&market=gbr&language=en",https://www.royalcaribbean.com/gbr/en/cruises/itinerary/7-night-western-mediterranean-from-barcelona-on-harmony/HM07BCN-1495935620?sail-date=2026-05-31&currency=EUR&country=IRL,HM07BCN-1495935620,Western Mediterranean Cruise,7,Harmony of the Seas,HM,"Barcelona, Spain",BCN,"Barcelona, Spain - Palma de Mallorca, Spain - Provence (Marseille), France - Florence/Pisa (La Spezia), Italy - Rome (Civitavecchia), Italy - Naples/Capri, Italy - Barcelona, Spain",HM07BCN-1495935620-2026-05-24,2026-05-24,Owners Suite 1 Bedroom,5738
2025-11-22T22:09:05.857590,"https://www.royalcaribbean.com/gbr/en/cruises?search=departurePort:BCN,BYE,FLL,LAX,MIA,ROM,SIN,YOK|nights:6~8,9~11,gte12|ship:AL,AN,HM,IC,LE,OA,OV,OY,QN,ST,SY,UT,WN&country=IRL&market=gbr&language=en",https://www.royalcaribbean.com/gbr/en/cruises/itinerary/7-night-western-mediterranean-from-barcelona-on-harmony/HM07BCN-1495935620?sail-date=2026-05-31&currency=EUR&country=IRL,HM07BCN-1495935620,Western Mediterranean Cruise,7,Harmony of the Seas,HM,"Barcelona, Spain",BCN,"Barcelona, Spain - Palma de Mallorca, Spain - Provence (Marseille), France - Florence/Pisa (La Spezia), Italy - Rome (Civitavecchia), Italy - Naples/Capri, Italy - Barcelona, Spain",HM07BCN-1495935620-2026-05-24,2026-05-24,Spacious Aquatheater Suite 1 Bedroom,6199
2025-11-22T22:09:05.857590,"https://www.royalcaribbean.com/gbr/en/cruises?search=departurePort:BCN,BYE,FLL,LAX,MIA,ROM,SIN,YOK|nights:6~8,9~11,gte12|ship:AL,AN,HM,IC,LE,OA,OV,OY,QN,ST,SY,UT,WN&country=IRL&market=gbr&language=en",https://www.royalcaribbean.com/gbr/en/cruises/itinerary/7-night-western-mediterranean-from-barcelona-on-harmony/HM07BCN-1495935620?sail-date=2026-05-31&currency=EUR&country=IRL,HM07BCN-1495935620,Western Mediterranean Cruise,7,Harmony of the Seas,HM,"Barcelona, Spain",BCN,"Barcelona, Spain - Palma de Mallorca, Spain - Provence (Marseille), France - Florence/Pisa (La Spezia), Italy - Rome (Civitavecchia), Italy - Naples/Capri, Italy - Barcelona, Spain",HM07BCN-1495935620-2026-06-07,2026-06-07,Interior,1194
2025-11-22T22:09:05.857590,"https://www.royalcaribbean.com/gbr/en/cruises?search=departurePort:BCN,BYE,FLL,LAX,MIA,ROM,SIN,YOK|nights:6~8,9~11,gte12|ship:AL,AN,HM,IC,LE,OA,OV,OY,QN,ST,SY,UT,WN&country=IRL&market=gbr&language=en",https://www.royalcaribbean.com/gbr/en/cruises/itinerary/7-night-western-mediterranean-from-barcelona-on-harmony/HM07BCN-1495935620?sail-date=2026-05-31&currency=EUR&country=IRL,HM07BCN-1495935620,Western Mediterranean Cruise,7,Harmony of the Seas,HM,"Barcelona, Spain",BCN,"Barcelona, Spain - Palma de Mallorca, Spain - Provence (Marseille), France - Florence/Pisa (La Spezia), Italy - Rome (Civitavecchia), Italy - Naples/Capri, Italy - Barcelona, Spain",HM07BCN-1495935620-2026-06-07,2026-06-07,Ocean View,1374
2025-11-22T22:09:05.857590,"https://www.royalcaribbean.com/gbr/en/cruises?search=departurePort:BCN,BYE,FLL,LAX,MIA,ROM,SIN,YOK|nights:6~8,9~11,gte12|ship:AL,AN,HM,IC,LE,OA,OV,OY,QN,ST,SY,UT,WN&country=IRL&market=gbr&language=en",https://www.royalcaribbean.com/gbr/en/cruises/itinerary/7-night-western-mediterranean-from-barcelona-on-harmony/HM07BCN-1495935620?sail-date=2026-05-31&currency=EUR&country=IRL,HM07BCN-1495935620,Western Mediterranean Cruise,7,Harmony of the Seas,HM,"Barcelona, Spain",BCN,"Barcelona, Spain - Palma de Mallorca, Spain - Provence (Marseille), France - Florence/Pisa (La Spezia), Italy - Rome (Civitavecchia), Italy - Naples/Capri, Italy - Barcelona, Spain",HM07BCN-1495935620-2026-06-07,2026-06-07,Balcony,1376
2025-11-22T22:09:05.857590,"https://www.royalcaribbean.com/gbr/en/cruises?search=departurePort:BCN,BYE,FLL,LAX,MIA,ROM,SIN,YOK|nights:6~8,9~11,gte12|ship:AL,AN,HM,IC,LE,OA,OV,OY,QN,ST,SY,UT,WN&country=IRL&market=gbr&language=en",https://www.royalcaribbean.com/gbr/en/cruises/itinerary/7-night-western-mediterranean-from-barcelona-on-harmony/HM07BCN-1495935620?sail-date=2026-05-31&currency=EUR&country=IRL,HM07BCN-1495935620,Western Mediterranean Cruise,7,Harmony of the Seas,HM,"Barcelona, Spain",BCN,"Barcelona, Spain - Palma de Mallorca, Spain - Provence (Marseille), France - Florence/Pisa (La Spezia), Italy - Rome (Civitavecchia), Italy - Naples/Capri, Italy - Barcelona, Spain",HM07BCN-1495935620-2026-06-07,2026-06-07,Suite Guarantee,3109
2025-11-22T22:09:05.857590,"https://www.royalcaribbean.com/gbr/en/cruises?search=departurePort:BCN,BYE,FLL,LAX,MIA,ROM,SIN,YOK|nights:6~8,9~11,gte12|ship:AL,AN,HM,IC,LE,OA,OV,OY,QN,ST,SY,UT,WN&country=IRL&market=gbr&language=en",https://www.royalcaribbean.com/gbr/en/cruises/itinerary/7-night-western-mediterranean-from-barcelona-on-harmony/HM07BCN-1495935620?sail-date=2026-05-31&currency=EUR&country=IRL,HM07BCN-1495935620,Western Mediterranean Cruise,7,Harmony of the Seas,HM,"Barcelona, Spain",BCN,"Barcelona, Spain - Palma de Mallorca, Spain - Provence (Marseille), France - Florence/Pisa (La Spezia), Italy - Rome (Civitavecchia), Italy - Naples/Capri, Italy - Barcelona, Spain",HM07BCN-1495935620-2026-06-07,2026-06-07,We Choose Your Suite,3150
2025-11-22T22:09:05.857590,"https://www.royalcaribbean.com/gbr/en/cruises?search=departurePort:BCN,BYE,FLL,LAX,MIA,ROM,SIN,YOK|nights:6~8,9~11,gte12|ship:AL,AN,HM,IC,LE,OA,OV,OY,QN,ST,SY,UT,WN&country=IRL&market=gbr&language=en",https://www.royalcaribbean.com/gbr/en/cruises/itinerary/7-night-western-mediterranean-from-barcelona-on-harmony/HM07BCN-1495935620?sail-date=2026-05-31&currency=EUR&country=IRL,HM07BCN-1495935620,Western Mediterranean Cruise,7,Harmony of the Seas,HM,"Barcelona, Spain",BCN,"Barcelona, Spain - Palma de Mallorca, Spain - Provence (Marseille), France - Florence/Pisa (La Spezia), Italy - Rome (Civitavecchia), Italy - Naples/Capri, Italy - Barcelona, Spain",HM07BCN-1495935620-2026-06-07,2026-06-07,Junior Suite,3476
2025-11-22T22:09:05.857590,"https://www.royalcaribbean.com/gbr/en/cruises?search=departurePort:BCN,BYE,FLL,LAX,MIA,ROM,SIN,YOK|nights:6~8,9~11,gte12|ship:AL,AN,HM,IC,LE,OA,OV,OY,QN,ST,SY,UT,WN&country=IRL&market=gbr&language=en",https://www.royalcaribbean.com/gbr/en/cruises/itinerary/7-night-western-mediterranean-from-barcelona-on-harmony/HM07BCN-1495935620?sail-date=2026-05-31&currency=EUR&country=IRL,HM07BCN-1495935620,Western Mediterranean Cruise,7,Harmony of the Seas,HM,"Barcelona, Spain",BCN,"Barcelona, Spain - Palma de Mallorca, Spain - Provence (Marseille), France - Florence/Pisa (La Spezia), Italy - Rome (Civitavecchia), Italy - Naples/Capri, Italy - Barcelona, Spain",HM07BCN-1495935620-2026-06-07,2026-06-07,Sky Junior Suite,3974
2025-11-22T22:09:05.857590,"https://www.royalcaribbean.com/gbr/en/cruises?search=departurePort:BCN,BYE,FLL,LAX,MIA,ROM,SIN,YOK|nights:6~8,9~11,gte12|ship:AL,AN,HM,IC,LE,OA,OV,OY,QN,ST,SY,UT,WN&country=IRL&market=gbr&language=en",https://www.royalcaribbean.com/gbr/en/cruises/itinerary/7-night-western-mediterranean-from-barcelona-on-harmony/HM07BCN-1495935620?sail-date=2026-05-31&currency=EUR&country=IRL,HM07BCN-1495935620,Western Mediterranean Cruise,7,Harmony of the Seas,HM,"Barcelona, Spain",BCN,"Barcelona, Spain - Palma de Mallorca, Spain - Provence (Marseille), France - Florence/Pisa (La Spezia), Italy - Rome (Civitavecchia), Italy - Naples/Capri, Italy - Barcelona, Spain",HM07BCN-1495935620-2026-06-07,2026-06-07,Grand Suite 1 Bedroom,4967
2025-11-22T22:09:05.857590,"https://www.royalcaribbean.com/gbr/en/cruises?search=departurePort:BCN,BYE,FLL,LAX,MIA,ROM,SIN,YOK|nights:6~8,9~11,gte12|ship:AL,AN,HM,IC,LE,OA,OV,OY,QN,ST,SY,UT,WN&country=IRL&market=gbr&language=en",https://www.royalcaribbean.com/gbr/en/cruises/itinerary/7-night-western-mediterranean-from-barcelona-on-harmony/HM07BCN-1495935620?sail-date=2026-05-31&currency=EUR&country=IRL,HM07BCN-1495935620,Western Mediterranean Cruise,7,Harmony of the Seas,HM,"Barcelona, Spain",BCN,"Barcelona, Spain - Palma de Mallorca, Spain - Provence (Marseille), France - Florence/Pisa (La Spezia), Italy - Rome (Civitavecchia), Italy - Naples/Capri, Italy - Barcelona, Spain",HM07BCN-1495935620-2026-06-07,2026-06-07,Crown Loft Suite,5215
2025-11-22T22:09:05.857590,"https://www.royalcaribbean.com/gbr/en/cruises?search=departurePort:BCN,BYE,FLL,LAX,MIA,ROM,SIN,YOK|nights:6~8,9~11,gte12|ship:AL,AN,HM,IC,LE,OA,OV,OY,QN,ST,SY,UT,WN&country=IRL&market=gbr&language=en",https://www.royalcaribbean.com/gbr/en/cruises/itinerary/7-night-western-mediterranean-from-barcelona-on-harmony/HM07BCN-1495935620?sail-date=2026-05-31&currency=EUR&country=IRL,HM07BCN-1495935620,Western Mediterranean Cruise,7,Harmony of the Seas,HM,"Barcelona, Spain",BCN,"Barcelona, Spain - Palma de Mallorca, Spain - Provence (Marseille), France - Florence/Pisa (La Spezia), Italy - Rome (Civitavecchia), Italy - Naples/Capri, Italy - Barcelona, Spain",HM07BCN-1495935620-2026-06-07,2026-06-07,Owners Suite 1 Bedroom,5738
2025-11-22T22:09:05.857590,"https://www.royalcaribbean.com/gbr/en/cruises?search=departurePort:BCN,BYE,FLL,LAX,MIA,ROM,SIN,YOK|nights:6~8,9~11,gte12|ship:AL,AN,HM,IC,LE,OA,OV,OY,QN,ST,SY,UT,WN&country=IRL&market=gbr&language=en",https://www.royalcaribbean.com/gbr/en/cruises/itinerary/7-night-western-mediterranean-from-barcelona-on-harmony/HM07BCN-1495935620?sail-date=2026-05-31&currency=EUR&country=IRL,HM07BCN-1495935620,Western Mediterranean Cruise,7,Harmony of the Seas,HM,"Barcelona, Spain",BCN,"Barcelona, Spain - Palma de Mallorca, Spain - Provence (Marseille), France - Florence/Pisa (La Spezia), Italy - Rome (Civitavecchia), Italy - Naples/Capri, Italy - Barcelona, Spain",HM07BCN-1495935620-2026-06-07,2026-06-07,Spacious Aquatheater Suite 1 Bedroom,6199
